{
  "parent": "challenge:archeology_not_end",
  "display": {
    "icon": {
      "id": "water_bucket"
    },
    "title": {
      "translate": "challenge.advanced_farlander"
    },
    "description": {
      "translate": "challenge.advanced_farlander.desc"
    },
    "frame": "challenge",
    "announce_to_chat": false
  },
  "rewards": {
    "experience": 300000,
    "function": "msg/advanced_farlander"
  },
  "criteria": {
    "edge_of_world": {
      "trigger": "tick",
      "conditions": {
        "player": {
          "location": {
            "position": {
              "x": {
                "min": 29999982
              }
            }
          }
        }
      }
    },
    "edge_of_world_minus": {
      "trigger": "tick",
      "conditions": {
        "player": {
          "location": {
            "position": {
              "x": {
                "max": -29999982
              }
            }
          }
        }
      }
    },
    "edge_of_world_z": {
      "trigger": "tick",
      "conditions": {
        "player": {
          "location": {
            "position": {
              "z": {
                "min": 29999982
              }
            }
          }
        }
      }
    },
    "edge_of_world_z_minus": {
      "trigger": "tick",
      "conditions": {
        "player": {
          "location": {
            "position": {
              "z": {
                "max": -29999982
              }
            }
          }
        }
      }
    }
  },
  "requirements": [
    [
      "edge_of_world",
      "edge_of_world_minus",
      "edge_of_world_z",
      "edge_of_world_z_minus"
    ]
  ]
}
