{
  "display": {
    "icon": {
      "id": "brush"
    },
    "title": {
      "translate": "challenge.archeology_not_end"
    },
    "description": {
      "translate": "challenge.archeology_not_end.desc"
    },
    "frame": "challenge",
    "announce_to_chat": false
  },
  "parent": "challenge:we_didnt_get_here",
  "criteria": {
    "requirement": {
      "trigger": "tick",
      "conditions": {
        "player": {
          "type_specific": {
            "type": "player",
            "stats": [
              {
                "type": "broken",
                "stat": "brush",
                "value": {
                  "min": 100
                }
              }
            ]
          }
        }
      }
    }
  },
  "rewards": {
    "function": "msg/archeology_not_end",
    "experience": 300000
  }
}
