{
  "parent": "challenge:kill_warden",
  "display": {
    "icon": {
      "id": "bedrock"
    },
    "title": {
      "translate": "challenge.block_void_damage"
    },
    "description": {
      "translate": "challenge.block_void_damage.desc"
    },
    "frame": "challenge",
    "announce_to_chat": false
  },
  "rewards": {
    "experience": 300000,
    "function": "msg/block_void_damage"
  },
  "criteria": {
    "world_bottom": {
      "trigger": "tick",
      "conditions": {
        "player": {
          "location": {
            "position": {
              "y": {
                "max": -5000
              }
            }
          }
        }
      }
    }
  }
}
