{
  "display": {
    "icon": {
      "id": "netherite_hoe"
    },
    "title": {
      "translate": "challenge.break_hoe"
    },
    "description": {
      "translate": "challenge.break_hoe.desc"
    },
    "frame": "challenge",
    "announce_to_chat": false
  },
  "parent": "challenge:void_hunter",
  "criteria": {
    "broke_hoe": {
      "trigger": "item_durability_changed",
      "conditions": {
        "durability": {
          "max": 0
        },
        "item": {
          "items": [
            "netherite_hoe"
          ],
          "predicates": {
            "enchantments": [
              {
                "enchantments": "unbreaking",
                "levels": 3
              }
            ]
          }
        }
      }
    }
  },
  "rewards": {
    "function": "msg/break_hoe",
    "experience": 300000
  }
}
