{
  "display": {
    "icon": {
      "id": "target"
    },
    "title": {
      "translate": "challenge.bullseye_2"
    },
    "description": {
      "translate": "challenge.bullseye_2.desc"
    },
    "frame": "challenge",
    "announce_to_chat": false
  },
  "parent": "challenge:break_hoe",
  "criteria": {
    "bullseye": {
      "trigger": "target_hit",
      "conditions": {
        "projectile": [
          {
            "condition": "entity_properties",
            "entity": "this",
            "predicate": {
              "distance": {
                "horizontal": {
                  "min": 100
                }
              }
            }
          }
        ],
        "signal_strength": {
          "min": 15
        }
      }
    }
  },
  "rewards": {
    "experience": 300000,
    "function": "msg/bullseye_2"
  }
}
