{
	"display": {
		"icon": {
			"id": "bookshelf"
		},
		"title": {
			"translate": "challenge.huge_library"
		},
		"description": {
			"translate": "challenge.huge_library.desc"
		},
		"frame": "challenge",
		"announce_to_chat": false
	},
	"parent": "challenge:bullseye_2",
	"rewards": {
		"experience": 300000,
		"function": "msg/huge_library"
	},
	"criteria": {
		"bookshelf": {
			"trigger": "tick",
			"conditions": {
				"player": {
					"type_specific": {
						"type": "player",
						"stats": [
							{
								"type": "crafted",
								"stat": "chiseled_bookshelf",
								"value": {
									"min": 1000
								}
							}
						]
					}
				}
			}
		}
	}
}
