{
  "parent": "challenge:advanced_farlander",
  "display": {
    "icon": {
      "id": "sculk_sensor"
    },
    "title": {
      "translate": "challenge.kill_warden"
    },
    "description": {
      "translate": "challenge.kill_warden.desc"
    },
    "frame": "challenge",
    "announce_to_chat": false
  },
  "rewards": {
    "experience": 300000,
    "function": "msg/kill_warden"
  },
  "criteria": {
    "killed": {
      "trigger": "player_killed_entity",
      "conditions": {
        "entity": [
          {
            "condition": "entity_properties",
            "predicate": {
              "type": "warden"
            },
            "entity": "this"
          }
        ],
        "player": {
          "effects": {
            "slowness": {},
            "weakness": {},
            "poison": {},
            "wither": {},
            "mining_fatigue": {},
            "levitation": {},
            "hunger": {},
            "nausea": {},
            "blindness": {},
            "bad_omen": {},
            "darkness": {},
            "weaving": {},
            "wind_charged": {},
            "infested": {},
            "oozing": {},
            "raid_omen": {},
            "trial_omen": {}
          }
        }
      }
    }
  }
}
