{
  "display": {
    "icon": {
      "id": "ender_eye"
    },
    "title": {
      "translate": "challenge.no_eye_spy"
    },
    "description": [
      {
        "translate": "challenge.no_eye_spy.desc"
      },
      {
        "translate": "challenge.no_eye_spy.desc.2",
        "color": "red"
      }
    ],
    "frame": "challenge",
    "announce_to_chat": false
  },
  "parent": "challenge:survive_365_gamedays",
  "criteria": {
    "nether_travel": {
      "trigger": "changed_dimension",
      "conditions": {
        "player": {
          "type_specific": {
            "type": "player",
            "advancements": {
              "story/follow_ender_eye": false
            }
          },
          "location": {
            "structures": "stronghold"
          }
        },
        "from": "the_nether",
        "to": "overworld"
      }
    }
  },
  "rewards": {
    "experience": 300000,
    "function": "msg/no_eye_spy"
  }
}
