{
  "display": {
    "icon": {
      "id": "arrow"
    },
    "title": {
      "translate": "challenge.oneshot"
    },
    "description": {
      "translate": "challenge.oneshot.desc"
    },
    "frame": "challenge",
    "announce_to_chat": false
  },
  "parent": "challenge:speedrun",
  "criteria": {
    "oneshot": {
      "trigger": "player_hurt_entity",
      "conditions": {
        "damage": {
          "taken": {
            "min": 199
          },
          "type": {
            "tags": [
              {
                "id": "is_projectile",
                "expected": true
              }
            ]
          }
        },
        "entity": {
          "type": "ender_dragon"
        }
      }
    }
  },
  "rewards": {
    "function": "msg/oneshot",
    "experience": 300000
  }
}
