{
  "parent": "challenge:two_wardens_one_arrow",
  "criteria": {
    "overoveroverkill": {
      "conditions": {
        "damage": {
          "type": {
            "direct_entity": {
              "type": "player",
              "equipment": {
                "mainhand": {
                  "items": "mace"
                }
              }
            },
            "tags": [
              {
                "expected": true,
                "id": "is_player_attack"
              }
            ]
          },
          "taken": {
            "min": 1500
          }
        }
      },
      "trigger": "player_hurt_entity"
    }
  },
  "display": {
    "description": {
      "translate": "challenge.overoveroverkill.desc"
    },
    "frame": "challenge",
    "announce_to_chat": false,
    "icon": {
      "id": "mace"
    },
    "title": {
      "translate": "challenge.overoveroverkill"
    }
  },
  "rewards": {
    "experience": 300000,
    "function": "msg/overoveroverkill"
  }
}