{
  "display": {
    "icon": {
      "id": "ender_eye"
    },
    "title": {
      "translate": "challenge.speedrun"
    },
    "description": {
      "translate": "challenge.speedrun.desc"
    },
    "frame": "challenge",
    "announce_to_chat": false
  },
  "parent": "challenge:block_void_damage",
  "criteria": {
    "speedrun": {
      "trigger": "player_killed_entity",
      "conditions": {
        "player": {
          "type_specific": {
            "type": "player",
            "stats": [
              {
                "type": "custom",
                "stat": "play_time",
                "value": {
                  "max": 36000
                }
              }
            ]
          }
        },
        "entity": {
          "type": "ender_dragon"
        }
      }
    }
  },
  "rewards": {
    "function": "msg/speedrun",
    "experience": 300000
  }
}
