{
	"display": {
		"icon": {
			"id": "firework_rocket"
		},
		"title": {
			"translate": "challenge.survive_365_gamedays"
		},
		"description": {
			"translate": "challenge.survive_365_gamedays.desc"
		},
		"frame": "challenge",
		"announce_to_chat": false
	},
	"parent": "challenge:stack_netherite_block",
	"rewards": {
		"experience": 300000,
		"function": "msg/survive_365_gamedays"
	},
	"criteria": {
		"played_time": {
			"trigger": "tick",
			"conditions": {
				"player": {
					"type_specific": {
						"type": "player",
						"stats": [
							{
								"type": "custom",
								"stat": "play_time",
								"value": {
									"min": 8760000
								}
							}
						]
					},
					"location": {
						"player": {
							"type_specific": {
								"type": "player",
								"stats": [
									{
										"type": "custom",
										"stat": "play_time",
										"value": {
											"min": 8760000
										}
									}
								]
							}
						}
					}
				}
			}
		}
	}
}
