{
  "parent": "challenge:oneshot",
  "display": {
    "icon": {
      "id": "crossbow"
    },
    "title": {
      "translate": "challenge.two_wardens_one_arrow"
    },
    "description": {
      "translate": "challenge.two_wardens_one_arrow.desc"
    },
    "frame": "challenge",
    "announce_to_chat": false
  },
  "rewards": {
    "function": "msg/two_wardens_one_arrow",
    "experience": 300000
  },
  "criteria": {
    "two_birds": {
      "trigger": "killed_by_crossbow",
      "conditions": {
        "victims": [
          [
            {
              "condition": "entity_properties",
              "predicate": {
                "type": "warden"
              },
              "entity": "this"
            }
          ],
          [
            {
              "condition": "entity_properties",
              "predicate": {
                "type": "warden"
              },
              "entity": "this"
            }
          ]
        ]
      }
    }
  }
}
