{
  "display": {
    "icon": {
      "id": "bucket"
    },
    "title": {
      "translate": "challenge.we_didnt_get_here"
    },
    "description": {
      "translate": "challenge.we_didnt_get_here.desc"
    },
    "frame": "challenge",
    "announce_to_chat": false
  },
  "parent": "challenge:huge_library",
  "criteria": {
    "requirement": {
      "trigger": "player_killed_entity",
      "conditions": {
        "player": {
          "effects": {
            "speed": {},
            "slowness": {},
            "strength": {},
            "jump_boost": {},
            "regeneration": {},
            "fire_resistance": {},
            "water_breathing": {},
            "invisibility": {},
            "night_vision": {},
            "weakness": {},
            "poison": {},
            "wither": {},
            "haste": {},
            "mining_fatigue": {},
            "levitation": {},
            "glowing": {},
            "absorption": {},
            "hunger": {},
            "nausea": {},
            "resistance": {},
            "slow_falling": {},
            "conduit_power": {},
            "dolphins_grace": {},
            "blindness": {},
            "bad_omen": {},
            "darkness": {},
            "hero_of_the_village": {},
            "weaving": {},
            "wind_charged": {},
            "infested": {},
            "oozing": {},
            "raid_omen": {},
            "trial_omen": {}
          }
        },
        "entity": {
          "type": "zombie",
          "effects": {
            "speed": {},
            "slowness": {},
            "strength": {},
            "jump_boost": {},
            "regeneration": {},
            "fire_resistance": {},
            "water_breathing": {},
            "invisibility": {},
            "night_vision": {},
            "weakness": {},
            "poison": {},
            "slow_falling": {},
            "resistance": {},
            "weaving": {},
            "wind_charged": {},
            "infested": {},
            "oozing": {}
          }
        }
      }
    }
  },
  "rewards": {
    "function": "msg/we_didnt_get_here",
    "experience": 300000
  }
}
