{
  "display": {
    "icon": {
      "id": "chest"
    },
    "title": {
      "translate": "adv.adventure.all_chests"
    },
    "description": {
      "translate": "adv.adventure.all_chests.desc"
    },
    "frame": "challenge"
  },
  "parent": "adventure/get_chest",
  "criteria": {
    "requirement": {
      "trigger": "inventory_changed",
      "conditions": {
        "items": [
          {
            "items": [
              "chest"
            ],
            "count": 32
          },
          {
            "items": [
              "trapped_chest"
            ],
            "count": 32
          },
          {
            "items": [
              "barrel"
            ],
            "count": 32
          }
        ]
      }
    }
  },
  "rewards": {
    "experience": 300
  }
}
