{
  "parent": "adventure/two_birds_one_arrow",
  "display": {
    "icon": {
      "id": "crossbow"
    },
    "title": {
      "translate": "advancements.adventure.arbalistic.title"
    },
    "description": {
      "translate": "advancements.adventure.arbalistic.description"
    },
    "frame": "challenge"
  },
  "rewards": {
    "experience": 300
  },
  "criteria": {
    "arbalistic": {
      "trigger": "killed_by_crossbow",
      "conditions": {
        "unique_entity_types": 5
      }
    }
  }
}
