{
  "display": {
    "icon": {
      "id": "bell"
    },
    "title": {
      "translate": "adv.adventure.bell"
    },
    "description": {
      "translate": "adv.adventure.bell.desc"
    }
  },
  "parent": "adventure/trigged_raid",
  "criteria": {
    "bell": {
      "trigger": "item_used_on_block",
      "conditions": {
        "location": [
          {
            "condition": "minecraft:match_tool",
            "predicate": {
              "items": [
                "bell"
              ]
            }
          }
        ]
      }
    }
  },
  "rewards": {
    "experience": 20
  }
}
