{
  "display": {
    "icon": {
      "id": "arrow"
    },
    "title": {
      "translate": "adv.adventure.blind_shoot"
    },
    "description": {
      "translate": "adv.adventure.blind_shoot.desc"
    },
    "frame": "challenge"
  },
  "parent": "adventure/super_sniper",
  "criteria": {
    "killed_skeleton": {
      "trigger": "player_killed_entity",
      "conditions": {
        "player": {
          "effects": {
            "blindness": {}
          }
        },
        "entity": [
          {
            "condition": "entity_properties",
            "entity": "this",
            "predicate": {
              "distance": {
                "horizontal": {
                  "min": 10
                }
              }
            }
          }
        ],
        "killing_blow": {
          "tags": [
            {
              "id": "is_projectile",
              "expected": true
            }
          ]
        }
      }
    }
  },
  "rewards": {
    "experience": 200
  }
}
