{
  "display": {
    "icon": {
      "id": "wind_charge"
    },
    "title": {
      "translate": "advancements.adventure.blowback.title"
    },
    "description": {
      "translate": "advancements.adventure.blowback.description"
    },
    "frame": "challenge"
  },
  "parent": "adventure/who_needs_rockets",
  "criteria": {
    "blowback": {
      "trigger": "player_killed_entity",
      "conditions": {
        "entity": [
          {
            "condition": "entity_properties",
            "entity": "this",
            "predicate": {
              "type": "breeze"
            }
          }
        ],
        "killing_blow": {
          "tags": [
            {
              "id": "is_projectile",
              "expected": true
            }
          ],
          "direct_entity": {
            "type": "breeze_wind_charge"
          }
        }
      }
    }
  },
  "rewards": {
    "experience": 50
  }
}
