{
  "display": {
    "icon": {
      "id": "armadillo_scute"
    },
    "title": {
      "translate": "adv.adventure.brush_armadillo_stack"
    },
    "description": {
      "translate": "adv.adventure.brush_armadillo_stack.desc"
    },
    "frame": "goal"
  },
  "parent": "adventure/brush_armadillo",
  "criteria": {
    "requirement": {
      "trigger": "inventory_changed",
      "conditions": {
        "items": [
          {
            "items": [
              "armadillo_scute"
            ],
            "count": 64
          }
        ]
      }
    }
  },
  "rewards": {
    "experience": 50
  }
}
