{
  "parent": "adventure/use_brush",
  "criteria": {
    "brush_armadillo": {
      "conditions": {
        "entity": [
          {
            "condition": "entity_properties",
            "entity": "this",
            "predicate": {
              "type": "armadillo"
            }
          }
        ],
        "item": {
          "items": "brush"
        }
      },
      "trigger": "player_interacted_with_entity"
    }
  },
  "rewards": {
    "experience": 15
  },
  "display": {
    "description": {
      "translate": "advancements.adventure.brush_armadillo.description"
    },
    "icon": {
      "id": "armadillo_scute"
    },
    "title": {
      "translate": "advancements.adventure.brush_armadillo.title"
    }
  }
}