{
  "display": {
    "icon": {
      "id": "target"
    },
    "title": {
      "translate": "advancements.adventure.bullseye.title"
    },
    "description": {
      "translate": "advancements.adventure.bullseye.description"
    },
    "frame": "challenge"
  },
  "parent": "adventure/target_practice",
  "criteria": {
    "bullseye": {
      "trigger": "target_hit",
      "conditions": {
        "projectile": [
          {
            "condition": "entity_properties",
            "entity": "this",
            "predicate": {
              "distance": {
                "horizontal": {
                  "min": 30
                }
              }
            }
          }
        ],
        "signal_strength": 15
      }
    }
  },
  "rewards": {
    "experience": 50
  }
}
