{
  "display": {
    "icon": {
      "id": "emerald_block"
    },
    "title": {
      "translate": "adv.adventure.buy_low_sell_high"
    },
    "description": {
      "translate": "adv.adventure.buy_low_sell_high.desc"
    },
    "frame": "goal"
  },
  "parent": "adventure/hero_of_the_village",
  "criteria": {
    "traded": {
      "trigger": "villager_trade",
      "conditions": {
        "player": [
          {
            "condition": "entity_properties",
            "entity": "this",
            "predicate": {
              "effects": {
                "hero_of_the_village": {}
              }
            }
          }
        ]
      }
    }
  },
  "rewards": {
    "experience": 50
  }
}
