{
  "display": {
    "icon": {
      "id": "player_head"
    },
    "title": {
      "translate": "adv.adventure.camouflage"
    },
    "description": {
      "translate": "adv.adventure.camouflage.desc"
    },
    "frame": "goal"
  },
  "parent": "adventure/obtain_head",
  "criteria": {
    "zombie": {
      "trigger": "player_killed_entity",
      "conditions": {
        "player": {
          "equipment": {
            "head": {
              "items": [
                "zombie_head"
              ]
            }
          }
        },
        "entity": {
          "type": "zombie"
        }
      }
    },
    "skeleton": {
      "trigger": "player_killed_entity",
      "conditions": {
        "player": {
          "equipment": {
            "head": {
              "items": [
                "skeleton_skull"
              ]
            }
          }
        },
        "entity": {
          "type": "skeleton"
        }
      }
    },
    "creeper": {
      "trigger": "player_killed_entity",
      "conditions": {
        "player": {
          "equipment": {
            "head": {
              "items": [
                "creeper_head"
              ]
            }
          }
        },
        "entity": {
          "type": "creeper"
        }
      }
    },
    "wither_skeleton": {
      "trigger": "player_killed_entity",
      "conditions": {
        "player": {
          "equipment": {
            "head": {
              "items": [
                "wither_skeleton_skull"
              ]
            }
          }
        },
        "entity": {
          "type": "wither_skeleton"
        }
      }
    },
    "dragon": {
      "trigger": "player_killed_entity",
      "conditions": {
        "player": {
          "equipment": {
            "head": {
              "items": [
                "dragon_head"
              ]
            }
          }
        },
        "entity": {
          "type": "ender_dragon"
        }
      }
    },
    "piglin": {
      "trigger": "player_killed_entity",
      "conditions": {
        "player": {
          "equipment": {
            "head": {
              "items": [
                "piglin_head"
              ]
            }
          }
        },
        "entity": {
          "type": "piglin"
        }
      }
    }
  },
  "requirements": [
    [
      "zombie",
      "skeleton",
      "creeper",
      "wither_skeleton",
      "dragon",
      "piglin"
    ]
  ],
  "rewards": {
    "experience": 150
  }
}
