{
  "display": {
    "icon": {
      "id": "cave_spider_spawn_egg"
    },
    "title": {
      "translate": "adv.adventure.cave_spider"
    },
    "description": {
      "translate": "adv.adventure.cave_spider.desc"
    }
  },
  "parent": "adventure/baby_zombie",
  "criteria": {
    "cave_spider": {
      "trigger": "player_killed_entity",
      "conditions": {
        "entity": [
          {
            "condition": "entity_properties",
            "entity": "this",
            "predicate": {
              "type": "cave_spider"
            }
          }
        ]
      }
    }
  },
  "rewards": {
    "experience": 15
  }
}
