{
  "display": {
    "icon": {
      "id": "totem_of_undying"
    },
    "title": {
      "translate": "adv.adventure.cheating_death"
    },
    "description": {
      "translate": "adv.adventure.cheating_death.desc"
    },
    "frame": "challenge"
  },
  "parent": "adventure/totem_of_undying",
  "criteria": {
    "totem_of_undying": {
      "trigger": "inventory_changed",
      "conditions": {
        "player": {
          "type_specific": {
            "type": "player",
            "stats": [
              {
                "type": "used",
                "stat": "totem_of_undying",
                "value": {
                  "min": 5
                }
              }
            ]
          }
        }
      }
    }
  },
  "rewards": {
    "experience": 150
  }
}
