{
  "parent": "adventure/shoot_arrow",
  "display": {
    "icon": {
      "id": "netherite_sword"
    },
    "title": {
      "translate": "adv.adventure.combat_complete"
    },
    "description": {
      "translate": "adv.adventure.combat_complete.desc"
    },
    "frame": "goal"
  },
  "rewards": {
    "experience": 200
  },
  "criteria": {
    "bow": {
      "trigger": "inventory_changed",
      "conditions": {
        "items": [
          {
            "items": [
              "bow"
            ]
          }
        ]
      }
    },
    "arrow": {
      "trigger": "inventory_changed",
      "conditions": {
        "items": [
          {
            "items": [
              "arrow"
            ]
          }
        ]
      }
    },
    "netherite_sword": {
      "trigger": "inventory_changed",
      "conditions": {
        "items": [
          {
            "items": [
              "netherite_sword"
            ]
          }
        ]
      }
    },
    "shield": {
      "trigger": "inventory_changed",
      "conditions": {
        "items": [
          {
            "items": [
              "shield"
            ]
          }
        ]
      }
    }
  }
}
