{
  "parent": "adventure/get_chest",
  "display": {
    "icon": {
      "id": "compass"
    },
    "title": {
      "translate": "adv.adventure.compass"
    },
    "description": {
      "translate": "adv.adventure.compass.desc"
    }
  },
  "rewards": {
    "experience": 10,
    "function": "ltreward_check/adventure/compass"
  },
  "criteria": {
    "compass": {
      "trigger": "inventory_changed",
      "conditions": {
        "items": [
          {
            "items": [
              "compass"
            ]
          }
        ]
      }
    }
  }
}
