{
  "parent": "adventure/root",
  "criteria": {
    "crafter_crafted_crafter": {
      "conditions": {
        "recipe_id": "crafter"
      },
      "trigger": "crafter_recipe_crafted"
    }
  },
  "display": {
    "description": {
      "translate": "advancements.adventure.crafters_crafting_crafters.description"
    },
    "icon": {
      "id": "crafter"
    },
    "title": {
      "translate": "advancements.adventure.crafters_crafting_crafters.title"
    }
  },
  "rewards": {
    "experience": 10
  }
}