{
  "display": {
    "icon": {
      "id": "decorated_pot",
      "components": {
        "pot_decorations": [
          "brick",
          "heart_pottery_sherd",
          "brick",
          "explorer_pottery_sherd"
        ]
      }
    },
    "title": {
      "translate": "advancements.adventure.craft_decorated_pot_using_only_sherds.title"
    },
    "description": {
      "translate": "advancements.adventure.craft_decorated_pot_using_only_sherds.description"
    }
  },
  "parent": "adventure/salvage_sherd",
  "criteria": {
    "pot_crafted_using_only_sherds": {
      "trigger": "recipe_crafted",
      "conditions": {
        "recipe_id": "decorated_pot",
        "ingredients": [
          {
            "items": "#minecraft:decorated_pot_sherds"
          },
          {
            "items": "#minecraft:decorated_pot_sherds"
          },
          {
            "items": "#minecraft:decorated_pot_sherds"
          },
          {
            "items": "#minecraft:decorated_pot_sherds"
          }
        ]
      }
    }
  },
  "rewards": {
    "experience": 10
  }
}
