{
  "display": {
    "icon": {
      "id": "netherite_sword"
    },
    "title": {
      "translate": "adv.adventure.damage_a_lot"
    },
    "description": {
      "translate": "adv.adventure.damage_a_lot.desc"
    },
    "frame": "challenge"
  },
  "parent": "adventure/overkill",
  "criteria": {
    "overkill": {
      "trigger": "player_hurt_entity",
      "conditions": {
        "player": [
          {
            "condition": "inverted",
            "term": {
              "condition": "entity_properties",
              "entity": "this",
              "predicate": {
                "equipment": {
                  "mainhand": {
                    "items": "mace"
                  }
                }
              }
            }
          }
        ],
        "damage": {
          "taken": {
            "min": 30,
	    "max": 100
          },
          "type": {
            "is_explosion": false,
            "is_fire": false,
            "is_magic": false,
            "is_projectile": false,
            "is_lightning": false
          }
        }
      }
    }
  },
  "rewards": {
    "experience": 150
  }
}
