{
  "display": {
    "icon": {
      "id": "sandstone"
    },
    "title": {
      "translate": "adv.adventure.desert_pyramid"
    },
    "description": {
      "translate": "adv.adventure.desert_pyramid.desc"
    }
  },
  "parent": "adventure/find_village",
  "criteria": {
    "desert_pyramid": {
      "trigger": "tick",
      "conditions": {
        "player": {
          "location": {
            "structures": "desert_pyramid"
          }
        }
      }
    }
  },
  "rewards": {
    "experience": 10
  }
}
