{
  "display": {
    "icon": {
      "id": "name_tag"
    },
    "title": {
      "translate": "adv.adventure.dinnerbone"
    },
    "description": {
      "translate": "adv.adventure.dinnerbone.desc"
    }
  },
  "parent": "adventure/name_sheep",
  "criteria": {
    "dinnerbone": {
      "trigger": "player_interacted_with_entity",
      "conditions": {
        "item": {
          "items": [
            "name_tag"
          ],
          "nbt": {"minecraft:custom_name":"{\"text\":\"Dinnerbone\"}"}
        }
      }
    },
    "grumm": {
      "trigger": "player_interacted_with_entity",
      "conditions": {
        "item": {
          "items": [
            "name_tag"
          ],
          "nbt": {"minecraft:custom_name":"{\"text\":\"Grumm\"}"}
        }
      }
    }
  },
  "requirements": [
    [
      "dinnerbone",
      "grumm"
    ]
  ],
  "rewards": {
    "experience": 5
  }
}
