{
  "display": {
    "icon": {
      "id": "ender_pearl"
    },
    "title": {
      "translate": "adv.adventure.ender_pearl"
    },
    "description": {
      "translate": "adv.adventure.ender_pearl.desc"
    }
  },
  "parent": "adventure/cave_spider",
  "criteria": {
    "ender_pearl": {
      "trigger": "inventory_changed",
      "conditions": {
        "items": [
          {
            "items": [
              "ender_pearl"
            ]
          }
        ]
      }
    }
  },
  "rewards": {
    "function": "ltreward_check/adventure/ender_pearl",
    "experience": 10
  }
}
