{
  "display": {
    "icon": {
      "id": "evoker_spawn_egg"
    },
    "title": {
      "translate": "adv.adventure.evoker"
    },
    "description": {
      "translate": "adv.adventure.evoker.desc"
    }
  },
  "parent": "adventure/find_village",
  "criteria": {
    "evoker": {
      "trigger": "player_killed_entity",
      "conditions": {
        "entity": [
          {
            "condition": "entity_properties",
            "entity": "this",
            "predicate": {
              "type": "evoker"
            }
          }
        ]
      }
    }
  },
  "rewards": {
    "experience": 15
  }
}
