{
  "parent": "adventure/find_a_structure",
  "display": {
    "icon": {
      "id": "spruce_planks"
    },
    "title": {
      "translate": "adv.adventure.find_all_structures"
    },
    "description": {
      "translate": "adv.adventure.find_all_structures.desc"
    },
    "frame": "challenge"
  },
  "rewards": {
    "experience": 2500
  },
  "criteria": {
    "village_plains": {
      "trigger": "tick",
      "conditions": {
        "player": {
          "location": {
            "structures": "village_plains"
          }
        }
      }
    },
    "village_desert": {
      "trigger": "tick",
      "conditions": {
        "player": {
          "location": {
            "structures": "village_desert"
          }
        }
      }
    },
    "village_snowy": {
      "trigger": "tick",
      "conditions": {
        "player": {
          "location": {
            "structures": "village_snowy"
          }
        }
      }
    },
    "village_savanna": {
      "trigger": "tick",
      "conditions": {
        "player": {
          "location": {
            "structures": "village_savanna"
          }
        }
      }
    },
    "village_taiga": {
      "trigger": "tick",
      "conditions": {
        "player": {
          "location": {
            "structures": "village_taiga"
          }
        }
      }
    },
    "stronghold": {
      "trigger": "tick",
      "conditions": {
        "player": {
          "location": {
            "structures": "stronghold"
          }
        }
      }
    },
    "desert_pyramid": {
      "trigger": "tick",
      "conditions": {
        "player": {
          "location": {
            "structures": "desert_pyramid"
          }
        }
      }
    },
    "jungle_pyramid": {
      "trigger": "tick",
      "conditions": {
        "player": {
          "location": {
            "structures": "jungle_pyramid"
          }
        }
      }
    },
    "pillager_outpost": {
      "trigger": "tick",
      "conditions": {
        "player": {
          "location": {
            "structures": "pillager_outpost"
          }
        }
      }
    },
    "monument": {
      "trigger": "tick",
      "conditions": {
        "player": {
          "location": {
            "structures": "monument"
          }
        }
      }
    },
    "shipwreck": {
      "trigger": "tick",
      "conditions": {
        "player": {
          "location": {
            "structures": "shipwreck"
          }
        }
      }
    },
    "shipwreck_beached": {
      "trigger": "tick",
      "conditions": {
        "player": {
          "location": {
            "structures": "shipwreck_beached"
          }
        }
      }
    },
    "ocean_ruin_cold": {
      "trigger": "tick",
      "conditions": {
        "player": {
          "location": {
            "structures": "ocean_ruin_cold"
          }
        }
      }
    },
    "ocean_ruin_warm": {
      "trigger": "tick",
      "conditions": {
        "player": {
          "location": {
            "structures": "ocean_ruin_warm"
          }
        }
      }
    },
    "igloo": {
      "trigger": "tick",
      "conditions": {
        "player": {
          "location": {
            "structures": "igloo"
          }
        }
      }
    },
    "swamp_hut": {
      "trigger": "tick",
      "conditions": {
        "player": {
          "location": {
            "structures": "swamp_hut"
          }
        }
      }
    },
    "fortress": {
      "trigger": "tick",
      "conditions": {
        "player": {
          "location": {
            "structures": "fortress"
          }
        }
      }
    },
    "bastion_remnant": {
      "trigger": "tick",
      "conditions": {
        "player": {
          "location": {
            "structures": "bastion_remnant"
          }
        }
      }
    },
    "ruined_portal": {
      "trigger": "tick",
      "conditions": {
        "player": {
          "location": {
            "structures": "ruined_portal"
          }
        }
      }
    },
    "ruined_portal_desert": {
      "trigger": "tick",
      "conditions": {
        "player": {
          "location": {
            "structures": "ruined_portal_desert"
          }
        }
      }
    },
    "ruined_portal_jungle": {
      "trigger": "tick",
      "conditions": {
        "player": {
          "location": {
            "structures": "ruined_portal_jungle"
          }
        }
      }
    },
    "ruined_portal_mountain": {
      "trigger": "tick",
      "conditions": {
        "player": {
          "location": {
            "structures": "ruined_portal_mountain"
          }
        }
      }
    },
    "ruined_portal_nether": {
      "trigger": "tick",
      "conditions": {
        "player": {
          "location": {
            "structures": "ruined_portal_nether"
          }
        }
      }
    },
    "ruined_portal_ocean": {
      "trigger": "tick",
      "conditions": {
        "player": {
          "location": {
            "structures": "ruined_portal_ocean"
          }
        }
      }
    },
    "ruined_portal_swamp": {
      "trigger": "tick",
      "conditions": {
        "player": {
          "location": {
            "structures": "ruined_portal_swamp"
          }
        }
      }
    },
    "end_city": {
      "trigger": "tick",
      "conditions": {
        "player": {
          "location": {
            "structures": "end_city"
          }
        }
      }
    },
    "mansion": {
      "trigger": "tick",
      "conditions": {
        "player": {
          "location": {
            "structures": "mansion"
          }
        }
      }
    },
    "mineshaft": {
      "trigger": "tick",
      "conditions": {
        "player": {
          "location": {
            "structures": "mineshaft"
          }
        }
      }
    },
    "mineshaft_mesa": {
      "trigger": "tick",
      "conditions": {
        "player": {
          "location": {
            "structures": "mineshaft_mesa"
          }
        }
      }
    },
    "ancient_city": {
      "trigger": "tick",
      "conditions": {
        "player": {
          "location": {
            "structures": "ancient_city"
          }
        }
      }
    },
    "trail_ruins": {
      "trigger": "tick",
      "conditions": {
        "player": {
          "location": {
            "structures": "trail_ruins"
          }
        }
      }
    },
    "trial_chambers": {
      "trigger": "tick",
      "conditions": {
        "player": {
          "location": {
            "structures": "trial_chambers"
          }
        }
      }
    },
    "buried_treasure": {
      "trigger": "player_generates_container_loot",
      "conditions": {
        "loot_table": "chests/buried_treasure"
      }
    }
  }
}
