{
  "parent": "adventure/gunpowder",
  "display": {
    "icon": {
      "id": "firework_rocket"
    },
    "title": {
      "translate": "adv.adventure.firework_rocket"
    },
    "description": {
      "translate": "adv.adventure.firework_rocket.desc"
    }
  },
  "rewards": {
    "experience": 10,
    "function": "ltreward_check/adventure/firework_rocket"
  },
  "criteria": {
    "firework_rocket": {
      "trigger": "inventory_changed",
      "conditions": {
        "items": [
          {
            "items": [
              "firework_rocket"
            ]
          }
        ]
      }
    }
  }
}
