{
  "display": {
    "icon": {
      "id": "diamond"
    },
    "title": {
      "translate": "adv.adventure.give_diamond"
    },
    "description": {
      "translate": "adv.adventure.give_diamond.desc"
    }
  },
  "parent": "adventure/find_village",
  "criteria": {
    "diamonds_to_you": {
      "trigger": "thrown_item_picked_up_by_entity",
      "conditions": {
        "entity": {
          "distance": {
            "absolute": {
              "min": 1
            }
          }
        },
        "item": {
          "items": [
            "diamond"
          ]
        }
      }
    },
    "diamonds_to_you_direct": {
      "trigger": "player_interacted_with_entity",
      "conditions": {
        "item": {
          "items": [
            "diamond"
          ]
        }
      }
    }
  },
  "requirements": [
    [
      "diamonds_to_you",
      "diamonds_to_you_direct"
    ]
  ],
  "rewards": {
    "function": "ltreward_check/adventure/give_diamond",
    "experience": 10
  }
}
