{
  "display": {
    "icon": {
      "id": "guardian_spawn_egg"
    },
    "title": {
      "translate": "adv.adventure.guardian_land"
    },
    "description": {
      "translate": "adv.adventure.guardian_land.desc"
    },
    "frame": "challenge"
  },
  "parent": "adventure/elder_guardian",
  "criteria": {
    "guardian": {
      "trigger": "player_killed_entity",
      "conditions": {
        "entity": [
          {
            "condition": "entity_properties",
            "entity": "this",
            "predicate": {
              "type": "guardian"
            }
          },
          {
            "condition": "inverted",
            "term": {
              "condition": "entity_properties",
              "entity": "this",
              "predicate": {
                "location": {
                  "fluid": {
                    "fluid": "water"
                  }
                }
              }
            }
          }
        ]
      }
    }
  },
  "rewards": {
    "experience": 100
  }
}
