{
  "parent": "adventure/kill_a_mob",
  "display": {
    "icon": {
      "id": "gunpowder"
    },
    "title": {
      "translate": "adv.adventure.gunpowder"
    },
    "description": {
      "translate": "adv.adventure.gunpowder.desc"
    }
  },
  "rewards": {
    "experience": 5,
    "function": "ltreward_check/adventure/gunpowder"
  },
  "criteria": {
    "gunpowder": {
      "trigger": "inventory_changed",
      "conditions": {
        "items": [
          {
            "items": [
              "gunpowder"
            ]
          }
        ]
      }
    }
  }
}
