{
  "parent": "adventure/kill_ravager",
  "display": {
    "icon": {
      "id": "emerald"
    },
    "title": {
      "translate": "advancements.adventure.hero_of_the_village.title"
    },
    "description": {
      "translate": "advancements.adventure.hero_of_the_village.description"
    },
    "frame": "challenge"
  },
  "rewards": {
    "experience": 100
  },
  "criteria": {
    "hero_of_the_village": {
      "trigger": "hero_of_the_village",
      "conditions": {
        "player": {
          "location": {}
        }
      }
    }
  }
}
