{
  "display": {
    "icon": {
      "id": "arrow"
    },
    "title": {
      "translate": "adv.adventure.impossible_thing"
    },
    "description": {
      "translate": "adv.adventure.impossible_thing.desc"
    },
    "frame": "goal"
  },
  "parent": "adventure/kill_blaze_with_snowball",
  "criteria": {
    "impossible": {
      "trigger": "player_killed_entity",
      "conditions": {
        "player": {
          "equipment": {
            "mainhand": {
              "items": [
                "arrow"
              ]
            }
          }
        },
        "entity": {
          "type": "enderman"
        }
      }
    }
  },
  "rewards": {
    "experience": 15
  }
}
