{
  "display": {
    "icon": {
      "id": "splash_potion",
      "components": {"minecraft:potion_contents":"invisibility"}
    },
    "title": {
      "translate": "adv.adventure.invisibility_fight"
    },
    "description": {
      "translate": "adv.adventure.invisibility_fight.desc"
    },
    "frame": "challenge"
  },
  "parent": "adventure/invisibility_spider",
  "criteria": {
    "requirement": {
      "trigger": "player_killed_entity",
      "conditions": {
        "player": {
          "effects": {
            "invisibility": {}
          }
        },
        "entity": {
          "effects": {
            "invisibility": {}
          }
        }
      }
    }
  },
  "rewards": {
    "experience": 150
  }
}
