{
  "display": {
    "icon": {
      "id": "mossy_cobblestone"
    },
    "title": {
      "translate": "adv.adventure.jungle_pyramid"
    },
    "description": {
      "translate": "adv.adventure.jungle_pyramid.desc"
    }
  },
  "parent": "adventure/desert_pyramid",
  "criteria": {
    "jungle_pyramid": {
      "trigger": "tick",
      "conditions": {
        "player": {
          "location": {
            "structures": "jungle_pyramid"
          }
        }
      }
    }
  },
  "rewards": {
    "experience": 10
  }
}
