{
  "display": {
    "icon": {
      "id": "snowball"
    },
    "title": {
      "translate": "adv.adventure.kill_blaze_with_snowball"
    },
    "description": {
      "translate": "adv.adventure.kill_blaze_with_snowball.desc"
    }
  },
  "parent": "adventure/cave_spider",
  "criteria": {
    "killed_blaze": {
      "trigger": "player_killed_entity",
      "conditions": {
        "entity": {
          "type": "blaze"
        },
        "killing_blow": {
          "tags": [
            {
              "id": "is_projectile",
              "expected": true
            }
          ],
          "direct_entity": {
            "type": "snowball"
          }
        }
      }
    }
  },
  "rewards": {
    "function": "ltreward_check/adventure/kill_blaze_with_snowball",
    "experience": 20
  }
}
