{
  "parent": "adventure/cave_spider",
  "display": {
    "icon": {
      "id": "dolphin_spawn_egg"
    },
    "title": {
      "translate": "adv.adventure.kill_dolphin"
    },
    "description": {
      "translate": "adv.adventure.kill_dolphin.desc"
    },
    "frame": "goal"
  },
  "rewards": {
    "experience": 15
  },
  "criteria": {
    "dolphin": {
      "trigger": "player_killed_entity",
      "conditions": {
        "entity": [
          {
            "condition": "entity_properties",
            "predicate": {
              "type": "dolphin"
            },
            "entity": "this"
          }
        ]
      }
    },
    "dolphin_killed": {
      "trigger": "entity_killed_player",
      "conditions": {
        "entity": [
          {
            "condition": "entity_properties",
            "predicate": {
              "type": "dolphin"
            },
            "entity": "this"
          }
        ]
      }
    }
  },
  "requirements": [
    [
      "dolphin",
      "dolphin_killed"
    ]
  ]
}
