{
  "display": {
    "icon": {
      "id": "arrow"
    },
    "title": {
      "translate": "adv.adventure.kill_skeleton_in_short_distance"
    },
    "description": {
      "translate": "adv.adventure.kill_skeleton_in_short_distance.desc"
    },
    "frame": "goal"
  },
  "parent": "adventure/shoot_arrow",
  "criteria": {
    "killed_skeleton": {
      "trigger": "player_killed_entity",
      "conditions": {
        "entity": [
          {
            "condition": "entity_properties",
            "entity": "this",
            "predicate": {
              "type": "skeleton",
              "distance": {
                "horizontal": {
                  "max": 3
                }
              }
            }
          }
        ],
        "killing_blow": {
          "tags": [
            {
              "id": "is_projectile",
              "expected": true
            }
          ]
        }
      }
    }
  },
  "rewards": {
    "experience": 50
  }
}
