{
  "parent": "adventure/defeat",
  "display": {
    "icon": {
      "id": "zombie_spawn_egg"
    },
    "title": {
      "translate": "adv.adventure.killed_by_zombie"
    },
    "description": {
      "translate": "adv.adventure.killed_by_zombie.desc"
    }
  },
  "criteria": {
    "killed": {
      "trigger": "entity_killed_player",
      "conditions": {
        "entity": [
          {
            "condition": "entity_properties",
            "predicate": {
              "type": "zombie"
            },
            "entity": "this"
          }
        ]
      }
    }
  }
}
