{
  "parent": "adventure/kill_a_mob",
  "display": {
    "icon": {
      "id": "diamond_sword"
    },
    "title": {
      "translate": "advancements.adventure.kill_all_mobs.title"
    },
    "description": {
      "translate": "advancements.adventure.kill_all_mobs.description"
    },
    "frame": "challenge"
  },
  "rewards": {
    "experience": 100
  },
  "criteria": {
    "blaze": {
      "trigger": "player_killed_entity",
      "conditions": {
        "entity": [
          {
            "condition": "entity_properties",
            "predicate": {
              "type": "blaze"
            },
            "entity": "this"
          }
        ]
      }
    },
    "bogged": {
      "trigger": "player_killed_entity",
      "conditions": {
        "entity": [
          {
            "condition": "entity_properties",
            "predicate": {
              "type": "bogged"
            },
            "entity": "this"
          }
        ]
      }
    },
    "breeze": {
      "trigger": "player_killed_entity",
      "conditions": {
        "entity": [
          {
            "condition": "entity_properties",
            "predicate": {
              "type": "breeze"
            },
            "entity": "this"
          }
        ]
      }
    },
    "cave_spider": {
      "trigger": "player_killed_entity",
      "conditions": {
        "entity": [
          {
            "condition": "entity_properties",
            "predicate": {
              "type": "cave_spider"
            },
            "entity": "this"
          }
        ]
      }
    },
    "creeper": {
      "trigger": "player_killed_entity",
      "conditions": {
        "entity": [
          {
            "condition": "entity_properties",
            "predicate": {
              "type": "creeper"
            },
            "entity": "this"
          }
        ]
      }
    },
    "drowned": {
      "trigger": "player_killed_entity",
      "conditions": {
        "entity": [
          {
            "condition": "entity_properties",
            "predicate": {
              "type": "drowned"
            },
            "entity": "this"
          }
        ]
      }
    },
    "elder_guardian": {
      "trigger": "player_killed_entity",
      "conditions": {
        "entity": [
          {
            "condition": "entity_properties",
            "predicate": {
              "type": "elder_guardian"
            },
            "entity": "this"
          }
        ]
      }
    },
    "ender_dragon": {
      "trigger": "player_killed_entity",
      "conditions": {
        "entity": [
          {
            "condition": "entity_properties",
            "predicate": {
              "type": "ender_dragon"
            },
            "entity": "this"
          }
        ]
      }
    },
    "enderman": {
      "trigger": "player_killed_entity",
      "conditions": {
        "entity": [
          {
            "condition": "entity_properties",
            "predicate": {
              "type": "enderman"
            },
            "entity": "this"
          }
        ]
      }
    },
    "endermite": {
      "trigger": "player_killed_entity",
      "conditions": {
        "entity": [
          {
            "condition": "entity_properties",
            "predicate": {
              "type": "endermite"
            },
            "entity": "this"
          }
        ]
      }
    },
    "evoker": {
      "trigger": "player_killed_entity",
      "conditions": {
        "entity": [
          {
            "condition": "entity_properties",
            "predicate": {
              "type": "evoker"
            },
            "entity": "this"
          }
        ]
      }
    },
    "ghast": {
      "trigger": "player_killed_entity",
      "conditions": {
        "entity": [
          {
            "condition": "entity_properties",
            "predicate": {
              "type": "ghast"
            },
            "entity": "this"
          }
        ]
      }
    },
    "guardian": {
      "trigger": "player_killed_entity",
      "conditions": {
        "entity": [
          {
            "condition": "entity_properties",
            "predicate": {
              "type": "guardian"
            },
            "entity": "this"
          }
        ]
      }
    },
    "hoglin": {
      "trigger": "player_killed_entity",
      "conditions": {
        "entity": [
          {
            "condition": "entity_properties",
            "predicate": {
              "type": "hoglin"
            },
            "entity": "this"
          }
        ]
      }
    },
    "husk": {
      "trigger": "player_killed_entity",
      "conditions": {
        "entity": [
          {
            "condition": "entity_properties",
            "predicate": {
              "type": "husk"
            },
            "entity": "this"
          }
        ]
      }
    },
    "magma_cube": {
      "trigger": "player_killed_entity",
      "conditions": {
        "entity": [
          {
            "condition": "entity_properties",
            "predicate": {
              "type": "magma_cube"
            },
            "entity": "this"
          }
        ]
      }
    },
    "phantom": {
      "trigger": "player_killed_entity",
      "conditions": {
        "entity": [
          {
            "condition": "entity_properties",
            "predicate": {
              "type": "phantom"
            },
            "entity": "this"
          }
        ]
      }
    },
    "piglin": {
      "trigger": "player_killed_entity",
      "conditions": {
        "entity": [
          {
            "condition": "entity_properties",
            "predicate": {
              "type": "piglin"
            },
            "entity": "this"
          }
        ]
      }
    },
    "piglin_brute": {
      "trigger": "player_killed_entity",
      "conditions": {
        "entity": [
          {
            "condition": "entity_properties",
            "predicate": {
              "type": "piglin_brute"
            },
            "entity": "this"
          }
        ]
      }
    },
    "pillager": {
      "trigger": "player_killed_entity",
      "conditions": {
        "entity": [
          {
            "condition": "entity_properties",
            "predicate": {
              "type": "pillager"
            },
            "entity": "this"
          }
        ]
      }
    },
    "ravager": {
      "trigger": "player_killed_entity",
      "conditions": {
        "entity": [
          {
            "condition": "entity_properties",
            "predicate": {
              "type": "ravager"
            },
            "entity": "this"
          }
        ]
      }
    },
    "shulker": {
      "trigger": "player_killed_entity",
      "conditions": {
        "entity": [
          {
            "condition": "entity_properties",
            "predicate": {
              "type": "shulker"
            },
            "entity": "this"
          }
        ]
      }
    },
    "silverfish": {
      "trigger": "player_killed_entity",
      "conditions": {
        "entity": [
          {
            "condition": "entity_properties",
            "predicate": {
              "type": "silverfish"
            },
            "entity": "this"
          }
        ]
      }
    },
    "skeleton": {
      "trigger": "player_killed_entity",
      "conditions": {
        "entity": [
          {
            "condition": "entity_properties",
            "predicate": {
              "type": "skeleton"
            },
            "entity": "this"
          }
        ]
      }
    },
    "slime": {
      "trigger": "player_killed_entity",
      "conditions": {
        "entity": [
          {
            "condition": "entity_properties",
            "predicate": {
              "type": "slime"
            },
            "entity": "this"
          }
        ]
      }
    },
    "spider": {
      "trigger": "player_killed_entity",
      "conditions": {
        "entity": [
          {
            "condition": "entity_properties",
            "predicate": {
              "type": "spider"
            },
            "entity": "this"
          }
        ]
      }
    },
    "stray": {
      "trigger": "player_killed_entity",
      "conditions": {
        "entity": [
          {
            "condition": "entity_properties",
            "predicate": {
              "type": "stray"
            },
            "entity": "this"
          }
        ]
      }
    },
    "vex": {
      "trigger": "player_killed_entity",
      "conditions": {
        "entity": [
          {
            "condition": "entity_properties",
            "predicate": {
              "type": "vex"
            },
            "entity": "this"
          }
        ]
      }
    },
    "vindicator": {
      "trigger": "player_killed_entity",
      "conditions": {
        "entity": [
          {
            "condition": "entity_properties",
            "predicate": {
              "type": "vindicator"
            },
            "entity": "this"
          }
        ]
      }
    },
    "witch": {
      "trigger": "player_killed_entity",
      "conditions": {
        "entity": [
          {
            "condition": "entity_properties",
            "predicate": {
              "type": "witch"
            },
            "entity": "this"
          }
        ]
      }
    },
    "wither_skeleton": {
      "trigger": "player_killed_entity",
      "conditions": {
        "entity": [
          {
            "condition": "entity_properties",
            "predicate": {
              "type": "wither_skeleton"
            },
            "entity": "this"
          }
        ]
      }
    },
    "wither": {
      "trigger": "player_killed_entity",
      "conditions": {
        "entity": [
          {
            "condition": "entity_properties",
            "predicate": {
              "type": "wither"
            },
            "entity": "this"
          }
        ]
      }
    },
    "zoglin": {
      "trigger": "player_killed_entity",
      "conditions": {
        "entity": [
          {
            "condition": "entity_properties",
            "predicate": {
              "type": "zoglin"
            },
            "entity": "this"
          }
        ]
      }
    },
    "zombie_villager": {
      "trigger": "player_killed_entity",
      "conditions": {
        "entity": [
          {
            "condition": "entity_properties",
            "predicate": {
              "type": "zombie_villager"
            },
            "entity": "this"
          }
        ]
      }
    },
    "zombie": {
      "trigger": "player_killed_entity",
      "conditions": {
        "entity": [
          {
            "condition": "entity_properties",
            "predicate": {
              "type": "zombie"
            },
            "entity": "this"
          }
        ]
      }
    },
    "zombified_piglin": {
      "trigger": "player_killed_entity",
      "conditions": {
        "entity": [
          {
            "condition": "entity_properties",
            "predicate": {
              "type": "zombified_piglin"
            },
            "entity": "this"
          }
        ]
      }
    }
  }
}
