{
  "parent": "adventure/avoid_vibration",
  "criteria": {
    "kill_mob_near_sculk_catalyst": {
      "conditions": {},
      "trigger": "kill_mob_near_sculk_catalyst"
    }
  },
  "rewards": {
    "experience": 10
  },
  "display": {
    "description": {
      "translate": "advancements.adventure.kill_mob_near_sculk_catalyst.description"
    },
    "frame": "goal",
    "icon": {
      "id": "sculk_catalyst"
    },
    "title": {
      "translate": "advancements.adventure.kill_mob_near_sculk_catalyst.title"
    }
  }
}
