{
  "parent": "adventure/killed_by_zombie",
  "display": {
    "icon": {
      "id": "bone"
    },
    "title": {
      "translate": "adv.adventure.killed_by_one_heart"
    },
    "description": {
      "translate": "adv.adventure.killed_by_one_heart.desc"
    },
    "frame": "goal"
  },
  "criteria": {
    "defeat": {
      "trigger": "entity_killed_player",
      "conditions": {
        "entity": [
          {
            "condition": "entity_properties",
            "entity": "this",
            "predicate": {
              "nbt": "{Health:1b}"
            }
          }
        ]
      }
    }
  }
}
