{
  "display": {
    "icon": {
      "id": "iron_sword"
    },
    "title": {
      "translate": "advancements.adventure.kill_a_mob.title"
    },
    "description": {
      "translate": "advancements.adventure.kill_a_mob.description"
    }
  },
  "parent": "adventure/first_kill",
  "criteria": {
    "kill_a_mob": {
      "trigger": "player_killed_entity",
      "conditions": {
        "entity": [
          {
            "condition": "entity_properties",
            "entity": "this",
            "predicate": {
              "type": "#minecraft:monsters"
            }
          }
        ]
      }
    }
  },
  "rewards": {
    "experience": 5
  }
}
