{
  "display": {
    "icon": {
      "id": "copper_bulb"
    },
    "title": {
      "translate": "advancements.adventure.lighten_up.title"
    },
    "description": {
      "translate": "advancements.adventure.lighten_up.description"
    }
  },
  "parent": "adventure/minecraft_trials_edition",
  "rewards": {
    "experience": 10
  },
  "criteria": {
    "lighten_up": {
      "trigger": "item_used_on_block",
      "conditions": {
        "location": [
          {
            "condition": "location_check",
            "predicate": {
              "block": {
                "blocks": [
                  "oxidized_copper_bulb",
                  "weathered_copper_bulb",
                  "exposed_copper_bulb",
                  "waxed_oxidized_copper_bulb",
                  "waxed_weathered_copper_bulb",
                  "waxed_exposed_copper_bulb"
                ],
                "state": {
                  "lit": "true"
                }
              }
            }
          },
          {
            "condition": "match_tool",
            "predicate": {
              "items": [
                "wooden_axe",
                "golden_axe",
                "stone_axe",
                "iron_axe",
                "diamond_axe",
                "netherite_axe"
              ]
            }
          }
        ]
      }
    }
  }
}
