{
  "parent": "adventure/root",
  "display": {
    "icon": {
      "id": "lightning_rod"
    },
    "title": {
      "translate": "advancements.adventure.lightning_rod_with_villager_no_fire.title"
    },
    "description": {
      "translate": "advancements.adventure.lightning_rod_with_villager_no_fire.description"
    }
  },
  "rewards": {
    "experience": 15
  },
  "criteria": {
    "lightning_rod_with_villager_no_fire": {
      "trigger": "lightning_strike",
      "conditions": {
        "lightning": [
          {
            "condition": "entity_properties",
            "predicate": {
              "distance": {
                "absolute": {
                  "max": 30
                }
              },
              "lightning_bolt": {
                "blocks_set_on_fire": 0
              }
            },
            "entity": "this"
          }
        ],
        "bystander": [
          {
            "condition": "entity_properties",
            "predicate": {
              "type": "villager"
            },
            "entity": "this"
          }
        ]
      }
    }
  }
}
