{
  "display": {
    "icon": {
      "id": "ominous_bottle"
    },
    "title": {
      "translate": "adv.adventure.max_ominous"
    },
    "description": {
      "translate": "adv.adventure.max_ominous.desc"
    },
    "frame": "goal"
  },
  "parent": "adventure/voluntary_exile",
  "criteria": {
    "requirement": {
      "trigger": "effects_changed",
      "conditions": {
        "effects": {
          "bad_omen": {
            "amplifier": 4
          }
        }
      }
    }
  },
  "rewards": {
    "experience": 100
  }
}
