{
  "display": {
    "icon": {
      "id": "emerald"
    },
    "title": {
      "translate": "adv.adventure.max_hero"
    },
    "description": {
      "translate": "adv.adventure.max_hero.desc"
    },
    "frame": "challenge"
  },
  "parent": "adventure/max_ominous",
  "criteria": {
    "requirement": {
      "trigger": "effects_changed",
      "conditions": {
        "effects": {
          "hero_of_the_village": {
            "amplifier": 4
          }
        }
      }
    }
  },
  "rewards": {
    "experience": 1000
  }
}
