{
  "parent": "adventure/root",
  "criteria": {
    "minecraft_trials_edition": {
      "conditions": {
        "player": [
          {
            "condition": "entity_properties",
            "entity": "this",
            "predicate": {
              "location": {
                "structures": "trial_chambers"
              }
            }
          }
        ]
      },
      "trigger": "tick"
    }
  },
  "display": {
    "description": {
      "translate": "advancements.adventure.minecraft_trials_edition.description"
    },
    "icon": {
      "id": "chiseled_tuff"
    },
    "title": {
      "translate": "advancements.adventure.minecraft_trials_edition.title"
    }
  }
}