{
  "display": {
    "icon": {
      "id": "minecraft:pig_spawn_egg"
    },
    "title": "Technoblade never dies!",
    "description": {
      "translate": "adv.adventure.name_pig.desc"
    }
  },
  "parent": "minecraft:adventure/name_vindicator",
  "criteria": {
    "name_tag": {
      "trigger": "minecraft:player_interacted_with_entity",
      "conditions": {
        "item": {
          "items": [
            "minecraft:name_tag"
          ],
          "nbt": "{display:{Name:\'\"Technoblade\"\'}}"
        },
        "entity": {
          "type": "pig"
        }
      }
    }
  },
  "rewards": {
    "experience": 5
  }
}
