{
  "display": {
    "icon": {
      "id": "name_tag"
    },
    "title": {
      "translate": "adv.adventure.name_tag"
    },
    "description": {
      "translate": "adv.adventure.name_tag.desc"
    }
  },
  "parent": "adventure/root",
  "criteria": {
    "name_tag": {
      "trigger": "inventory_changed",
      "conditions": {
        "items": [
          {
            "items": [
              "name_tag"
            ]
          }
        ]
      }
    }
  },
  "rewards": {
    "experience": 5,
    "function": "ltreward_check/adventure/name_tag"
  }
}
