{
  "display": {
    "icon": {
      "id": "white_bed"
    },
    "title": {
      "translate": "adv.adventure.no_sleeping"
    },
    "description": {
      "translate": "adv.adventure.no_sleeping.desc"
    },
    "frame": "challenge"
  },
  "parent": "adventure/cave_spider",
  "criteria": {
    "survivor": {
      "trigger": "tick",
      "conditions": {
        "player": {
          "type_specific": {
            "type": "player",
            "stats": [
              {
                "type": "custom",
                "stat": "time_since_rest",
                "value": {
                  "min": 240000
                }
              }
            ]
          }
        }
      }
    }
  },
  "rewards": {
    "experience": 800
  }
}
