{
  "parent": "adventure/throw_trident",
  "display": {
    "icon": {
      "id": "drowned_spawn_egg"
    },
    "title": {
      "translate": "adv.adventure.ocean_king"
    },
    "description": {
      "translate": "adv.adventure.ocean_king.desc"
    }
  },
  "rewards": {
    "experience": 20
  },
  "criteria": {
    "killed_blaze": {
      "trigger": "player_killed_entity",
      "conditions": {
        "entity": [
          {
            "condition": "entity_properties",
            "predicate": {
              "type": "drowned"
            },
            "entity": "this"
          }
        ],
        "killing_blow": {
          "is_projectile": true,
          "direct_entity": {
            "type": "trident"
          }
        }
      }
    }
  }
}
