{
  "parent": "adventure/shoot_arrow",
  "display": {
    "icon": {
      "id": "crossbow"
    },
    "title": {
      "translate": "advancements.adventure.ol_betsy.title"
    },
    "description": {
      "translate": "advancements.adventure.ol_betsy.description"
    }
  },
  "rewards": {
    "experience": 15
  },
  "criteria": {
    "shot_crossbow": {
      "trigger": "shot_crossbow",
      "conditions": {
        "item": {
          "items": [
            "crossbow"
          ]
        }
      }
    }
  }
}
