{
  "display": {
    "icon": {
      "id": "zombie_head"
    },
    "title": {
      "translate": "adv.adventure.once_killed"
    },
    "description": {
      "translate": "adv.adventure.once_killed.desc"
    }
  },
  "parent": "adventure/defeat",
  "criteria": {
    "hurt": {
      "trigger": "entity_hurt_player",
      "conditions": {
        "player": [
          {
            "condition": "inverted",
            "term": {
              "condition": "entity_properties",
              "entity": "this",
              "predicate": {
                "effects": {
                  "resistance": {}
                }
              }
            }
          }
        ],
        "damage": {
          "taken": {
            "min": 20
          }
        }
      }
    }
  },
  "rewards": {
    "experience": 10
  }
}
