{
  "parent": "adventure/minecraft_trials_edition",
  "criteria": {
    "overoverkill": {
      "conditions": {
        "damage": {
          "type": {
            "direct_entity": {
              "type": "player",
              "equipment": {
                "mainhand": {
                  "items": "mace"
                }
              }
            },
            "tags": [
              {
                "expected": true,
                "id": "is_player_attack"
              }
            ]
          },
          "dealt": {
            "min": 100.0
          }
        }
      },
      "trigger": "player_hurt_entity"
    }
  },
  "display": {
    "description": {
      "translate": "advancements.adventure.overoverkill.description"
    },
    "frame": "challenge",
    "icon": {
      "id": "mace"
    },
    "title": {
      "translate": "advancements.adventure.overoverkill.title"
    }
  },
  "rewards": {
    "experience": 100
  }
}