{
  "display": {
    "icon": {
      "id": "diamond_sword"
    },
    "title": {
      "translate": "adv.adventure.overkill"
    },
    "description": {
      "translate": "adv.adventure.overkill.desc"
    },
    "frame": "challenge"
  },
  "parent": "adventure/kill_a_mob",
  "criteria": {
    "overkill": {
      "trigger": "player_hurt_entity",
      "conditions": {
        "player": [
          {
            "condition": "inverted",
            "term": {
              "condition": "entity_properties",
              "entity": "this",
              "predicate": {
                "equipment": {
                  "mainhand": {
                    "items": "mace"
                  }
                }
              }
            }
          }
        ],
        "damage": {
          "taken": {
            "min": 18,
	    "max": 50
          },
          "type": {
            "tags": [
              {
                "id": "is_explosion",
                "expected": false
              }
            ]
          }
        }
      }
    }
  },
  "rewards": {
    "experience": 150
  }
}
