{
  "parent": "adventure/sleep_in_bed",
  "criteria": {
    "play_jukebox_in_meadows": {
      "conditions": {
        "location": [
          {
            "condition": "minecraft:match_tool",
            "predicate": {
              "jukebox_playable": {}
            }
          },
          {
            "condition": "minecraft:location_check",
            "predicate": {
              "biomes": "meadow",
              "block": {
                "blocks": "jukebox"
              }
            }
          }
        ]
      },
      "trigger": "item_used_on_block"
    }
  },
  "display": {
    "description": {
      "translate": "advancements.adventure.play_jukebox_in_meadows.description"
    },
    "icon": {
      "id": "jukebox"
    },
    "title": {
      "translate": "advancements.adventure.play_jukebox_in_meadows.title"
    }
  },
  "rewards": {
    "experience": 20
  }
}
