{
  "parent": "adventure/minecraft_trials_edition",
  "display": {
    "icon": {
      "id": "music_disc_precipice"
    },
    "title": {
      "translate": "adv.adventure.precipice"
    },
    "description": {
      "translate": "adv.adventure.precipice.desc"
    }
  },
  "rewards": {
    "experience": 10
  },
  "criteria": {
    "music_disc_precipice": {
      "trigger": "inventory_changed",
      "conditions": {
        "items": [
          {
            "items": [
              "music_disc_precipice"
            ]
          }
        ]
      }
    }
  }
}
