{
  "display": {
    "icon": {
      "id": "iron_sword"
    },
    "title": {
      "translate": "adv.adventure.pvp_master"
    },
    "description": {
      "translate": "adv.adventure.pvp_master.desc"
    }
  },
  "parent": "adventure/killed_by_zombie",
  "criteria": {
    "pvp_master": {
      "trigger": "player_killed_entity",
      "conditions": {
        "entity": {
          "type": "#minecraft:zombies",
          "equipment": {
            "mainhand": {
              "items": [
                "diamond_sword"
              ]
            }
          }
        }
      }
    }
  },
  "rewards": {
    "experience": 20
  }
}
