{
  "parent": "adventure/hero_of_the_village",
  "display": {
    "icon": {
      "id": "end_stone"
    },
    "title": {
      "translate": "adv.adventure.raid_in_end"
    },
    "description": {
      "translate": "adv.adventure.raid_in_end.desc"
    },
    "frame": "challenge"
  },
  "rewards": {
    "experience": 1000
  },
  "criteria": {
    "hero_of_the_village": {
      "trigger": "hero_of_the_village",
      "conditions": {
        "player": {
          "location": {
            "biome": "the_end"
          }
        }
      }
    }
  }
}
