{
  "parent": "adventure/root",
  "criteria": {
    "chiseled_bookshelf": {
      "conditions": {
        "location": [
          {
            "block": "chiseled_bookshelf",
            "condition": "block_state_property"
          },
          {
            "condition": "any_of",
            "terms": [
              {
                "condition": "location_check",
                "offsetZ": 1,
                "predicate": {
                  "block": {
                    "blocks": [
                      "comparator"
                    ],
                    "state": {
                      "facing": "north"
                    }
                  }
                }
              },
              {
                "condition": "location_check",
                "offsetZ": -1,
                "predicate": {
                  "block": {
                    "blocks": [
                      "comparator"
                    ],
                    "state": {
                      "facing": "south"
                    }
                  }
                }
              },
              {
                "condition": "location_check",
                "offsetX": 1,
                "predicate": {
                  "block": {
                    "blocks": [
                      "comparator"
                    ],
                    "state": {
                      "facing": "west"
                    }
                  }
                }
              },
              {
                "condition": "location_check",
                "offsetX": -1,
                "predicate": {
                  "block": {
                    "blocks": [
                      "comparator"
                    ],
                    "state": {
                      "facing": "east"
                    }
                  }
                }
              }
            ]
          }
        ]
      },
      "trigger": "placed_block"
    },
    "comparator": {
      "conditions": {
        "location": [
          {
            "condition": "any_of",
            "terms": [
              {
                "condition": "all_of",
                "terms": [
                  {
                    "block": "comparator",
                    "condition": "block_state_property",
                    "properties": {
                      "facing": "north"
                    }
                  },
                  {
                    "condition": "location_check",
                    "offsetZ": -1,
                    "predicate": {
                      "block": {
                        "blocks": [
                          "chiseled_bookshelf"
                        ]
                      }
                    }
                  }
                ]
              },
              {
                "condition": "all_of",
                "terms": [
                  {
                    "block": "comparator",
                    "condition": "block_state_property",
                    "properties": {
                      "facing": "south"
                    }
                  },
                  {
                    "condition": "location_check",
                    "offsetZ": 1,
                    "predicate": {
                      "block": {
                        "blocks": [
                          "chiseled_bookshelf"
                        ]
                      }
                    }
                  }
                ]
              },
              {
                "condition": "all_of",
                "terms": [
                  {
                    "block": "comparator",
                    "condition": "block_state_property",
                    "properties": {
                      "facing": "west"
                    }
                  },
                  {
                    "condition": "location_check",
                    "offsetX": -1,
                    "predicate": {
                      "block": {
                        "blocks": [
                          "chiseled_bookshelf"
                        ]
                      }
                    }
                  }
                ]
              },
              {
                "condition": "all_of",
                "terms": [
                  {
                    "block": "comparator",
                    "condition": "block_state_property",
                    "properties": {
                      "facing": "east"
                    }
                  },
                  {
                    "condition": "location_check",
                    "offsetX": 1,
                    "predicate": {
                      "block": {
                        "blocks": [
                          "chiseled_bookshelf"
                        ]
                      }
                    }
                  }
                ]
              }
            ]
          }
        ]
      },
      "trigger": "placed_block"
    }
  },
  "display": {
    "description": {
      "translate": "advancements.adventure.read_power_from_chiseled_bookshelf.description"
    },
    "icon": {
      "id": "chiseled_bookshelf"
    },
    "title": {
      "translate": "advancements.adventure.read_power_from_chiseled_bookshelf.title"
    }
  },
  "requirements": [
    [
      "chiseled_bookshelf",
      "comparator"
    ]
  ],
  "rewards": {
    "experience": 10
  }
}