{
  "parent": "adventure/snow_golem",
  "display": {
    "icon": {
      "id": "carved_pumpkin"
    },
    "title": {
      "translate": "adv.adventure.real_face"
    },
    "description": {
      "translate": "adv.adventure.real_face.desc"
    },
    "frame": "goal"
  },
  "rewards": {
    "experience": 10
  },
  "criteria": {
    "interacted": {
      "trigger": "player_interacted_with_entity",
      "conditions": {
        "item": {
          "items": [
            "shears"
          ]
        },
        "entity": [
          {
            "condition": "entity_properties",
            "predicate": {
              "type": "snow_golem"
            },
            "entity": "this"
          }
        ]
      }
    }
  }
}
