{
  "parent": "adventure/trail_ruins",
  "display": {
    "icon": {
      "id": "music_disc_relic"
    },
    "title": {
      "translate": "adv.adventure.relic"
    },
    "description": {
      "translate": "adv.adventure.relic.desc"
    }
  },
  "rewards": {
    "experience": 10
  },
  "criteria": {
    "music_disc_relic": {
      "trigger": "inventory_changed",
      "conditions": {
        "items": [
          {
            "items": [
              "music_disc_relic"
            ]
          }
        ]
      }
    }
  }
}
