{
  "display": {
    "icon": {
      "id": "map"
    },
    "title": {
      "translate": "advancements.adventure.root.title"
    },
    "description": {
      "translate": "advancements.adventure.root.description"
    },
    "show_toast": false,
    "announce_to_chat": false,
    "background": "textures/gui/advancements/backgrounds/adventure.png"
  },
  "criteria": {
    "killed_something": {
      "trigger": "player_killed_entity",
      "conditions": {}
    },
    "killed_by_something": {
      "trigger": "entity_killed_player",
      "conditions": {}
    }
  },
  "requirements": [
    [
      "killed_something",
      "killed_by_something"
    ]
  ]
}
