{
  "parent": "adventure/find_a_structure",
  "display": {
    "icon": {
      "id": "netherrack"
    },
    "title": {
      "translate": "adv.adventure.ruined_portal"
    },
    "description": {
      "translate": "adv.adventure.ruined_portal.desc"
    }
  },
  "rewards": {
    "experience": 5
  },
  "criteria": {
    "ruined_portal": {
      "trigger": "tick",
      "conditions": {
        "player": {
          "location": {
            "structures": "ruined_portal"
          }
        }
      }
    },
    "ruined_portal_desert": {
      "trigger": "tick",
      "conditions": {
        "player": {
          "location": {
            "structures": "ruined_portal_desert"
          }
        }
      }
    },
    "ruined_portal_jungle": {
      "trigger": "tick",
      "conditions": {
        "player": {
          "location": {
            "structures": "ruined_portal_jungle"
          }
        }
      }
    },
    "ruined_portal_mountain": {
      "trigger": "tick",
      "conditions": {
        "player": {
          "location": {
            "structures": "ruined_portal_mountain"
          }
        }
      }
    },
    "ruined_portal_nether": {
      "trigger": "tick",
      "conditions": {
        "player": {
          "location": {
            "structures": "ruined_portal_nether"
          }
        }
      }
    },
    "ruined_portal_ocean": {
      "trigger": "tick",
      "conditions": {
        "player": {
          "location": {
            "structures": "ruined_portal_ocean"
          }
        }
      }
    },
    "ruined_portal_swamp": {
      "trigger": "tick",
      "conditions": {
        "player": {
          "location": {
            "structures": "ruined_portal_swamp"
          }
        }
      }
    }
  },
  "requirements": [
    [
      "ruined_portal",
      "ruined_portal_desert",
      "ruined_portal_jungle",
      "ruined_portal_mountain",
      "ruined_portal_nether",
      "ruined_portal_ocean",
      "ruined_portal_swamp"
    ]
  ]
}
