{
  "parent": "adventure/use_brush",
  "criteria": {
    "desert_pyramid": {
      "conditions": {
        "loot_table": "archaeology/desert_pyramid"
      },
      "trigger": "player_generates_container_loot"
    },
    "desert_well": {
      "conditions": {
        "loot_table": "archaeology/desert_well"
      },
      "trigger": "player_generates_container_loot"
    },
    "has_sherd": {
      "conditions": {
        "items": [
          {
            "tag": "decorated_pot_sherds"
          }
        ]
      },
      "trigger": "inventory_changed"
    },
    "ocean_ruin_cold": {
      "conditions": {
        "loot_table": "archaeology/ocean_ruin_cold"
      },
      "trigger": "player_generates_container_loot"
    },
    "ocean_ruin_warm": {
      "conditions": {
        "loot_table": "archaeology/ocean_ruin_warm"
      },
      "trigger": "player_generates_container_loot"
    },
    "trail_ruins_common": {
      "conditions": {
        "loot_table": "archaeology/trail_ruins_common"
      },
      "trigger": "player_generates_container_loot"
    },
    "trail_ruins_rare": {
      "conditions": {
        "loot_table": "archaeology/trail_ruins_rare"
      },
      "trigger": "player_generates_container_loot"
    }
  },
  "display": {
    "description": {
      "translate": "advancements.adventure.salvage_sherd.description"
    },
    "icon": {
      "id": "brush"
    },
    "title": {
      "translate": "advancements.adventure.salvage_sherd.title"
    }
  },
  "rewards": {
    "experience": 10
  },
  "requirements": [
    [
      "desert_pyramid",
      "desert_well",
      "ocean_ruin_cold",
      "ocean_ruin_warm",
      "trail_ruins_rare",
      "trail_ruins_common"
    ],
    [
      "has_sherd"
    ]
  ]
}