{
  "parent": "adventure/sculk_catalyst",
  "display": {
    "icon": {
      "id": "sculk_sensor"
    },
    "title": {
      "translate": "adv.adventure.sculk_items"
    },
    "description": {
      "translate": "adv.adventure.sculk_items.desc"
    },
    "frame": "goal"
  },
  "rewards": {
    "experience": 100
  },
  "criteria": {
    "sculk_catalyst": {
      "trigger": "inventory_changed",
      "conditions": {
        "items": [
          {
            "items": [
              "sculk_catalyst"
            ]
          }
        ]
      }
    },
    "sculk_sensor": {
      "trigger": "inventory_changed",
      "conditions": {
        "items": [
          {
            "items": [
              "sculk_sensor"
            ]
          }
        ]
      }
    },
    "calibrated_sculk_sensor": {
      "trigger": "inventory_changed",
      "conditions": {
        "items": [
          {
            "items": [
              "calibrated_sculk_sensor"
            ]
          }
        ]
      }
    },
    "sculk_shrieker": {
      "trigger": "inventory_changed",
      "conditions": {
        "items": [
          {
            "items": [
              "sculk_shrieker"
            ]
          }
        ]
      }
    },
    "sculk_vein": {
      "trigger": "inventory_changed",
      "conditions": {
        "items": [
          {
            "items": [
              "sculk_vein"
            ]
          }
        ]
      }
    },
    "sculk": {
      "trigger": "inventory_changed",
      "conditions": {
        "items": [
          {
            "items": [
              "sculk"
            ]
          }
        ]
      }
    }
  }
}
