{
    "display": {
        "icon": {
            "id": "creeper_head"
        },
        "title": {
            "translate": "adv.adventure.shoot_creeper"
        },
        "description": {
            "translate": "adv.adventure.shoot_creeper.desc"
        }
    },
    "parent": "adventure/shoot_arrow",
    "rewards": {
        "experience": 10
    },
    "criteria": {
        "creeper": {
            "trigger": "player_killed_entity",
            "conditions": {
                "killing_blow": {
                    "is_projectile": true,
                    "direct_entity": {
                        "type": "arrow"
                    }
                },
                "entity": {
                    "type": "creeper"
                }
            }
        }
    }
}
