{
  "parent": "adventure/sleep_in_village",
  "display": {
    "icon": {
      "id": "blue_bed"
    },
    "title": {
      "translate": "adv.adventure.sleep_in_mansion"
    },
    "description": {
      "translate": "adv.adventure.sleep_in_mansion.desc"
    },
    "frame": "goal"
  },
  "rewards": {
    "experience": 10
  },
  "criteria": {
    "mansion": {
      "trigger": "slept_in_bed",
      "conditions": {
        "player": {
          "location": {
            "structures": "mansion"
          }
        }
      }
    }
  }
}
