{
  "parent": "adventure/sleep_in_bed",
  "display": {
    "icon": {
      "id": "white_bed"
    },
    "title": {
      "translate": "adv.adventure.sleep_in_village"
    },
    "description": {
      "translate": "adv.adventure.sleep_in_village.desc"
    }
  },
  "rewards": {
    "experience": 10
  },
  "criteria": {
    "village_desert": {
      "trigger": "slept_in_bed",
      "conditions": {
        "player": {
          "location": {
            "structures": "village_desert"
          }
        }
      }
    },
    "village_plains": {
      "trigger": "slept_in_bed",
      "conditions": {
        "player": {
          "location": {
            "structures": "village_plains"
          }
        }
      }
    },
    "village_savanna": {
      "trigger": "slept_in_bed",
      "conditions": {
        "player": {
          "location": {
            "structures": "village_savanna"
          }
        }
      }
    },
    "village_snowy": {
      "trigger": "slept_in_bed",
      "conditions": {
        "player": {
          "location": {
            "structures": "village_snowy"
          }
        }
      }
    },
    "village_taiga": {
      "trigger": "slept_in_bed",
      "conditions": {
        "player": {
          "location": {
            "structures": "village_taiga"
          }
        }
      }
    }
  },
  "requirements": [
    [
      "village_desert",
      "village_plains",
      "village_savanna",
      "village_snowy",
      "village_taiga"
    ]
  ]
}
