{
  "display": {
    "icon": {
      "id": "netherite_sword"
    },
    "title": {
      "translate": "adv.adventure.strong_baby"
    },
    "description": {
      "translate": "adv.adventure.strong_baby.desc"
    },
    "frame": "challenge"
  },
  "parent": "adventure/pvp_master",
  "criteria": {
    "strong_baby": {
      "trigger": "player_killed_entity",
      "conditions": {
        "entity": {
          "type": "zombie",
          "flags": {"is_baby":true},
          "equipment": {
            "mainhand": {
              "items": [
                "diamond_sword"
              ]
            },
            "head": {
              "items": [
                "diamond_helmet"
              ]
            },
            "chest": {
              "items": [
                "diamond_chestplate"
              ]
            },
            "legs": {
              "items": [
                "diamond_leggings"
              ]
            },
            "feet": {
              "items": [
                "diamond_boots"
              ]
            }
          }
        }
      }
    }
  },
  "rewards": {
    "experience": 500
  }
}
