{
  "parent": "adventure/lightning_rod_with_villager_no_fire",
  "display": {
    "icon": {
      "id": "lightning_rod"
    },
    "title": {
      "translate": "adv.adventure.struck_lightning"
    },
    "description": {
      "translate": "adv.adventure.struck_lightning.desc"
    },
    "frame": "goal"
  },
  "rewards": {
    "experience": 20
  },
  "criteria": {
    "lightning": {
      "trigger": "lightning_strike",
      "conditions": {
        "lightning": [
          {
            "condition": "entity_properties",
            "entity": "this",
            "predicate": {
              "lightning_bolt": {
                "entity_struck": {
                  "type": "player"
                }
              },
              "distance": {
                "absolute": {
                  "max": 2
                }
	      }
            }
          }
        ]
      }
    }
  }
}
