{
  "parent": "adventure/trade",
  "display": {
    "icon": {
      "id": "carved_pumpkin"
    },
    "title": {
      "translate": "advancements.adventure.summon_iron_golem.title"
    },
    "description": {
      "translate": "advancements.adventure.summon_iron_golem.description"
    },
    "frame": "goal"
  },
  "rewards": {
    "function": "ltreward_check/adventure/summon_iron_golem",
    "experience": 10
  },
  "criteria": {
    "summoned_golem": {
      "trigger": "summoned_entity",
      "conditions": {
        "entity": [
          {
            "condition": "entity_properties",
            "predicate": {
              "type": "iron_golem"
            },
            "entity": "this"
          }
        ]
      }
    }
  }
}
