{
  "parent": "adventure/sniper_duel",
  "display": {
    "icon": {
      "id": "arrow"
    },
    "title": {
      "translate": "adv.adventure.super_sniper"
    },
    "description": {
      "translate": "adv.adventure.super_sniper.desc"
    },
    "frame": "challenge"
  },
  "rewards": {
    "experience": 800
  },
  "criteria": {
    "killed_skeleton": {
      "trigger": "player_killed_entity",
      "conditions": {
        "entity": [
          {
            "condition": "entity_properties",
            "predicate": {
              "type": "skeleton",
              "distance": {
                "horizontal": {
                  "min": 66
                }
              }
            },
            "entity": "this"
          }
        ],
        "killing_blow": {
          "is_projectile": true
        }
      }
    }
  }
}
