{
  "display": {
    "icon": {
      "id": "target"
    },
    "title": {
      "translate": "adv.adventure.target_practice"
    },
    "description": {
      "translate": "adv.adventure.target_practice.desc"
    }
  },
  "parent": "adventure/root",
  "criteria": {
    "bullseye": {
      "trigger": "target_hit",
      "conditions": {
        "projectile": [
          {
            "condition": "entity_properties",
            "entity": "this",
            "predicate": {
              "distance": {
                "horizontal": {
                  "min": 10
                }
              }
            }
          }
        ],
        "signal_strength": {
          "min": 1
        }
      }
    }
  },
  "rewards": {
    "experience": 2
  }
}
