{
  "parent": "adventure/trade",
  "display": {
    "icon": {
      "id": "emerald"
    },
    "title": {
      "translate": "adv.adventure.trade_at_world_height"
    },
    "description": {
      "translate": "adv.adventure.trade_at_world_height.desc"
    },
	"frame": "goal"
  },
  "rewards": {
    "experience": 50
  },
  "criteria": {
    "traded": {
      "trigger": "villager_trade",
      "conditions": {
        "player": [
          {
            "condition": "entity_properties",
            "entity": "this",
            "predicate": {
              "location": {
                "position": {
                  "y": {
                    "min": 315
                  }
                }
              }
            }
          }
        ]
      }
    }
  }
}
