{
  "display": {
    "icon": {
      "id": "end_portal_frame"
    },
    "title": {
      "translate": "adv.adventure.trade_in_end"
    },
    "description": {
      "translate": "adv.adventure.trade_in_end.desc"
    },
    "frame": "challenge"
  },
  "parent": "adventure/trade_at_world_height",
  "criteria": {
    "trade_in_end": {
      "trigger": "villager_trade",
      "conditions": {
        "player": [
          {
            "condition": "entity_properties",
            "entity": "this",
            "predicate": {
              "location": {
                "dimension": "the_end"
              }
            }
          }
        ]
      }
    }
  },
  "rewards": {
    "experience": 500
  }
}
