{
  "parent": "adventure/minecraft_trials_edition",
  "display": {
    "icon": {
      "id": "trial_key"
    },
    "title": {
      "translate": "adv.adventure.trial_key"
    },
    "description": {
      "translate": "adv.adventure.trial_key.desc"
    }
  },
  "rewards": {
    "experience": 10
  },
  "criteria": {
    "trial_key": {
      "trigger": "inventory_changed",
      "conditions": {
        "items": [
          {
            "items": [
              "trial_key"
            ]
          }
        ]
      }
    }
  }
}
