{
  "parent": "adventure/root",
  "criteria": {
    "armor_trimmed_coast_armor_trim_smithing_template_smithing_trim": {
      "conditions": {
        "recipe_id": "coast_armor_trim_smithing_template_smithing_trim"
      },
      "trigger": "recipe_crafted"
    },
    "armor_trimmed_dune_armor_trim_smithing_template_smithing_trim": {
      "conditions": {
        "recipe_id": "dune_armor_trim_smithing_template_smithing_trim"
      },
      "trigger": "recipe_crafted"
    },
    "armor_trimmed_eye_armor_trim_smithing_template_smithing_trim": {
      "conditions": {
        "recipe_id": "eye_armor_trim_smithing_template_smithing_trim"
      },
      "trigger": "recipe_crafted"
    },
    "armor_trimmed_host_armor_trim_smithing_template_smithing_trim": {
      "conditions": {
        "recipe_id": "host_armor_trim_smithing_template_smithing_trim"
      },
      "trigger": "recipe_crafted"
    },
    "armor_trimmed_raiser_armor_trim_smithing_template_smithing_trim": {
      "conditions": {
        "recipe_id": "raiser_armor_trim_smithing_template_smithing_trim"
      },
      "trigger": "recipe_crafted"
    },
    "armor_trimmed_rib_armor_trim_smithing_template_smithing_trim": {
      "conditions": {
        "recipe_id": "rib_armor_trim_smithing_template_smithing_trim"
      },
      "trigger": "recipe_crafted"
    },
    "armor_trimmed_sentry_armor_trim_smithing_template_smithing_trim": {
      "conditions": {
        "recipe_id": "sentry_armor_trim_smithing_template_smithing_trim"
      },
      "trigger": "recipe_crafted"
    },
    "armor_trimmed_shaper_armor_trim_smithing_template_smithing_trim": {
      "conditions": {
        "recipe_id": "shaper_armor_trim_smithing_template_smithing_trim"
      },
      "trigger": "recipe_crafted"
    },
    "armor_trimmed_silence_armor_trim_smithing_template_smithing_trim": {
      "conditions": {
        "recipe_id": "silence_armor_trim_smithing_template_smithing_trim"
      },
      "trigger": "recipe_crafted"
    },
    "armor_trimmed_snout_armor_trim_smithing_template_smithing_trim": {
      "conditions": {
        "recipe_id": "snout_armor_trim_smithing_template_smithing_trim"
      },
      "trigger": "recipe_crafted"
    },
    "armor_trimmed_spire_armor_trim_smithing_template_smithing_trim": {
      "conditions": {
        "recipe_id": "spire_armor_trim_smithing_template_smithing_trim"
      },
      "trigger": "recipe_crafted"
    },
    "armor_trimmed_tide_armor_trim_smithing_template_smithing_trim": {
      "conditions": {
        "recipe_id": "tide_armor_trim_smithing_template_smithing_trim"
      },
      "trigger": "recipe_crafted"
    },
    "armor_trimmed_vex_armor_trim_smithing_template_smithing_trim": {
      "conditions": {
        "recipe_id": "vex_armor_trim_smithing_template_smithing_trim"
      },
      "trigger": "recipe_crafted"
    },
    "armor_trimmed_ward_armor_trim_smithing_template_smithing_trim": {
      "conditions": {
        "recipe_id": "ward_armor_trim_smithing_template_smithing_trim"
      },
      "trigger": "recipe_crafted"
    },
    "armor_trimmed_wayfinder_armor_trim_smithing_template_smithing_trim": {
      "conditions": {
        "recipe_id": "wayfinder_armor_trim_smithing_template_smithing_trim"
      },
      "trigger": "recipe_crafted"
    },
    "armor_trimmed_wild_armor_trim_smithing_template_smithing_trim": {
      "conditions": {
        "recipe_id": "wild_armor_trim_smithing_template_smithing_trim"
      },
      "trigger": "recipe_crafted"
    }
  },
  "display": {
    "description": {
      "translate": "advancements.adventure.trim_with_any_armor_pattern.description"
    },
    "icon": {
      "id": "dune_armor_trim_smithing_template"
    },
    "title": {
      "translate": "advancements.adventure.trim_with_any_armor_pattern.title"
    }
  },
  "requirements": [
    [
      "armor_trimmed_rib_armor_trim_smithing_template_smithing_trim",
      "armor_trimmed_silence_armor_trim_smithing_template_smithing_trim",
      "armor_trimmed_wild_armor_trim_smithing_template_smithing_trim",
      "armor_trimmed_shaper_armor_trim_smithing_template_smithing_trim",
      "armor_trimmed_host_armor_trim_smithing_template_smithing_trim",
      "armor_trimmed_tide_armor_trim_smithing_template_smithing_trim",
      "armor_trimmed_snout_armor_trim_smithing_template_smithing_trim",
      "armor_trimmed_ward_armor_trim_smithing_template_smithing_trim",
      "armor_trimmed_wayfinder_armor_trim_smithing_template_smithing_trim",
      "armor_trimmed_spire_armor_trim_smithing_template_smithing_trim",
      "armor_trimmed_coast_armor_trim_smithing_template_smithing_trim",
      "armor_trimmed_dune_armor_trim_smithing_template_smithing_trim",
      "armor_trimmed_raiser_armor_trim_smithing_template_smithing_trim",
      "armor_trimmed_vex_armor_trim_smithing_template_smithing_trim",
      "armor_trimmed_eye_armor_trim_smithing_template_smithing_trim",
      "armor_trimmed_sentry_armor_trim_smithing_template_smithing_trim"
    ]
  ],
  "sends_telemetry_event": true
}