{
  "parent": "adventure/trim_with_any_armor_pattern",
  "criteria": {
    "armor_trimmed_rib_armor_trim_smithing_template_smithing_trim": {
      "conditions": {
        "recipe_id": "rib_armor_trim_smithing_template_smithing_trim"
      },
      "trigger": "recipe_crafted"
    },
    "armor_trimmed_silence_armor_trim_smithing_template_smithing_trim": {
      "conditions": {
        "recipe_id": "silence_armor_trim_smithing_template_smithing_trim"
      },
      "trigger": "recipe_crafted"
    },
    "armor_trimmed_snout_armor_trim_smithing_template_smithing_trim": {
      "conditions": {
        "recipe_id": "snout_armor_trim_smithing_template_smithing_trim"
      },
      "trigger": "recipe_crafted"
    },
    "armor_trimmed_spire_armor_trim_smithing_template_smithing_trim": {
      "conditions": {
        "recipe_id": "spire_armor_trim_smithing_template_smithing_trim"
      },
      "trigger": "recipe_crafted"
    },
    "armor_trimmed_tide_armor_trim_smithing_template_smithing_trim": {
      "conditions": {
        "recipe_id": "tide_armor_trim_smithing_template_smithing_trim"
      },
      "trigger": "recipe_crafted"
    },
    "armor_trimmed_vex_armor_trim_smithing_template_smithing_trim": {
      "conditions": {
        "recipe_id": "vex_armor_trim_smithing_template_smithing_trim"
      },
      "trigger": "recipe_crafted"
    },
    "armor_trimmed_ward_armor_trim_smithing_template_smithing_trim": {
      "conditions": {
        "recipe_id": "ward_armor_trim_smithing_template_smithing_trim"
      },
      "trigger": "recipe_crafted"
    },
    "armor_trimmed_wayfinder_armor_trim_smithing_template_smithing_trim": {
      "conditions": {
        "recipe_id": "wayfinder_armor_trim_smithing_template_smithing_trim"
      },
      "trigger": "recipe_crafted"
    }
  },
  "display": {
    "description": {
      "translate": "advancements.adventure.trim_with_all_exclusive_armor_patterns.description"
    },
    "frame": "challenge",
    "icon": {
      "id": "silence_armor_trim_smithing_template"
    },
    "title": {
      "translate": "advancements.adventure.trim_with_all_exclusive_armor_patterns.title"
    }
  },
  "sends_telemetry_event": true
}