{
  "parent": "adventure/whos_the_pillager_now",
  "display": {
    "icon": {
      "id": "crossbow"
    },
    "title": {
      "translate": "advancements.adventure.two_birds_one_arrow.title"
    },
    "description": {
      "translate": "advancements.adventure.two_birds_one_arrow.description"
    },
    "frame": "challenge"
  },
  "rewards": {
    "experience": 100
  },
  "criteria": {
    "two_birds": {
      "trigger": "killed_by_crossbow",
      "conditions": {
        "victims": [
          [
            {
              "condition": "entity_properties",
              "predicate": {
                "type": "phantom"
              },
              "entity": "this"
            }
          ],
          [
            {
              "condition": "entity_properties",
              "predicate": {
                "type": "phantom"
              },
              "entity": "this"
            }
          ]
        ]
      }
    }
  }
}
