{
  "display": {
    "icon": {
      "id": "trial_key"
    },
    "title": {
      "translate": "advancements.adventure.under_lock_and_key.title"
    },
    "description": {
      "translate": "advancements.adventure.under_lock_and_key.description"
    }
  },
  "parent": "adventure/trial_key",
  "criteria": {
    "under_lock_and_key": {
      "trigger": "item_used_on_block",
      "conditions": {
        "location": [
          {
            "condition": "location_check",
            "predicate": {
              "block": {
                "blocks": "vault",
                "state": {
                  "ominous": "false"
                }
              }
            }
          },
          {
            "condition": "match_tool",
            "predicate": {
              "items": "trial_key"
            }
          }
        ]
      }
    }
  },
  "rewards": {
    "experience": 10
  }
}
