{
  "display": {
    "icon": {
      "id": "water_bucket"
    },
    "title": {
      "translate": "adv.adventure.undertale"
    },
    "description": {
      "translate": "adv.adventure.undertale.desc"
    }
  },
  "parent": "adventure/fall_damage_protector",
  "criteria": {
    "fall_from_world_height": {
      "trigger": "fall_from_height",
      "conditions": {
        "distance": {
          "y": {
            "min": 50
          }
        }
      }
    }
  },
  "rewards": {
    "experience": 30
  }
}
