{
  "display": {
    "icon": {
      "id": "goat_horn"
    },
    "title": {
      "translate": "adv.adventure.use_goat_horn"
    },
    "description": {
      "translate": "adv.adventure.use_goat_horn.desc"
    }
  },
  "parent": "adventure/bell",
  "criteria": {
    "plains": {
      "trigger": "using_item",
      "conditions": {
        "player": {
          "location": {
            "structures": "village_plains"
          }
        },
        "item": {
          "items": [
            "goat_horn"
          ]
        }
      }
    },
    "desert": {
      "trigger": "using_item",
      "conditions": {
        "player": {
          "location": {
            "structures": "village_desert"
          }
        },
        "item": {
          "items": [
            "goat_horn"
          ]
        }
      }
    },
    "savanna": {
      "trigger": "using_item",
      "conditions": {
        "player": {
          "location": {
            "structures": "village_savanna"
          }
        },
        "item": {
          "items": [
            "goat_horn"
          ]
        }
      }
    },
    "taiga": {
      "trigger": "using_item",
      "conditions": {
        "player": {
          "location": {
            "structures": "village_taiga"
          }
        },
        "item": {
          "items": [
            "goat_horn"
          ]
        }
      }
    },
    "ice": {
      "trigger": "using_item",
      "conditions": {
        "player": {
          "location": {
            "structures": "village_snowy"
          }
        },
        "item": {
          "items": [
            "goat_horn"
          ]
        }
      }
    }
  },
  "requirements": [
    [
      "plains",
      "desert",
      "savanna",
      "taiga",
      "ice"
    ]
  ],
  "rewards": {
    "experience": 15
  }
}
