{
  "parent": "adventure/throw_trident",
  "display": {
    "icon": {
      "id": "trident"
    },
    "title": {
      "translate": "advancements.adventure.very_very_frightening.title"
    },
    "description": {
      "translate": "advancements.adventure.very_very_frightening.description"
    },
    "frame": "goal"
  },
  "rewards": {
    "experience": 75
  },
  "criteria": {
    "struck_villager": {
      "trigger": "channeled_lightning",
      "conditions": {
        "victims": [
          [
            {
              "condition": "entity_properties",
              "predicate": {
                "type": "villager"
              },
              "entity": "this"
            }
          ]
        ]
      }
    }
  }
}
