{
  "display": {
    "icon": {
      "id": "vex_spawn_egg"
    },
    "title": {
      "translate": "adv.adventure.vex"
    },
    "description": {
      "translate": "adv.adventure.vex.desc"
    }
  },
  "parent": "adventure/evoker",
  "criteria": {
    "vex": {
      "trigger": "player_killed_entity",
      "conditions": {
        "entity": [
          {
            "condition": "entity_properties",
            "entity": "this",
            "predicate": {
              "type": "vex"
            }
          }
        ]
      }
    }
  },
  "rewards": {
    "experience": 10
  }
}
