{
  "display": {
    "icon": {
      "id": "white_banner",
      "components": {
        "banner_patterns": [
          {
            "pattern": "rhombus",
            "color": "cyan"
          },
          {
            "pattern": "stripe_bottom",
            "color": "light_gray"
          },
          {
            "pattern": "stripe_center",
            "color": "gray"
          },
          {
            "pattern": "border",
            "color": "light_gray"
          },
          {
            "pattern": "stripe_middle",
            "color": "black"
          },
          {
            "pattern": "half_horizontal",
            "color": "light_gray"
          },
          {
            "pattern": "circle",
            "color": "light_gray"
          },
          {
            "pattern": "border",
            "color": "black"
          }
        ],
        "hide_additional_tooltip": {},
        "item_name": "{\"color\":\"gold\",\"translate\":\"block.minecraft.ominous_banner\"}"
      }
    },
    "title": {
      "translate": "advancements.adventure.voluntary_exile.title"
    },
    "description": {
      "translate": "advancements.adventure.voluntary_exile.description"
    }
  },
  "parent": "adventure/root",
  "criteria": {
    "voluntary_exile": {
      "trigger": "player_killed_entity",
      "conditions": {
        "entity": [
          {
            "condition": "entity_properties",
            "entity": "this",
            "predicate": {
              "type": "#raiders",
              "equipment": {
                "head": {
                  "items": "white_banner",
                  "components": {
                    "attribute_modifiers": {
                      "modifiers": []
                    },
                    "banner_patterns": [
                      {
                        "pattern": "rhombus",
                        "color": "cyan"
                      },
                      {
                        "pattern": "stripe_bottom",
                        "color": "light_gray"
                      },
                      {
                        "pattern": "stripe_center",
                        "color": "gray"
                      },
                      {
                        "pattern": "border",
                        "color": "light_gray"
                      },
                      {
                        "pattern": "stripe_middle",
                        "color": "black"
                      },
                      {
                        "pattern": "half_horizontal",
                        "color": "light_gray"
                      },
                      {
                        "pattern": "circle",
                        "color": "light_gray"
                      },
                      {
                        "pattern": "border",
                        "color": "black"
                      }
                    ],
                    "enchantments": {
                      "levels": {}
                    },
                    "hide_additional_tooltip": {},
                    "item_name": "{\"color\":\"gold\",\"translate\":\"block.minecraft.ominous_banner\"}",
                    "lore": [],
                    "max_stack_size": 16,
                    "rarity": "common",
                    "repair_cost": 0
                  }
                }
              }
            }
          }
        ]
      }
    }
  },
  "rewards": {
    "experience": 10
  }
}
