{
  "parent": "adventure/sleep_in_bed",
  "criteria": {
    "walk_on_powder_snow_with_leather_boots": {
      "conditions": {
        "player": [
          {
            "condition": "entity_properties",
            "entity": "this",
            "predicate": {
              "equipment": {
                "feet": {
                  "items": [
                    "leather_boots"
                  ]
                }
              },
              "stepping_on": {
                "block": {
                  "blocks": [
                    "powder_snow"
                  ]
                }
              }
            }
          }
        ]
      },
      "trigger": "tick"
    }
  },
  "rewards": {
    "experience": 10
  },
  "display": {
    "description": {
      "translate": "advancements.adventure.walk_on_powder_snow_with_leather_boots.description"
    },
    "icon": {
      "id": "leather_boots"
    },
    "title": {
      "translate": "advancements.adventure.walk_on_powder_snow_with_leather_boots.title"
    }
  }
}
