{
  "parent": "adventure/minecraft_trials_edition",
  "criteria": {
    "who_needs_rockets": {
      "conditions": {
        "cause": [
          {
            "condition": "entity_properties",
            "entity": "this",
            "predicate": {
              "type": "wind_charge"
            }
          }
        ],
        "distance": {
          "y": {
            "min": 7.0
          }
        }
      },
      "trigger": "fall_after_explosion"
    }
  },
  "display": {
    "description": {
      "translate": "advancements.adventure.who_needs_rockets.description"
    },
    "icon": {
      "id": "wind_charge"
    },
    "title": {
      "translate": "advancements.adventure.who_needs_rockets.title"
    }
  },
  "rewards": {
    "experience": 30
  }
}