{
  "display": {
    "icon": {
      "id": "warden_spawn_egg"
    },
    "title": {
      "translate": "adv.adventure.whos_the_warden_now"
    },
    "description": {
      "translate": "adv.adventure.whos_the_warden_now.desc"
    },
    "frame": "challenge"
  },
  "parent": "adventure/whos_the_pillager_now",
  "criteria": {
    "whos_the_warden_now": {
      "trigger": "player_hurt_entity",
      "conditions": {
        "player": {
          "effects": {
            "blindness": {}
          }
        },
        "damage": {
          "dealt": {
            "min": 18
          },
          "type": {
            "is_explosion": false,
            "is_fire": false,
            "is_magic": false,
            "is_projectile": false,
            "is_lightning": false
          }
        }
      }
    }
  },
  "rewards": {
    "experience": 200
  }
}
