{
  "parent": "adventure/ol_betsy",
  "display": {
    "icon": {
      "id": "crossbow"
    },
    "title": {
      "translate": "advancements.adventure.whos_the_pillager_now.title"
    },
    "description": {
      "translate": "advancements.adventure.whos_the_pillager_now.description"
    }
  },
  "rewards": {
    "experience": 20
  },
  "criteria": {
    "kill_pillager": {
      "trigger": "killed_by_crossbow",
      "conditions": {
        "victims": [
          [
            {
              "condition": "entity_properties",
              "predicate": {
                "type": "pillager"
              },
              "entity": "this"
            }
          ]
        ]
      }
    }
  }
}
