{
  "rewards": {
    "function": "msg/tips/advanced_farlander"
  },
  "criteria": {
    "edge_of_world": {
      "trigger": "tick",
      "conditions": {
        "player": {
          "location": {
            "position": {
              "x": {
                "min": 50000
              }
            }
          }
        }
      }
    },
    "edge_of_world_minus": {
      "trigger": "tick",
      "conditions": {
        "player": {
          "location": {
            "position": {
              "x": {
                "max": -50000
              }
            }
          }
        }
      }
    },
    "edge_of_world_z": {
      "trigger": "tick",
      "conditions": {
        "player": {
          "location": {
            "position": {
              "z": {
                "min": 50000
              }
            }
          }
        }
      }
    },
    "edge_of_world_z_minus": {
      "trigger": "tick",
      "conditions": {
        "player": {
          "location": {
            "position": {
              "z": {
                "max": -50000
              }
            }
          }
        }
      }
    }
  },
  "requirements": [
    [
      "edge_of_world",
      "edge_of_world_minus",
      "edge_of_world_z",
      "edge_of_world_z_minus"
    ]
  ]
}
