{
  "rewards": {
    "function": "msg/tips/speedrun_finish"
  },
  "criteria": {
    "survivor": {
      "trigger": "tick",
      "conditions": {
        "player": {
          "type_specific": {
            "type": "player",
            "stats": [
              {
                "type": "custom",
                "stat": "play_time",
                "value": {
                  "min": 48000
                }
              }
            ],
            "advancements": {
              "challenge:speedrun": false
            }
          }
        }
      }
    }
  }
}
