{
  "parent": "end/kill_dragon",
  "display": {
    "icon": {
      "id": "dragon_breath"
    },
    "title": {
      "translate": "advancements.end.dragon_breath.title"
    },
    "description": {
      "translate": "advancements.end.dragon_breath.description"
    },
    "frame": "goal"
  },
  "rewards": {
    "experience": 30
  },
  "criteria": {
    "dragon_breath": {
      "trigger": "inventory_changed",
      "conditions": {
        "items": [
          {
            "items": [
              "dragon_breath"
            ]
          }
        ]
      }
    }
  }
}
