{
	"display": {
		"icon": {
			"id": "dragon_head"
		},
		"title": {
			"translate": "adv.end.dragon_hunter"
		},
		"description": {
			"translate": "adv.end.dragon_hunter.desc"
		},
		"frame": "challenge"
	},
	"parent": "end/kill_dragon_again",
	"rewards": {
		"experience": 5000
	},
	"criteria": {
		"kill_dragon": {
			"trigger": "tick",
			"conditions": {
				"player": {
					"type_specific": {
						"type": "player",
						"stats": [
							{
								"type": "killed",
								"stat": "ender_dragon",
								"value": {
									"min": 5
								}
							}
						]
					}
				}
			}
		}
	}
}
