{
  "parent": "end/elytra",
  "display": {
    "icon": {
      "id": "elytra",
      "nbt": "{Damage:432}"
    },
    "title": {
      "translate": "adv.end.elytra_broken"
    },
    "description": {
      "translate": "adv.end.elytra_broken.desc"
    },
    "frame": "goal"
  },
  "rewards": {
    "experience": 20
  },
  "criteria": {
    "elytra": {
      "trigger": "item_durability_changed",
      "conditions": {
        "item": {
          "items": [
            "elytra"
          ]
        },
        "durability": 1
      }
    }
  }
}
