{
  "parent": "end/elytra_broken",
  "display": {
    "icon": {
      "id": "elytra",
      "nbt": "{Damage:432}"
    },
    "title": {
      "translate": "adv.end.elytra_problem"
    },
    "description": {
      "translate": "adv.end.elytra_problem.desc"
    },
    "frame": "challenge"
  },
  "rewards": {
    "experience": 500
  },
  "criteria": {
    "elytra": {
      "trigger": "item_durability_changed",
      "conditions": {
        "item": {
          "items": [
            "elytra"
          ]
        },
        "durability": 1,
        "player": {
          "location": {
            "dimension": "the_end",
            "position": {
              "y": {
                "min": 750
              }
            }
          }
        }
      }
    }
  }
}
