{
  "parent": "end/root",
  "display": {
    "icon": {
      "id": "end_stone"
    },
    "title": {
      "translate": "adv.end.end_stone"
    },
    "description": {
      "translate": "adv.end.end_stone.desc"
    }
  },
  "rewards": {
    "function": "ltreward_check/end/end_stone"
  },
  "criteria": {
    "end_stone": {
      "trigger": "inventory_changed",
      "conditions": {
        "items": [
          {
            "items": [
              "end_stone"
            ]
          }
        ]
      }
    }
  }
}
