{
  "parent": "end/kill_dragon",
  "display": {
    "icon": {
      "id": "end_crystal"
    },
    "title": {
      "translate": "adv.end.end_crystal"
    },
    "description": {
      "translate": "adv.end.end_crystal.desc"
    }
  },
  "rewards": {
    "experience": 10
  },
  "criteria": {
    "end_crystal": {
      "trigger": "inventory_changed",
      "conditions": {
        "items": [
          {
            "items": [
              "end_crystal"
            ]
          }
        ]
      }
    }
  }
}
