{
  "parent": "end/enter_end_gateway",
  "display": {
    "icon": {
      "id": "end_stone"
    },
    "title": {
      "translate": "adv.end.end_biomes"
    },
    "description": {
      "translate": "adv.end.end_biomes.desc"
    }
  },
  "rewards": {
    "experience": 50
  },
  "criteria": {
    "the_end": {
      "trigger": "tick",
      "conditions": {
        "player": {
          "location": {
            "biomes": "the_end"
          }
        }
      }
    },
    "end_barrens": {
      "trigger": "tick",
      "conditions": {
        "player": {
          "location": {
            "biomes": "end_barrens"
          }
        }
      }
    },
    "end_highlands": {
      "trigger": "tick",
      "conditions": {
        "player": {
          "location": {
            "biomes": "end_highlands"
          }
        }
      }
    },
    "small_end_islands": {
      "trigger": "tick",
      "conditions": {
        "player": {
          "location": {
            "biomes": "small_end_islands"
          }
        }
      }
    },
    "end_midlands": {
      "trigger": "tick",
      "conditions": {
        "player": {
          "location": {
            "biomes": "end_midlands"
          }
        }
      }
    }
  }
}
