{
  "parent": "end/end_stone_bricks",
  "display": {
    "icon": {
      "id": "end_stone_bricks"
    },
    "title": {
      "translate": "adv.end.end_stone_brick_building"
    },
    "description": {
      "translate": "adv.end.end_stone_brick_building.desc"
    },
    "frame": "goal"
  },
  "rewards": {
    "experience": 100
  },
  "criteria": {
    "end_stone_bricks": {
      "trigger": "inventory_changed",
      "conditions": {
        "items": [
          {
            "items": [
              "end_stone_bricks"
            ]
          }
        ]
      }
    },
    "end_stone_brick_slab": {
      "trigger": "inventory_changed",
      "conditions": {
        "items": [
          {
            "items": [
              "end_stone_brick_slab"
            ]
          }
        ]
      }
    },
    "end_stone_brick_stairs": {
      "trigger": "inventory_changed",
      "conditions": {
        "items": [
          {
            "items": [
              "end_stone_brick_stairs"
            ]
          }
        ]
      }
    },
    "end_stone_brick_wall": {
      "trigger": "inventory_changed",
      "conditions": {
        "items": [
          {
            "items": [
              "end_stone_brick_wall"
            ]
          }
        ]
      }
    }
  }
}
