{
  "parent": "end/kill_dragon",
  "display": {
    "icon": {
      "id": "ender_pearl"
    },
    "title": {
      "translate": "advancements.end.enter_end_gateway.title"
    },
    "description": {
      "translate": "advancements.end.enter_end_gateway.description"
    }
  },
  "rewards": {
    "function": "ltreward_check/end/enter_end_gateway",
    "experience": 5
  },
  "criteria": {
    "entered_end_gateway": {
      "trigger": "enter_block",
      "conditions": {
        "block": "end_gateway"
      }
    }
  }
}
