{
  "display": {
    "icon": {
      "id": "water_bucket"
    },
    "title": {
      "translate": "adv.end.fall_from_end_world_height"
    },
    "description": {
      "translate": "adv.end.fall_from_end_world_height.desc"
    },
    "frame": "challenge"
  },
  "parent": "end/root",
  "criteria": {
    "fall_from_world_height": {
      "trigger": "fall_from_height",
      "conditions": {
        "player": [
          {
            "condition": "entity_properties",
            "entity": "this",
            "predicate": {
              "location": {
                "position": {
                  "y": {
                    "max": 63
                  }
                },
                "dimension": "the_end"
              }
            }
          }
        ],
        "start_position": {
          "position": {
            "y": {
              "min": 254
            }
          }
        },
        "distance": {
          "y": {
            "min": 190
          }
        }
      }
    }
  },
  "rewards": {
    "experience": 500
  }
}
