{
  "display": {
    "icon": {
      "id": "dragon_head"
    },
    "title": {
      "translate": "adv.end.get_dragon_head"
    },
    "description": {
      "translate": "adv.end.get_dragon_head.desc"
    }
  },
  "parent": "end/elytra",
  "criteria": {
    "stack_dragon_head": {
      "trigger": "inventory_changed",
      "conditions": {
        "items": [
          {
            "items": [
              "dragon_head"
            ]
          }
        ]
      }
    }
  },
  "rewards": {
    "experience": 10
  }
}
