{
  "display": {
    "icon": {
      "id": "shulker_shell"
    },
    "title": {
      "translate": "adv.end.kill_with_levitate"
    },
    "description": {
      "translate": "adv.end.kill_with_levitate.desc"
    },
    "frame": "challenge"
  },
  "parent": "end/hurt_by_shulker",
  "criteria": {
    "zombie": {
      "trigger": "player_killed_entity",
      "conditions": {
        "player": {
          "effects": {
            "levitation": {}
          }
        },
        "entity": {
          "type": "#minecraft:zombies",
          "effects": {
            "levitation": {}
          }
        }
      }
    },
    "skeleton": {
      "trigger": "player_killed_entity",
      "conditions": {
        "player": {
          "effects": {
            "levitation": {}
          }
        },
        "entity": {
          "type": "#minecraft:skeletons",
          "effects": {
            "levitation": {}
          }
        }
      }
    }
  },
  "rewards": {
    "experience": 1600
  }
}
