{
  "display": {
    "icon": {
      "id": "shulker_box"
    },
    "title": {
      "translate": "adv.end.name_shulker_box"
    },
    "description": {
      "translate": "adv.end.name_shulker_box.desc"
    },
    "frame": "goal"
  },
  "parent": "end/shulker_box",
  "criteria": {
    "shulker_box": {
      "trigger": "inventory_changed",
      "conditions": {
        "items": [
          {
            "items": [
              "shulker_box"
            ],
            "components": {
              "custom_name": "cxk"
            }
          }
        ]
      }
    }
  },
  "rewards": {
    "experience": 10
  }
}
