{
  "display": {
    "icon": {
      "id": "wheat_seeds"
    },
    "title": {
      "translate": "adv.end.plant_seed_end"
    },
    "description": {
      "translate": "adv.end.plant_seed_end.desc"
    }
  },
  "parent": "end/chorus_fruit",
  "criteria": {
    "plant": {
      "trigger": "placed_block",
      "conditions": {
        "location": [
          {
            "condition": "block_state_property",
            "block": "oak_sapling"
          },
          {
            "condition": "location_check",
            "predicate": {
              "biome": "the_end"
            }
          }
        ]
      }
    }
  },
  "rewards": {
    "experience": 10
  }
}
