{
  "parent": "end/end_crystal",
  "display": {
    "icon": {
      "id": "end_crystal"
    },
    "title": {
      "translate": "advancements.end.respawn_dragon.title"
    },
    "description": {
      "translate": "advancements.end.respawn_dragon.description"
    },
    "frame": "goal"
  },
  "rewards": {
    "function": "ltreward_check/end/respawn_dragon",
    "experience": 20
  },
  "criteria": {
    "summoned_dragon": {
      "trigger": "summoned_entity",
      "conditions": {
        "entity": [
          {
            "condition": "entity_properties",
            "predicate": {
              "type": "ender_dragon"
            },
            "entity": "this"
          }
        ]
      }
    }
  }
}
