{
  "display": {
    "icon": {
      "id": "end_stone"
    },
    "title": {
      "translate": "adv.end.travel_far_end"
    },
    "description": {
      "translate": "adv.end.travel_far_end.desc"
    },
    "frame": "challenge"
  },
  "parent": "end/direct_gateway",
  "criteria": {
    "direct_gateway_pos": {
      "trigger": "tick",
      "conditions": {
        "player": {
          "location": {
            "position": {
              "x": {
                "min": 5000
              }
            },
            "dimension": "the_end"
          }
        }
      }
    },
    "direct_gateway_d1": {
      "trigger": "tick",
      "conditions": {
        "player": {
          "location": {
            "position": {
              "x": {
                "max": -5000
              }
            },
            "dimension": "the_end"
          }
        }
      }
    },
    "direct_gateway_d2": {
      "trigger": "tick",
      "conditions": {
        "player": {
          "location": {
            "position": {
              "z": {
                "min": 5000
              }
            },
            "dimension": "the_end"
          }
        }
      }
    },
    "direct_gateway_neg": {
      "trigger": "tick",
      "conditions": {
        "player": {
          "location": {
            "position": {
              "z": {
                "max": -5000
              }
            },
            "dimension": "the_end"
          }
        }
      }
    }
  },
  "requirements": [
    [
      "direct_gateway_pos",
      "direct_gateway_d1",
      "direct_gateway_d2",
      "direct_gateway_neg"
    ]
  ],
  "rewards": {
    "experience": 750
  }
}
