{
  "display": {
    "icon": {
      "id": "deepslate_diamond_ore"
    },
    "title": {
      "translate": "adv.caves.all_ores"
    },
    "description": {
      "translate": "adv.caves.all_ores.desc"
    },
    "frame": "challenge"
  },
  "parent": "caves_cliffs/raw_gold",
  "criteria": {
    "coal": {
      "trigger": "inventory_changed",
      "conditions": {
        "items": [
          {
            "items": [
              "coal"
            ]
          }
        ]
      }
    },
    "raw_iron": {
      "trigger": "inventory_changed",
      "conditions": {
        "items": [
          {
            "items": [
              "raw_iron"
            ]
          }
        ]
      }
    },
    "raw_copper": {
      "trigger": "inventory_changed",
      "conditions": {
        "items": [
          {
            "items": [
              "raw_copper"
            ]
          }
        ]
      }
    },
    "raw_gold": {
      "trigger": "inventory_changed",
      "conditions": {
        "items": [
          {
            "items": [
              "raw_gold"
            ]
          }
        ]
      }
    },
    "diamond": {
      "trigger": "inventory_changed",
      "conditions": {
        "items": [
          {
            "items": [
              "diamond"
            ]
          }
        ]
      }
    },
    "redstone": {
      "trigger": "inventory_changed",
      "conditions": {
        "items": [
          {
            "items": [
              "redstone"
            ]
          }
        ]
      }
    },
    "emerald": {
      "trigger": "inventory_changed",
      "conditions": {
        "items": [
          {
            "items": [
              "emerald"
            ]
          }
        ]
      }
    },
    "lapis_lazuli": {
      "trigger": "inventory_changed",
      "conditions": {
        "items": [
          {
            "items": [
              "lapis_lazuli"
            ]
          }
        ]
      }
    },
    "gold_nugget": {
      "trigger": "inventory_changed",
      "conditions": {
        "items": [
          {
            "items": [
              "gold_nugget"
            ]
          }
        ]
      }
    },
    "quartz": {
      "trigger": "inventory_changed",
      "conditions": {
        "items": [
          {
            "items": [
              "quartz"
            ]
          }
        ]
      }
    }
  },
  "rewards": {
    "experience": 200
  }
}
