{
    "display": {
        "icon": {
            "id": "amethyst_shard"
        },
        "title": {
            "translate": "adv.caves.amethyst_shard"
        },
        "description": {
            "translate": "adv.caves.amethyst_shard.desc"
        }
    },
    "parent": "caves_cliffs/root",
    "rewards": {
        "function": "ltreward_check/caves/amethyst_shard",
        "experience": 10
    },
    "criteria": {
        "amethyst_shard": {
            "trigger": "inventory_changed",
            "conditions": {
                "items": [
                    {
                        "items": [
                            "amethyst_shard"
                        ]
                    }
                ]
            }
        }
    }
}
