{
    "display": {
        "icon": {
            "id": "azalea"
        },
        "title": {
            "translate": "adv.caves.azalea"
        },
        "description": {
            "translate": "adv.caves.azalea.desc"
        }
    },
    "parent": "caves_cliffs/big_dripleaf",
    "rewards": {
        "experience": 10
    },
    "criteria": {
        "azalea": {
            "trigger": "inventory_changed",
            "conditions": {
                "items": [
                    {
                        "items": [
                            "azalea"
                        ]
                    }
                ]
            }
        }
    }
}
