{
  "parent": "caves_cliffs/lush_caves",
  "display": {
    "icon": {
      "id": "big_dripleaf"
    },
    "title": {
      "translate": "adv.caves.big_dripleaf"
    },
    "description": {
      "translate": "adv.caves.big_dripleaf.desc"
    }
  },
  "rewards": {
    "experience": 5
  },
  "criteria": {
    "big_dripleaf": {
      "trigger": "inventory_changed",
      "conditions": {
        "items": [
          {
            "items": ["big_dripleaf"]
          }
        ]
      }
    }
  }
}
