{
  "display": {
    "icon": {
      "id": "sculk_catalyst"
    },
    "title": {
      "translate": "adv.caves.cave_biomes"
    },
    "description": {
      "translate": "adv.caves.cave_biomes.desc"
    },
    "frame": "challenge"
  },
  "parent": "caves_cliffs/into_cave",
  "criteria": {
    "dripstone_caves": {
      "trigger": "tick",
      "conditions": {
        "player": {
          "location": {
            "biomes": "dripstone_caves"
          }
        }
      }
    },
    "lush_caves": {
      "trigger": "tick",
      "conditions": {
        "player": {
          "location": {
            "biomes": "lush_caves"
          }
        }
      }
    },
    "deep_dark": {
      "trigger": "tick",
      "conditions": {
        "player": {
          "location": {
            "biomes": "deep_dark"
          }
        }
      }
    }
  },
  "rewards": {
    "experience": 200
  }
}
