{
  "display": {
    "icon": {
      "id": "cobblestone"
    },
    "title": {
      "translate": "adv.caves.caves_and_cliffs"
    },
    "description": {
      "translate": "adv.caves.caves_and_cliffs.desc"
    },
    "frame": "challenge"
  },
  "parent": "caves_cliffs/cave_biomes",
  "criteria": {
    "dripstone_caves": {
      "trigger": "tick",
      "conditions": {
        "player": {
          "location": {
            "biomes": "dripstone_caves"
          }
        }
      }
    },
    "lush_caves": {
      "trigger": "tick",
      "conditions": {
        "player": {
          "location": {
            "biomes": "lush_caves"
          }
        }
      }
    },
    "deep_dark": {
      "trigger": "tick",
      "conditions": {
        "player": {
          "location": {
            "biomes": "deep_dark"
          }
        }
      }
    },
    "frozen_peaks": {
      "trigger": "tick",
      "conditions": {
        "player": {
          "location": {
            "biomes": "frozen_peaks"
          }
        }
      }
    },
    "jagged_peaks": {
      "trigger": "tick",
      "conditions": {
        "player": {
          "location": {
            "biomes": "jagged_peaks"
          }
        }
      }
    },
    "windswept_gravelly_hills": {
      "trigger": "tick",
      "conditions": {
        "player": {
          "location": {
            "biomes": "windswept_gravelly_hills"
          }
        }
      }
    },
    "grove": {
      "trigger": "tick",
      "conditions": {
        "player": {
          "location": {
            "biomes": "grove"
          }
        }
      }
    },
    "stony_peaks": {
      "trigger": "tick",
      "conditions": {
        "player": {
          "location": {
            "biomes": "stony_peaks"
          }
        }
      }
    },
    "meadow": {
      "trigger": "tick",
      "conditions": {
        "player": {
          "location": {
            "biomes": "meadow"
          }
        }
      }
    },
    "mountains": {
      "trigger": "tick",
      "conditions": {
        "player": {
          "location": {
            "biomes": "windswept_hills"
          }
        }
      }
    },
    "snowy_slopes": {
      "trigger": "tick",
      "conditions": {
        "player": {
          "location": {
            "biomes": "snowy_slopes"
          }
        }
      }
    },
    "windswept_forest": {
      "trigger": "tick",
      "conditions": {
        "player": {
          "location": {
            "biomes": "windswept_forest"
          }
        }
      }
    }
  },
  "rewards": {
    "experience": 50
  }
}
