{
    "display": {
        "icon": {
            "id": "copper_ingot"
        },
        "title": {
            "translate": "adv.caves.copper"
        },
        "description": {
            "translate": "adv.caves.copper.desc"
        }
    },
    "parent": "caves_cliffs/raw_copper",
    "rewards": {
        "experience": 5
    },
    "criteria": {
        "copper_ingot": {
            "trigger": "inventory_changed",
            "conditions": {
                "items": [
                    {
                        "items": [
                            "copper_ingot"
                        ]
                    }
                ]
            }
        }
    }
}
