{
  "parent": "caves_cliffs/decorated_stone",
  "display": {
    "icon": {
      "id": "granite"
    },
    "title": {
      "translate": "adv.caves.decorated_stone_2"
    },
    "description": {
      "translate": "adv.caves.decorated_stone_2.desc"
    },
    "frame": "challenge"
  },
  "rewards": {
    "experience": 200
  },
  "criteria": {
    "granite": {
      "trigger": "inventory_changed",
      "conditions": {
        "items": [
          {
            "items": [
              "granite"
            ],
            "count": 64
          }
        ]
      }
    },
    "andesite": {
      "trigger": "inventory_changed",
      "conditions": {
        "items": [
          {
            "items": [
              "andesite"
            ],
            "count": 64
          }
        ]
      }
    },
    "diorite": {
      "trigger": "inventory_changed",
      "conditions": {
        "items": [
          {
            "items": [
              "diorite"
            ],
            "count": 64
          }
        ]
      }
    }
  }
}
