{
    "display": {
        "icon": {
            "id": "deepslate_coal_ore"
        },
        "title": {
            "translate": "adv.caves.deepslate_coal_ore"
        },
        "description": {
            "translate": "adv.caves.deepslate_coal_ore.desc"
        },
        "frame": "challenge"
    },
    "parent": "caves_cliffs/much_coal",
    "rewards": {
        "experience": 50
    },
    "criteria": {
        "deepslate_coal_ore": {
            "trigger": "inventory_changed",
            "conditions": {
                "items": [
                    {
                        "items": [
                            "deepslate_coal_ore"
                        ]
                    }
                ]
            }
        }
    }
}
