{
  "display": {
    "icon": {
      "id": "dripstone_block"
    },
    "title": {
      "translate": "adv.caves.dripstone_caves"
    },
    "description": {
      "translate": "adv.caves.dripstone_caves.desc"
    }
  },
  "parent": "caves_cliffs/into_cave",
  "criteria": {
    "dripstone_caves": {
      "trigger": "tick",
      "conditions": {
        "player": {
          "location": {
            "biomes": "dripstone_caves"
          }
        }
      }
    }
  },
  "rewards": {
    "experience": 20
  }
}
