{
  "display": {
    "icon": {
      "id": "chorus_fruit"
    },
    "title": {
      "translate": "adv.caves.eat_chorus_fruit_in_deep_overworld"
    },
    "description": {
      "translate": "adv.caves.eat_chorus_fruit_in_deep_overworld.desc"
    }
  },
  "parent": "caves_cliffs/into_darkness",
  "criteria": {
    "chorus_fruit": {
      "trigger": "consume_item",
      "conditions": {
        "player": {
          "location": {
            "position": {
              "y": {
                "max": 0
              }
            },
            "dimension": "overworld"
          }
        },
        "item": {
          "items": [
            "chorus_fruit"
          ]
        }
      }
    }
  },
  "rewards": {
    "experience": 10
  }
}
