{
    "display": {
        "icon": {
            "id": "glow_item_frame"
        },
        "title": {
            "translate": "adv.caves.glow_item_frame"
        },
        "description": {
            "translate": "adv.caves.glow_item_frame.desc"
        }
    },
    "parent": "caves_cliffs/glow_ink",
    "rewards": {
        "experience": 10
    },
    "criteria": {
        "glow_item_frame": {
            "trigger": "inventory_changed",
            "conditions": {
                "items": [
                    {
                        "items": [
                            "glow_item_frame"
                        ]
                    }
                ]
            }
        }
    }
}
