{
	"display": {
		"icon": {
			"id": "glow_squid_spawn_egg"
		},
		"title": {
			"translate": "adv.caves.hunter_glow_squid"
		},
		"description": {
			"translate": "adv.caves.hunter_glow_squid.desc"
		},
		"frame": "goal"
	},
	"parent": "caves_cliffs/glow_item_frame",
	"rewards": {
		"experience": 20
	},
	"criteria": {
		"killed": {
			"trigger": "tick",
			"conditions": {
				"player": {
					"type_specific": {
						"type": "player",
						"stats": [
							{
								"type": "killed",
								"stat": "glow_squid",
								"value": {
									"min": 20
								}
							}
						]
					}
				}
			}
		}
	}
}
