{
  "display": {
    "icon": {
      "id": "stone"
    },
    "title": {
      "translate": "adv.caves.into_cave"
    },
    "description": {
      "translate": "adv.caves.into_cave.desc"
    }
  },
  "parent": "caves_cliffs/into_darkness",
  "criteria": {
    "cave_air": {
      "trigger": "tick",
      "conditions": {
        "player": {
          "location": {
            "position": {
              "y": {
                "max": 32
              }
            }
          }
        }
      }
    }
  },
  "rewards": {
    "experience": 5
  }
}
