{
  "display": {
    "icon": {
      "id": "stone"
    },
    "title": {
      "translate": "adv.caves.into_darkness"
    },
    "description": {
      "translate": "adv.caves.into_darkness.desc"
    }
  },
  "parent": "caves_cliffs/root",
  "criteria": {
    "requirement": {
      "trigger": "tick",
      "conditions": {
        "player": {
          "location": {
            "light": {
              "light": {
                "max": 0
              }
            }
          }
        }
      }
    }
  },
  "rewards": {
    "experience": 2
  }
}
