{
    "display": {
        "icon": {
            "id": "lapis_lazuli"
        },
        "title": {
            "translate": "adv.caves.lapis_lazuli"
        },
        "description": {
            "translate": "adv.caves.lapis_lazuli.desc"
        }
    },
    "parent": "caves_cliffs/copper",
    "rewards": {
        "experience": 10,
        "function": "ltreward_check/caves/lapis"
    },
    "criteria": {
        "lapis_lazuli": {
            "trigger": "inventory_changed",
            "conditions": {
                "items": [
                    {
                        "items": [
                            "lapis_lazuli"
                        ]
                    }
                ]
            }
        }
    }
}
