{
  "display": {
    "icon": {
      "id": "lightning_rod"
    },
    "title": {
      "translate": "adv.caves.lightning_rod"
    },
    "description": {
      "translate": "adv.caves.lightning_rod.desc"
    }
  },
  "parent": "caves_cliffs/copper",
  "criteria": {
    "lightning_rod": {
      "trigger": "inventory_changed",
      "conditions": {
        "items": [
          {
            "items": [
              "lightning_rod"
            ]
          }
        ]
      }
    }
  },
  "rewards": {
    "experience": 10
  }
}
