{
  "display": {
    "icon": {
      "id": "amethyst_shard"
    },
    "title": {
      "translate": "adv.caves.many_shards"
    },
    "description": {
      "translate": "adv.caves.many_shards.desc"
    },
    "frame": "goal"
  },
  "parent": "caves_cliffs/amethyst_shard",
  "criteria": {
    "amethyst_shard": {
      "trigger": "inventory_changed",
      "conditions": {
        "items": [
          {
            "items": [
              "amethyst_shard"
            ],
            "count": {
              "min": 32
            }
          }
        ]
      }
    }
  },
  "rewards": {
    "experience": 10
  }
}
