{
    "display": {
        "icon": {
            "id": "raw_iron"
        },
        "title": {
            "translate": "adv.caves.much_iron"
        },
        "description": {
            "translate": "adv.caves.much_iron.desc"
        },
        "frame": "challenge"
    },
    "parent": "caves_cliffs/much_copper",
    "rewards": {
        "experience": 50
    },
    "criteria": {
        "raw_iron": {
            "trigger": "inventory_changed",
            "conditions": {
                "items": [
                    {
                        "items": [
                            "raw_iron"
                        ],
                        "count": 64
                    }
                ]
            }
        }
    }
}
