{
    "display": {
        "icon": {
            "id": "pointed_dripstone"
        },
        "title": {
            "translate": "adv.caves.pointed_dripstone"
        },
        "description": {
            "translate": "adv.caves.pointed_dripstone.desc"
        }
    },
    "parent": "caves_cliffs/dripstone_caves",
    "rewards": {
        "experience": 10
    },
    "criteria": {
        "pointed_dripstone": {
            "trigger": "inventory_changed",
            "conditions": {
                "items": [
                    {
                        "items": [
                            "pointed_dripstone"
                        ]
                    }
                ]
            }
        }
    }
}
