{
    "display": {
        "icon": {
            "id": "raw_copper"
        },
        "title": {
            "translate": "adv.caves.raw_copper"
        },
        "description": {
            "translate": "adv.caves.raw_copper.desc"
        }
    },
    "parent": "caves_cliffs/raw_gold",
    "rewards": {
        "experience": 10,
        "function": "ltreward_check/caves/raw_copper"
    },
    "criteria": {
        "raw_copper": {
            "trigger": "inventory_changed",
            "conditions": {
                "items": [
                    {
                        "items": [
                            "raw_copper"
                        ]
                    }
                ]
            }
        }
    }
}
