{
    "display": {
        "icon": {
            "id": "recovery_compass"
        },
        "title": {
            "translate": "adv.caves.recovery_compass"
        },
        "description": {
            "translate": "adv.caves.recovery_compass.desc"
        }
    },
    "parent": "caves_cliffs/echo_shard",
    "rewards": {
        "experience": 20
    },
    "criteria": {
        "recovery_compass": {
            "trigger": "inventory_changed",
            "conditions": {
                "items": [
                    {
                        "items": [
                            "recovery_compass"
                        ]
                    }
                ]
            }
        }
    }
}
