{
  "parent": "caves_cliffs/into_cave",
  "display": {
    "icon": {
      "id": "rooted_dirt"
    },
    "title": {
      "translate": "adv.caves.rooted_dirt"
    },
    "description": {
      "translate": "adv.caves.rooted_dirt.desc"
    }
  },
  "rewards": {
    "experience": 5,
    "function": "ltreward_check/caves/rooted_dirt"
  },
  "criteria": {
    "rooted_dirt": {
      "trigger": "inventory_changed",
      "conditions": {
        "items": [
          {
            "items": ["rooted_dirt"]
          }
        ]
      }
    }
  }
}
