{
  "display": {
    "icon": {
      "id": "spyglass"
    },
    "title": {
      "translate": "adv.caves.spyglass_look_far"
    },
    "description": {
      "translate": "adv.caves.spyglass_look_far.desc"
    },
    "frame": "goal"
  },
  "parent": "caves_cliffs/spyglass",
  "criteria": {
    "requirement": {
      "trigger": "using_item",
      "conditions": {
        "player": {
          "type_specific": {
            "type": "player",
            "looking_at": {
              "distance": {
                "absolute": {
                  "min": 50
                }
              }
            }
          }
        },
        "item": {
          "items": [
            "spyglass"
          ]
        }
      }
    }
  },
  "rewards": {
    "experience": 40
  }
}
