{
  "display": {
    "icon": {
      "id": "tadpole_bucket"
    },
    "title": {
      "translate": "adv.husbandry.all_buckets"
    },
    "description": {
      "translate": "adv.husbandry.all_buckets.desc"
    },
    "frame": "goal"
  },
  "parent": "husbandry/tactical_fishing",
  "criteria": {
    "tropical_fish": {
      "trigger": "filled_bucket",
      "conditions": {
        "item": {
          "items": [
            "tropical_fish_bucket"
          ]
        }
      }
    },
    "salmon": {
      "trigger": "filled_bucket",
      "conditions": {
        "item": {
          "items": [
            "salmon_bucket"
          ]
        }
      }
    },
    "pufferfish": {
      "trigger": "filled_bucket",
      "conditions": {
        "item": {
          "items": [
            "pufferfish_bucket"
          ]
        }
      }
    },
    "cod": {
      "trigger": "filled_bucket",
      "conditions": {
        "item": {
          "items": [
            "cod_bucket"
          ]
        }
      }
    },
    "axolotl": {
      "trigger": "filled_bucket",
      "conditions": {
        "item": {
          "items": [
            "axolotl_bucket"
          ]
        }
      }
    },
    "tadpole": {
      "trigger": "filled_bucket",
      "conditions": {
        "item": {
          "items": [
            "tadpole_bucket"
          ]
        }
      }
    }
  },
  "rewards": {
    "experience": 150
  }
}
