{
    "display": {
        "icon": {
            "id": "red_glazed_terracotta"
        },
        "title": {
            "translate": "adv.building.all_glazed_terracotta"
        },
        "description": {
            "translate": "adv.building.all_glazed_terracotta.desc"
        },
        "frame": "challenge"
    },
    "parent": "building/all_terracotta",
    "rewards": {
        "experience": 300
    },
    "criteria": {
        "white_glazed_terracotta": {
            "trigger": "inventory_changed",
            "conditions": {
                "items": [
                    {
                        "items": [
                            "white_glazed_terracotta"
                        ]
                    }
                ]
            }
        },
        "orange_glazed_terracotta": {
            "trigger": "inventory_changed",
            "conditions": {
                "items": [
                    {
                        "items": [
                            "orange_glazed_terracotta"
                        ]
                    }
                ]
            }
        },
        "magenta_glazed_terracotta": {
            "trigger": "inventory_changed",
            "conditions": {
                "items": [
                    {
                        "items": [
                            "magenta_glazed_terracotta"
                        ]
                    }
                ]
            }
        },
        "light_blue_glazed_terracotta": {
            "trigger": "inventory_changed",
            "conditions": {
                "items": [
                    {
                        "items": [
                            "light_blue_glazed_terracotta"
                        ]
                    }
                ]
            }
        },
        "yellow_glazed_terracotta": {
            "trigger": "inventory_changed",
            "conditions": {
                "items": [
                    {
                        "items": [
                            "yellow_glazed_terracotta"
                        ]
                    }
                ]
            }
        },
        "lime_glazed_terracotta": {
            "trigger": "inventory_changed",
            "conditions": {
                "items": [
                    {
                        "items": [
                            "lime_glazed_terracotta"
                        ]
                    }
                ]
            }
        },
        "pink_glazed_terracotta": {
            "trigger": "inventory_changed",
            "conditions": {
                "items": [
                    {
                        "items": [
                            "pink_glazed_terracotta"
                        ]
                    }
                ]
            }
        },
        "gray_glazed_terracotta": {
            "trigger": "inventory_changed",
            "conditions": {
                "items": [
                    {
                        "items": [
                            "gray_glazed_terracotta"
                        ]
                    }
                ]
            }
        },
        "light_gray_glazed_terracotta": {
            "trigger": "inventory_changed",
            "conditions": {
                "items": [
                    {
                        "items": [
                            "light_gray_glazed_terracotta"
                        ]
                    }
                ]
            }
        },
        "cyan_glazed_terracotta": {
            "trigger": "inventory_changed",
            "conditions": {
                "items": [
                    {
                        "items": [
                            "cyan_glazed_terracotta"
                        ]
                    }
                ]
            }
        },
        "purple_glazed_terracotta": {
            "trigger": "inventory_changed",
            "conditions": {
                "items": [
                    {
                        "items": [
                            "purple_glazed_terracotta"
                        ]
                    }
                ]
            }
        },
        "blue_glazed_terracotta": {
            "trigger": "inventory_changed",
            "conditions": {
                "items": [
                    {
                        "items": [
                            "blue_glazed_terracotta"
                        ]
                    }
                ]
            }
        },
        "brown_glazed_terracotta": {
            "trigger": "inventory_changed",
            "conditions": {
                "items": [
                    {
                        "items": [
                            "brown_glazed_terracotta"
                        ]
                    }
                ]
            }
        },
        "green_glazed_terracotta": {
            "trigger": "inventory_changed",
            "conditions": {
                "items": [
                    {
                        "items": [
                            "green_glazed_terracotta"
                        ]
                    }
                ]
            }
        },
        "red_glazed_terracotta": {
            "trigger": "inventory_changed",
            "conditions": {
                "items": [
                    {
                        "items": [
                            "red_glazed_terracotta"
                        ]
                    }
                ]
            }
        },
        "black_glazed_terracotta": {
            "trigger": "inventory_changed",
            "conditions": {
                "items": [
                    {
                        "items": [
                            "black_glazed_terracotta"
                        ]
                    }
                ]
            }
        }
    }
}
