{
  "display": {
    "icon": {
      "id": "anvil"
    },
    "title": {
      "translate": "adv.building.anvil"
    },
    "description": {
      "translate": "adv.building.anvil.desc"
    }
  },
  "parent": "building/iron_block",
  "criteria": {
    "anvil": {
      "trigger": "inventory_changed",
      "conditions": {
        "items": [
          {
            "items": [
              "anvil"
            ]
          }
        ]
      }
    }
  },
  "rewards": {
    "function": "ltreward_check/building/anvil",
    "experience": 10
  }
}
