{
  "display": {
    "icon": {
      "id": "armor_stand"
    },
    "title": {
      "translate": "adv.building.armor_stand"
    },
    "description": {
      "translate": "adv.building.armor_stand.desc"
    }
  },
  "parent": "building/painting",
  "criteria": {
    "armor_stand": {
      "trigger": "inventory_changed",
      "conditions": {
        "items": [
          {
            "items": [
              "armor_stand"
            ]
          }
        ]
      }
    }
  },
  "rewards": {
    "experience": 10
  }
}
