{
  "display": {
    "icon": {
      "id": "bamboo_planks"
    },
    "title": {
      "translate": "adv.building.bamboo_master"
    },
    "description": {
      "translate": "adv.building.bamboo_master.desc"
    },
    "frame": "challenge"
  },
  "parent": "building/bamboo_mosaic",
  "criteria": {
    "bamboo": {
      "trigger": "inventory_changed",
      "conditions": {
        "items": [
          {
            "items": [
              "bamboo"
            ]
          }
        ]
      }
    },
    "bamboo_block": {
      "trigger": "inventory_changed",
      "conditions": {
        "items": [
          {
            "items": [
              "bamboo_block"
            ]
          }
        ]
      }
    },
    "bamboo_button": {
      "trigger": "inventory_changed",
      "conditions": {
        "items": [
          {
            "items": [
              "bamboo_button"
            ]
          }
        ]
      }
    },
    "bamboo_chest_raft": {
      "trigger": "inventory_changed",
      "conditions": {
        "items": [
          {
            "items": [
              "bamboo_chest_raft"
            ]
          }
        ]
      }
    },
    "bamboo_door": {
      "trigger": "inventory_changed",
      "conditions": {
        "items": [
          {
            "items": [
              "bamboo_door"
            ]
          }
        ]
      }
    },
    "bamboo_fence": {
      "trigger": "inventory_changed",
      "conditions": {
        "items": [
          {
            "items": [
              "bamboo_fence"
            ]
          }
        ]
      }
    },
    "bamboo_fence_gate": {
      "trigger": "inventory_changed",
      "conditions": {
        "items": [
          {
            "items": [
              "bamboo_fence_gate"
            ]
          }
        ]
      }
    },
    "bamboo_hanging_sign": {
      "trigger": "inventory_changed",
      "conditions": {
        "items": [
          {
            "items": [
              "bamboo_hanging_sign"
            ]
          }
        ]
      }
    },
    "bamboo_mosaic": {
      "trigger": "inventory_changed",
      "conditions": {
        "items": [
          {
            "items": [
              "bamboo_mosaic"
            ]
          }
        ]
      }
    },
    "bamboo_mosaic_slab": {
      "trigger": "inventory_changed",
      "conditions": {
        "items": [
          {
            "items": [
              "bamboo_mosaic_slab"
            ]
          }
        ]
      }
    },
    "bamboo_mosaic_stairs": {
      "trigger": "inventory_changed",
      "conditions": {
        "items": [
          {
            "items": [
              "bamboo_mosaic_stairs"
            ]
          }
        ]
      }
    },
    "bamboo_planks": {
      "trigger": "inventory_changed",
      "conditions": {
        "items": [
          {
            "items": [
              "bamboo_planks"
            ]
          }
        ]
      }
    },
    "bamboo_pressure_plate": {
      "trigger": "inventory_changed",
      "conditions": {
        "items": [
          {
            "items": [
              "bamboo_pressure_plate"
            ]
          }
        ]
      }
    },
    "bamboo_raft": {
      "trigger": "inventory_changed",
      "conditions": {
        "items": [
          {
            "items": [
              "bamboo_raft"
            ]
          }
        ]
      }
    },
    "bamboo_sign": {
      "trigger": "inventory_changed",
      "conditions": {
        "items": [
          {
            "items": [
              "bamboo_sign"
            ]
          }
        ]
      }
    },
    "bamboo_slab": {
      "trigger": "inventory_changed",
      "conditions": {
        "items": [
          {
            "items": [
              "bamboo_slab"
            ]
          }
        ]
      }
    },
    "bamboo_stairs": {
      "trigger": "inventory_changed",
      "conditions": {
        "items": [
          {
            "items": [
              "bamboo_stairs"
            ]
          }
        ]
      }
    },
    "bamboo_trapdoor": {
      "trigger": "inventory_changed",
      "conditions": {
        "items": [
          {
            "items": [
              "bamboo_trapdoor"
            ]
          }
        ]
      }
    },
    "stripped_bamboo_block": {
      "trigger": "inventory_changed",
      "conditions": {
        "items": [
          {
            "items": [
              "stripped_bamboo_block"
            ]
          }
        ]
      }
    }
  },
  "rewards": {
    "experience": 250
  }
}
