{
  "display": {
    "icon": {
      "id": "white_banner"
    },
    "title": {
      "translate": "adv.building.banner_collection"
    },
    "description": {
      "translate": "adv.building.banner_collection.desc"
    },
    "frame": "challenge"
  },
  "parent": "building/banners",
  "criteria": {
    "white_banner": {
      "trigger": "inventory_changed",
      "conditions": {
        "items": [
          {
            "items": [
              "white_banner"
            ]
          }
        ]
      }
    },
    "orange_banner": {
      "trigger": "inventory_changed",
      "conditions": {
        "items": [
          {
            "items": [
              "orange_banner"
            ]
          }
        ]
      }
    },
    "magenta_banner": {
      "trigger": "inventory_changed",
      "conditions": {
        "items": [
          {
            "items": [
              "magenta_banner"
            ]
          }
        ]
      }
    },
    "light_blue_banner": {
      "trigger": "inventory_changed",
      "conditions": {
        "items": [
          {
            "items": [
              "light_blue_banner"
            ]
          }
        ]
      }
    },
    "yellow_banner": {
      "trigger": "inventory_changed",
      "conditions": {
        "items": [
          {
            "items": [
              "yellow_banner"
            ]
          }
        ]
      }
    },
    "lime_banner": {
      "trigger": "inventory_changed",
      "conditions": {
        "items": [
          {
            "items": [
              "lime_banner"
            ]
          }
        ]
      }
    },
    "pink_banner": {
      "trigger": "inventory_changed",
      "conditions": {
        "items": [
          {
            "items": [
              "pink_banner"
            ]
          }
        ]
      }
    },
    "gray_banner": {
      "trigger": "inventory_changed",
      "conditions": {
        "items": [
          {
            "items": [
              "gray_banner"
            ]
          }
        ]
      }
    },
    "light_gray_banner": {
      "trigger": "inventory_changed",
      "conditions": {
        "items": [
          {
            "items": [
              "light_gray_banner"
            ]
          }
        ]
      }
    },
    "cyan_banner": {
      "trigger": "inventory_changed",
      "conditions": {
        "items": [
          {
            "items": [
              "cyan_banner"
            ]
          }
        ]
      }
    },
    "purple_banner": {
      "trigger": "inventory_changed",
      "conditions": {
        "items": [
          {
            "items": [
              "purple_banner"
            ]
          }
        ]
      }
    },
    "blue_banner": {
      "trigger": "inventory_changed",
      "conditions": {
        "items": [
          {
            "items": [
              "blue_banner"
            ]
          }
        ]
      }
    },
    "brown_banner": {
      "trigger": "inventory_changed",
      "conditions": {
        "items": [
          {
            "items": [
              "brown_banner"
            ]
          }
        ]
      }
    },
    "green_banner": {
      "trigger": "inventory_changed",
      "conditions": {
        "items": [
          {
            "items": [
              "green_banner"
            ]
          }
        ]
      }
    },
    "red_banner": {
      "trigger": "inventory_changed",
      "conditions": {
        "items": [
          {
            "items": [
              "red_banner"
            ]
          }
        ]
      }
    },
    "black_banner": {
      "trigger": "inventory_changed",
      "conditions": {
        "items": [
          {
            "items": [
              "black_banner"
            ]
          }
        ]
      }
    }
  },
  "rewards": {
    "experience": 500
  }
}
