{
  "display": {
    "icon": {
      "id": "bricks"
    },
    "title": {
      "translate": "adv.building.bricks"
    },
    "description": {
      "translate": "adv.building.bricks.desc"
    }
  },
  "parent": "building/clay_ball",
  "criteria": {
    "bricks": {
      "trigger": "inventory_changed",
      "conditions": {
        "items": [
          {
            "items": [
              "bricks"
            ]
          }
        ]
      }
    }
  },
  "rewards": {
    "experience": 10,
    "function": "ltreward_check/building/bricks"
  }
}
