{
  "parent": "building/torch",
  "display": {
    "icon": {
      "id": "campfire"
    },
    "title": {
      "translate": "adv.building.campfire"
    },
    "description": {
      "translate": "adv.building.campfire.desc"
    }
  },
  "rewards": {
    "experience": 10
  },
  "criteria": {
    "campfire": {
      "trigger": "inventory_changed",
      "conditions": {
        "items": [
          {
            "items": [
              "campfire"
            ]
          }
        ]
      }
    }
  }
}
