{
  "display": {
    "icon": {
      "id": "cherry_sapling"
    },
    "title": {
      "translate": "adv.building.cherry_master"
    },
    "description": {
      "translate": "adv.building.cherry_master.desc"
    },
    "frame": "challenge"
  },
  "parent": "building/spruce_master",
  "criteria": {
    "cherry_planks": {
      "trigger": "inventory_changed",
      "conditions": {
        "items": [
          {
            "items": [
              "cherry_planks"
            ]
          }
        ]
      }
    },
    "cherry_log": {
      "trigger": "inventory_changed",
      "conditions": {
        "items": [
          {
            "items": [
              "cherry_log"
            ]
          }
        ]
      }
    },
    "cherry_wood": {
      "trigger": "inventory_changed",
      "conditions": {
        "items": [
          {
            "items": [
              "cherry_wood"
            ]
          }
        ]
      }
    },
    "stripped_cherry_log": {
      "trigger": "inventory_changed",
      "conditions": {
        "items": [
          {
            "items": [
              "stripped_cherry_log"
            ]
          }
        ]
      }
    },
    "stripped_cherry_wood": {
      "trigger": "inventory_changed",
      "conditions": {
        "items": [
          {
            "items": [
              "stripped_cherry_wood"
            ]
          }
        ]
      }
    },
    "cherry_slab": {
      "trigger": "inventory_changed",
      "conditions": {
        "items": [
          {
            "items": [
              "cherry_slab"
            ]
          }
        ]
      }
    },
    "cherry_pressure_plate": {
      "trigger": "inventory_changed",
      "conditions": {
        "items": [
          {
            "items": [
              "cherry_pressure_plate"
            ]
          }
        ]
      }
    },
    "cherry_fence": {
      "trigger": "inventory_changed",
      "conditions": {
        "items": [
          {
            "items": [
              "cherry_fence"
            ]
          }
        ]
      }
    },
    "cherry_trapdoor": {
      "trigger": "inventory_changed",
      "conditions": {
        "items": [
          {
            "items": [
              "cherry_trapdoor"
            ]
          }
        ]
      }
    },
    "cherry_fence_gate": {
      "trigger": "inventory_changed",
      "conditions": {
        "items": [
          {
            "items": [
              "cherry_fence_gate"
            ]
          }
        ]
      }
    },
    "cherry_stairs": {
      "trigger": "inventory_changed",
      "conditions": {
        "items": [
          {
            "items": [
              "cherry_stairs"
            ]
          }
        ]
      }
    },
    "cherry_button": {
      "trigger": "inventory_changed",
      "conditions": {
        "items": [
          {
            "items": [
              "cherry_button"
            ]
          }
        ]
      }
    },
    "cherry_door": {
      "trigger": "inventory_changed",
      "conditions": {
        "items": [
          {
            "items": [
              "cherry_door"
            ]
          }
        ]
      }
    },
    "cherry_boat": {
      "trigger": "inventory_changed",
      "conditions": {
        "items": [
          {
            "items": [
              "cherry_boat"
            ]
          }
        ]
      }
    },
    "cherry_chest_boat": {
      "trigger": "inventory_changed",
      "conditions": {
        "items": [
          {
            "items": [
              "cherry_chest_boat"
            ]
          }
        ]
      }
    },
    "cherry_sign": {
      "trigger": "inventory_changed",
      "conditions": {
        "items": [
          {
            "items": [
              "cherry_sign"
            ]
          }
        ]
      }
    },
    "cherry_hanging_sign": {
      "trigger": "inventory_changed",
      "conditions": {
        "items": [
          {
            "items": [
              "cherry_hanging_sign"
            ]
          }
        ]
      }
    },
    "cherry_leaves": {
      "trigger": "inventory_changed",
      "conditions": {
        "items": [
          {
            "items": [
              "cherry_leaves"
            ]
          }
        ]
      }
    },
    "cherry_sapling": {
      "trigger": "inventory_changed",
      "conditions": {
        "items": [
          {
            "items": [
              "cherry_sapling"
            ]
          }
        ]
      }
    }
  },
  "rewards": {
    "experience": 500
  }
}
