{
  "parent": "building/chiseled_sandstone",
  "display": {
    "icon": {
      "id": "chiseled_red_sandstone"
    },
    "title": {
      "translate": "adv.building.chiseled_red_sandstone"
    },
    "description": {
      "translate": "adv.building.chiseled_red_sandstone.desc"
    }
  },
  "rewards": {
    "experience": 10
  },
  "criteria": {
    "chiseled_red_sandstone": {
      "trigger": "inventory_changed",
      "conditions": {
        "items": [
          {
            "items": [
              "chiseled_red_sandstone"
            ]
          }
        ]
      }
    }
  }
}
