{
  "display": {
    "icon": {
      "id": "clay_ball"
    },
    "title": {
      "translate": "adv.building.clay_ball"
    },
    "description": {
      "translate": "adv.building.clay_ball.desc"
    }
  },
  "parent": "building/root",
  "criteria": {
    "clay_ball": {
      "trigger": "inventory_changed",
      "conditions": {
        "items": [
          {
            "items": [
              "clay_ball"
            ]
          }
        ]
      }
    }
  },
  "rewards": {
    "function": "ltreward_check/building/clay_ball",
    "experience": 5
  }
}
