{
    "display": {
        "icon": {
            "id": "orange_stained_glass_pane"
        },
        "title": {
            "translate": "adv.building.color_glass_pane"
        },
        "description": {
            "translate": "adv.building.color_glass_pane.desc"
        },
        "frame": "challenge"
    },
    "parent": "building/windows",
    "rewards": {
        "experience": 400
    },
    "criteria": {
        "white_stained_glass_pane": {
            "trigger": "inventory_changed",
            "conditions": {
                "items": [
                    {
                        "items": [
                            "white_stained_glass_pane"
                        ]
                    }
                ]
            }
        },
        "orange_stained_glass_pane": {
            "trigger": "inventory_changed",
            "conditions": {
                "items": [
                    {
                        "items": [
                            "orange_stained_glass_pane"
                        ]
                    }
                ]
            }
        },
        "magenta_stained_glass_pane": {
            "trigger": "inventory_changed",
            "conditions": {
                "items": [
                    {
                        "items": [
                            "magenta_stained_glass_pane"
                        ]
                    }
                ]
            }
        },
        "light_blue_stained_glass_pane": {
            "trigger": "inventory_changed",
            "conditions": {
                "items": [
                    {
                        "items": [
                            "light_blue_stained_glass_pane"
                        ]
                    }
                ]
            }
        },
        "yellow_stained_glass_pane": {
            "trigger": "inventory_changed",
            "conditions": {
                "items": [
                    {
                        "items": [
                            "yellow_stained_glass_pane"
                        ]
                    }
                ]
            }
        },
        "lime_stained_glass_pane": {
            "trigger": "inventory_changed",
            "conditions": {
                "items": [
                    {
                        "items": [
                            "lime_stained_glass_pane"
                        ]
                    }
                ]
            }
        },
        "pink_stained_glass_pane": {
            "trigger": "inventory_changed",
            "conditions": {
                "items": [
                    {
                        "items": [
                            "pink_stained_glass_pane"
                        ]
                    }
                ]
            }
        },
        "gray_stained_glass_pane": {
            "trigger": "inventory_changed",
            "conditions": {
                "items": [
                    {
                        "items": [
                            "gray_stained_glass_pane"
                        ]
                    }
                ]
            }
        },
        "light_gray_stained_glass_pane": {
            "trigger": "inventory_changed",
            "conditions": {
                "items": [
                    {
                        "items": [
                            "light_gray_stained_glass_pane"
                        ]
                    }
                ]
            }
        },
        "cyan_stained_glass_pane": {
            "trigger": "inventory_changed",
            "conditions": {
                "items": [
                    {
                        "items": [
                            "cyan_stained_glass_pane"
                        ]
                    }
                ]
            }
        },
        "purple_stained_glass_pane": {
            "trigger": "inventory_changed",
            "conditions": {
                "items": [
                    {
                        "items": [
                            "purple_stained_glass_pane"
                        ]
                    }
                ]
            }
        },
        "blue_stained_glass_pane": {
            "trigger": "inventory_changed",
            "conditions": {
                "items": [
                    {
                        "items": [
                            "blue_stained_glass_pane"
                        ]
                    }
                ]
            }
        },
        "brown_stained_glass_pane": {
            "trigger": "inventory_changed",
            "conditions": {
                "items": [
                    {
                        "items": [
                            "brown_stained_glass_pane"
                        ]
                    }
                ]
            }
        },
        "green_stained_glass_pane": {
            "trigger": "inventory_changed",
            "conditions": {
                "items": [
                    {
                        "items": [
                            "green_stained_glass_pane"
                        ]
                    }
                ]
            }
        },
        "red_stained_glass_pane": {
            "trigger": "inventory_changed",
            "conditions": {
                "items": [
                    {
                        "items": [
                            "red_stained_glass_pane"
                        ]
                    }
                ]
            }
        },
        "black_stained_glass_pane": {
            "trigger": "inventory_changed",
            "conditions": {
                "items": [
                    {
                        "items": [
                            "black_stained_glass_pane"
                        ]
                    }
                ]
            }
        }
    }
}
