{
  "display": {
    "icon": {
      "id": "composter"
    },
    "title": {
      "translate": "adv.building.composter"
    },
    "description": {
      "translate": "adv.building.composter.desc"
    }
  },
  "parent": "building/barrel",
  "criteria": {
    "villager_workbench": {
      "trigger": "inventory_changed",
      "conditions": {
        "items": [
          {
            "items": [
              "composter"
            ]
          }
        ]
      }
    }
  },
  "rewards": {
    "experience": 10
  }
}
