{
  "display": {
    "icon": {
      "id": "red_concrete"
    },
    "title": {
      "translate": "adv.building.concrete"
    },
    "description": {
      "translate": "adv.building.concrete.desc"
    }
  },
  "parent": "building/color_sand",
  "criteria": {
    "concrete": {
      "trigger": "inventory_changed",
      "conditions": {
        "items": [
          {
            "items": [
              "black_concrete",
              "blue_concrete",
              "brown_concrete",
              "cyan_concrete",
              "gray_concrete",
              "green_concrete",
              "light_blue_concrete",
              "light_gray_concrete",
              "lime_concrete",
              "magenta_concrete",
              "orange_concrete",
              "pink_concrete",
              "purple_concrete",
              "red_concrete",
              "white_concrete",
              "yellow_concrete"
            ]
          }
        ]
      }
    }
  },
  "rewards": {
    "experience": 10
  }
}
