{
  "parent": "building/oxidized_copper",
  "display": {
    "icon": {
      "id": "weathered_copper"
    },
    "title": {
      "translate": "adv.building.copper_all_stage"
    },
    "description": {
      "translate": "adv.building.copper_all_stage.desc"
    }
  },
  "rewards": {
    "experience": 10
  },
  "criteria": {
    "oxidized_copper": {
      "trigger": "inventory_changed",
      "conditions": {
        "items": [
          {
            "items": [
              "oxidized_copper"
            ]
          }
        ]
      }
    },
    "exposed_copper": {
      "trigger": "inventory_changed",
      "conditions": {
        "items": [
          {
            "items": [
              "exposed_copper"
            ]
          }
        ]
      }
    },
    "weathered_copper": {
      "trigger": "inventory_changed",
      "conditions": {
        "items": [
          {
            "items": [
              "weathered_copper"
            ]
          }
        ]
      }
    },
    "copper_block": {
      "trigger": "inventory_changed",
      "conditions": {
        "items": [
          {
            "items": [
              "copper_block"
            ]
          }
        ]
      }
    }
  }
}
