{
  "parent": "building/copper_bulb",
  "display": {
    "icon": {
      "id": "copper_grate"
    },
    "title": {
      "translate": "adv.building.copper_grate"
    },
    "description": {
      "translate": "adv.building.copper_grate.desc"
    }
  },
  "rewards": {
    "experience": 10,
    "function": "ltreward_check/building/copper_grate"
  },
  "criteria": {
    "copper": {
      "trigger": "inventory_changed",
      "conditions": {
        "items": [
          {
            "items": [
              "copper_grate"
            ]
          }
        ]
      }
    }
  }
}
