{
  "parent": "building/deepslate",
  "display": {
    "icon": {
      "id": "deepslate_bricks"
    },
    "title": {
      "translate": "adv.building.deepslate_bricks"
    },
    "description": {
      "translate": "adv.building.deepslate_bricks.desc"
    }
  },
  "rewards": {
    "function": "ltreward_check/building/deepslate_bricks",
    "experience": 10
  },
  "criteria": {
    "deepslate_bricks": {
      "trigger": "inventory_changed",
      "conditions": {
        "items": [
          {
            "items": [
              "deepslate_bricks"
            ]
          }
        ]
      }
    }
  }
}
