{
  "parent": "building/mine_deepslate",
  "display": {
    "icon": {
      "id": "deepslate"
    },
    "title": {
      "translate": "adv.building.deepslate"
    },
    "description": {
      "translate": "adv.building.deepslate.desc"
    }
  },
  "rewards": {
    "function": "ltreward_check/building/deepslate",
    "experience": 10
  },
  "criteria": {
    "deepslate": {
      "trigger": "inventory_changed",
      "conditions": {
        "items": [
          {
            "items": [
              "deepslate"
            ]
          }
        ]
      }
    }
  }
}
