{
  "parent": "building/stairs",
  "display": {
    "icon": {
      "id": "flower_pot"
    },
    "title": {
      "translate": "adv.building.flower_pot"
    },
    "description": {
      "translate": "adv.building.flower_pot.desc"
    }
  },
  "rewards": {
    "experience": 10
  },
  "criteria": {
    "flower_pot": {
      "trigger": "inventory_changed",
      "conditions": {
        "items": [
          {
            "items": [
              "flower_pot"
            ]
          }
        ]
      }
    }
  }
}
