{
  "display": {
    "icon": {
      "id": "stripped_oak_log"
    },
    "title": {
      "translate": "adv.building.get_stripped_log"
    },
    "description": {
      "translate": "adv.building.get_stripped_log.desc"
    }
  },
  "parent": "building/root",
  "criteria": {
    "stripped_log": {
      "trigger": "inventory_changed",
      "conditions": {
        "items": [
          {
            "items": "#minecraft:stripped_logs"
          }
        ]
      }
    }
  },
  "rewards": {
    "experience": 10
  }
}
