{
  "parent": "building/glass",
  "display": {
    "icon": {
      "id": "glass_pane"
    },
    "title": {
      "translate": "adv.building.glass_pane"
    },
    "description": {
      "translate": "adv.building.glass_pane.desc"
    }
  },
  "rewards": {
    "experience": 5,
    "function": "ltreward_check/building/glass_pane"
  },
  "criteria": {
    "glass_pane": {
      "trigger": "inventory_changed",
      "conditions": {
        "items": [
          {
            "items": [
              "glass_pane"
            ]
          }
        ]
      }
    }
  }
}
