{
  "parent": "building/sand",
  "display": {
    "icon": {
      "id": "glass"
    },
    "title": {
      "translate": "adv.building.glass"
    },
    "description": {
      "translate": "adv.building.glass.desc"
    }
  },
  "rewards": {
    "function": "ltreward_check/building/glass",
    "experience": 5
  },
  "criteria": {
    "glass": {
      "trigger": "inventory_changed",
      "conditions": {
        "items": [
          {
            "items": [
              "glass"
            ]
          }
        ]
      }
    }
  }
}
