{
  "parent": "building/root",
  "display": {
    "icon": {
      "id": "gravel"
    },
    "title": {
      "translate": "adv.building.gravel"
    },
    "description": {
      "translate": "adv.building.gravel.desc"
    }
  },
  "rewards": {
    "experience": 2,
    "function": "ltreward_check/building/gravel"
  },
  "criteria": {
    "gravel": {
      "trigger": "inventory_changed",
      "conditions": {
        "items": [
          {
            "items": [
              "gravel"
            ]
          }
        ]
      }
    }
  }
}
