{
  "display": {
    "icon": {
      "id": "armor_stand"
    },
    "title": {
      "translate": "adv.building.hurt_by_armor"
    },
    "description": {
      "translate": "adv.building.hurt_by_armor.desc"
    },
    "frame": "goal"
  },
  "parent": "building/armor_stand",
  "criteria": {
    "armor_stand": {
      "trigger": "entity_hurt_player",
      "conditions": {
        "damage": {
          "source_entity": {
            "type": "armor_stand"
          }
        }
      }
    }
  },
  "rewards": {
    "experience": 30
  }
}
