{
  "display": {
    "icon": {
      "id": "jukebox"
    },
    "title": {
      "translate": "adv.building.jukebox"
    },
    "description": {
      "translate": "adv.building.jukebox.desc"
    }
  },
  "parent": "building/root",
  "criteria": {
    "jukebox": {
      "trigger": "inventory_changed",
      "conditions": {
        "items": [
          {
            "items": [
              "jukebox"
            ]
          }
        ]
      }
    }
  },
  "rewards": {
    "experience": 10
  }
}
