{
  "parent": "building/stairs",
  "display": {
    "icon": {
      "id": "ladder"
    },
    "title": {
      "translate": "adv.building.ladder"
    },
    "description": {
      "translate": "adv.building.ladder.desc"
    }
  },
  "rewards": {
    "function": "ltreward_check/building/ladder",
    "experience": 5
  },
  "criteria": {
    "ladder": {
      "trigger": "inventory_changed",
      "conditions": {
        "items": [
          {
            "items": [
              "ladder"
            ]
          }
        ]
      }
    }
  }
}
