{
  "parent": "building/torch",
  "display": {
    "icon": {
      "id": "lantern"
    },
    "title": {
      "translate": "adv.building.lantern"
    },
    "description": {
      "translate": "adv.building.lantern.desc"
    }
  },
  "rewards": {
    "experience": 10
  },
  "criteria": {
    "lantern": {
      "trigger": "inventory_changed",
      "conditions": {
        "items": [
          {
            "items": [
              "lantern"
            ]
          }
        ]
      }
    }
  }
}
