{
    "display": {
        "icon": {
            "id": "torch"
        },
        "title": {
            "translate": "adv.building.many_torches"
        },
        "description": {
            "translate": "adv.building.many_torches.desc"
        },
        "frame": "goal"
    },
    "parent": "building/torch",
    "rewards": {
        "experience": 20
    },
    "criteria": {
        "torch": {
            "trigger": "inventory_changed",
            "conditions": {
                "items": [
                    {
                        "items": [
                            "torch"
                        ],
                        "count": 64
                    }
                ]
            }
        }
    }
}
