{
  "display": {
    "icon": {
      "id": "mojang_banner_pattern"
    },
    "title": {
      "translate": "adv.building.mojang_banner"
    },
    "description": {
      "translate": "adv.building.mojang_banner.desc"
    }
  },
  "parent": "building/loom",
  "criteria": {
    "mojang_banner_pattern": {
      "trigger": "inventory_changed",
      "conditions": {
        "items": [
          {
            "items": [
              "mojang_banner_pattern"
            ]
          }
        ]
      }
    }
  },
  "rewards": {
    "experience": 50
  }
}
