{
  "parent": "building/stone_brick",
  "display": {
    "icon": {
      "id": "mossy_stone_bricks"
    },
    "title": {
      "translate": "adv.building.mossy_stone_bricks"
    },
    "description": {
      "translate": "adv.building.mossy_stone_bricks.desc"
    }
  },
  "rewards": {
    "experience": 10
  },
  "criteria": {
    "mossy_stone_bricks": {
      "trigger": "inventory_changed",
      "conditions": {
        "items": [
          {
            "items": [
              "mossy_stone_bricks"
            ]
          }
        ]
      }
    }
  }
}
