{
  "display": {
    "icon": {
      "id": "mud"
    },
    "title": {
      "translate": "adv.building.mud"
    },
    "description": {
      "translate": "adv.building.mud.desc"
    }
  },
  "parent": "building/dirt",
  "criteria": {
    "mud": {
      "trigger": "inventory_changed",
      "conditions": {
        "items": [
          {
            "items": [
              "mud"
            ]
          }
        ]
      }
    }
  },
  "rewards": {
    "experience": 2,
    "function": "ltreward_check/building/mud"
  }
}
