{
  "display": {
    "icon": {
      "id": "mud_bricks"
    },
    "title": {
      "translate": "adv.building.mud_bricks"
    },
    "description": {
      "translate": "adv.building.mud_bricks.desc"
    }
  },
  "parent": "building/stone_brick",
  "criteria": {
    "mud_bricks": {
      "trigger": "inventory_changed",
      "conditions": {
        "items": [
          {
            "items": [
              "mud_bricks"
            ]
          }
        ]
      }
    }
  },
  "rewards": {
    "experience": 10
  }
}
