{
  "display": {
    "icon": {
      "id": "music_disc_blocks"
    },
    "title": {
      "translate": "adv.building.music_disc"
    },
    "description": {
      "translate": "adv.building.music_disc.desc"
    }
  },
  "parent": "building/jukebox",
  "criteria": {
    "music_disc": {
      "trigger": "inventory_changed",
      "conditions": {
        "items": [
          {
            "items": "#minecraft:music_discs"
          }
        ]
      }
    }
  },
  "rewards": {
    "experience": 10
  }
}
