{
  "display": {
    "icon": {
      "id": "oak_sign"
    },
    "title": {
      "translate": "adv.building.oak_sign"
    },
    "description": {
      "translate": "adv.building.oak_sign.desc"
    }
  },
  "parent": "building/root",
  "criteria": {
    "oak_sign": {
      "trigger": "placed_block",
      "conditions": {
        "location": [
          {
            "condition": "block_state_property",
            "block": "oak_sign"
          }
        ]
      }
    },
    "birch_sign": {
      "trigger": "placed_block",
      "conditions": {
        "location": [
          {
            "condition": "block_state_property",
            "block": "birch_sign"
          }
        ]
      }
    },
    "spruce_sign": {
      "trigger": "placed_block",
      "conditions": {
        "location": [
          {
            "condition": "block_state_property",
            "block": "spruce_sign"
          }
        ]
      }
    },
    "acacia_sign": {
      "trigger": "placed_block",
      "conditions": {
        "location": [
          {
            "condition": "block_state_property",
            "block": "acacia_sign"
          }
        ]
      }
    },
    "jungle_sign": {
      "trigger": "placed_block",
      "conditions": {
        "location": [
          {
            "condition": "block_state_property",
            "block": "jungle_sign"
          }
        ]
      }
    },
    "dark_oak_sign": {
      "trigger": "placed_block",
      "conditions": {
        "location": [
          {
            "condition": "block_state_property",
            "block": "dark_oak_sign"
          }
        ]
      }
    },
    "mangrove_sign": {
      "trigger": "placed_block",
      "conditions": {
        "location": [
          {
            "condition": "block_state_property",
            "block": "mangrove_sign"
          }
        ]
      }
    },
    "bamboo_sign": {
      "trigger": "placed_block",
      "conditions": {
        "location": [
          {
            "condition": "block_state_property",
            "block": "bamboo_sign"
          }
        ]
      }
    },
    "cherry_sign": {
      "trigger": "placed_block",
      "conditions": {
        "location": [
          {
            "condition": "block_state_property",
            "block": "cherry_sign"
          }
        ]
      }
    },
    "crimson_sign": {
      "trigger": "placed_block",
      "conditions": {
        "location": [
          {
            "condition": "block_state_property",
            "block": "crimson_sign"
          }
        ]
      }
    },
    "warped_sign": {
      "trigger": "placed_block",
      "conditions": {
        "location": [
          {
            "condition": "block_state_property",
            "block": "warped_sign"
          }
        ]
      }
    }
  },
  "requirements": [
    [
      "oak_sign",
      "birch_sign",
      "spruce_sign",
      "acacia_sign",
      "jungle_sign",
      "dark_oak_sign",
      "mangrove_sign",
      "bamboo_sign",
      "cherry_sign",
      "crimson_sign",
      "warped_sign"
    ]
  ],
  "rewards": {
    "experience": 5
  }
}
