{
  "parent": "building/copper_block",
  "display": {
    "icon": {
      "id": "oxidized_copper"
    },
    "title": {
      "translate": "adv.building.oxidized_copper"
    },
    "description": {
      "translate": "adv.building.oxidized_copper.desc"
    }
  },
  "rewards": {
    "experience": 15
  },
  "criteria": {
    "copper": {
      "trigger": "inventory_changed",
      "conditions": {
        "items": [
          {
            "items": [
              "oxidized_copper"
            ]
          }
        ]
      }
    }
  }
}
