{
  "display": {
    "icon": {
      "id": "painting"
    },
    "title": {
      "translate": "adv.building.painting"
    },
    "description": {
      "translate": "adv.building.painting.desc"
    }
  },
  "parent": "building/place_to_item_frame",
  "criteria": {
    "painting": {
      "trigger": "inventory_changed",
      "conditions": {
        "items": [
          {
            "items": [
              "painting"
            ]
          }
        ]
      }
    }
  },
  "rewards": {
    "experience": 10
  }
}
