{
    "display": {
        "icon": {
            "id": "oak_planks"
        },
        "title": {
            "translate": "adv.building.planks"
        },
        "description": {
            "translate": "adv.building.planks.desc"
        },
        "frame": "challenge"
    },
    "parent": "building/woods",
    "rewards": {
        "experience": 150
    },
    "criteria": {
        "oak": {
            "trigger": "inventory_changed",
            "conditions": {
                "items": [
                    {
                        "items": [
                            "oak_planks"
                        ]
                    }
                ]
            }
        },
        "birch": {
            "trigger": "inventory_changed",
            "conditions": {
                "items": [
                    {
                        "items": [
                            "birch_planks"
                        ]
                    }
                ]
            }
        },
        "acacia": {
            "trigger": "inventory_changed",
            "conditions": {
                "items": [
                    {
                        "items": [
                            "acacia_planks"
                        ]
                    }
                ]
            }
        },
        "jungle": {
            "trigger": "inventory_changed",
            "conditions": {
                "items": [
                    {
                        "items": [
                            "jungle_planks"
                        ]
                    }
                ]
            }
        },
        "dark_oak": {
            "trigger": "inventory_changed",
            "conditions": {
                "items": [
                    {
                        "items": [
                            "dark_oak_planks"
                        ]
                    }
                ]
            }
        },
        "spruce": {
            "trigger": "inventory_changed",
            "conditions": {
                "items": [
                    {
                        "items": [
                            "spruce_planks"
                        ]
                    }
                ]
            }
        },
        "mangrove": {
            "trigger": "inventory_changed",
            "conditions": {
                "items": [
                    {
                        "items": [
                            "mangrove_planks"
                        ]
                    }
                ]
            }
        },
        "bamboo": {
            "trigger": "inventory_changed",
            "conditions": {
                "items": [
                    {
                        "items": [
                            "bamboo_planks"
                        ]
                    }
                ]
            }
        },
        "cherry": {
            "trigger": "inventory_changed",
            "conditions": {
                "items": [
                    {
                        "items": [
                            "cherry_planks"
                        ]
                    }
                ]
            }
        },
        "bamboo_mosaic": {
            "trigger": "inventory_changed",
            "conditions": {
                "items": [
                    {
                        "items": [
                            "bamboo_mosaic"
                        ]
                    }
                ]
            }
        },
        "crimson": {
            "trigger": "inventory_changed",
            "conditions": {
                "items": [
                    {
                        "items": [
                            "crimson_planks"
                        ]
                    }
                ]
            }
        },
        "warped": {
            "trigger": "inventory_changed",
            "conditions": {
                "items": [
                    {
                        "items": [
                            "warped_planks"
                        ]
                    }
                ]
            }
        }
    }
}
