{
  "display": {
    "icon": {
      "id": "mud"
    },
    "title": {
      "translate": "adv.building.play_mud_northeast"
    },
    "description": {
      "translate": "adv.building.play_mud_northeast.desc"
    }
  },
  "parent": "building/mud",
  "criteria": {
    "mud": {
      "trigger": "placed_block",
      "conditions": {
        "location": [
          {
            "condition": "block_state_property",
            "block": "mud"
          }
        ],
        "player": {
          "location": {
            "position": {
              "x": {
                "min": 5
              },
              "z": {
                "max": -5
              }
            }
          }
        }
      }
    }
  },
  "rewards": {
    "experience": 5
  }
}
