{
    "display": {
        "icon": {
            "id": "blue_wool"
        },
        "title": {
            "translate": "adv.building.rainbow_collection"
        },
        "description": {
            "translate": "adv.building.rainbow_collection.desc"
        },
        "frame": "challenge"
    },
    "parent": "building/color_glass_pane",
    "rewards": {
        "experience": 300
    },
    "criteria": {
        "white_wool": {
            "trigger": "inventory_changed",
            "conditions": {
                "items": [
                    {
                        "items": [
                            "white_wool"
                        ]
                    }
                ]
            }
        },
        "orange_wool": {
            "trigger": "inventory_changed",
            "conditions": {
                "items": [
                    {
                        "items": [
                            "orange_wool"
                        ]
                    }
                ]
            }
        },
        "magenta_wool": {
            "trigger": "inventory_changed",
            "conditions": {
                "items": [
                    {
                        "items": [
                            "magenta_wool"
                        ]
                    }
                ]
            }
        },
        "light_blue_wool": {
            "trigger": "inventory_changed",
            "conditions": {
                "items": [
                    {
                        "items": [
                            "light_blue_wool"
                        ]
                    }
                ]
            }
        },
        "yellow_wool": {
            "trigger": "inventory_changed",
            "conditions": {
                "items": [
                    {
                        "items": [
                            "yellow_wool"
                        ]
                    }
                ]
            }
        },
        "lime_wool": {
            "trigger": "inventory_changed",
            "conditions": {
                "items": [
                    {
                        "items": [
                            "lime_wool"
                        ]
                    }
                ]
            }
        },
        "pink_wool": {
            "trigger": "inventory_changed",
            "conditions": {
                "items": [
                    {
                        "items": [
                            "pink_wool"
                        ]
                    }
                ]
            }
        },
        "gray_wool": {
            "trigger": "inventory_changed",
            "conditions": {
                "items": [
                    {
                        "items": [
                            "gray_wool"
                        ]
                    }
                ]
            }
        },
        "light_gray_wool": {
            "trigger": "inventory_changed",
            "conditions": {
                "items": [
                    {
                        "items": [
                            "light_gray_wool"
                        ]
                    }
                ]
            }
        },
        "cyan_wool": {
            "trigger": "inventory_changed",
            "conditions": {
                "items": [
                    {
                        "items": [
                            "cyan_wool"
                        ]
                    }
                ]
            }
        },
        "purple_wool": {
            "trigger": "inventory_changed",
            "conditions": {
                "items": [
                    {
                        "items": [
                            "purple_wool"
                        ]
                    }
                ]
            }
        },
        "blue_wool": {
            "trigger": "inventory_changed",
            "conditions": {
                "items": [
                    {
                        "items": [
                            "blue_wool"
                        ]
                    }
                ]
            }
        },
        "brown_wool": {
            "trigger": "inventory_changed",
            "conditions": {
                "items": [
                    {
                        "items": [
                            "brown_wool"
                        ]
                    }
                ]
            }
        },
        "green_wool": {
            "trigger": "inventory_changed",
            "conditions": {
                "items": [
                    {
                        "items": [
                            "green_wool"
                        ]
                    }
                ]
            }
        },
        "red_wool": {
            "trigger": "inventory_changed",
            "conditions": {
                "items": [
                    {
                        "items": [
                            "red_wool"
                        ]
                    }
                ]
            }
        },
        "black_wool": {
            "trigger": "inventory_changed",
            "conditions": {
                "items": [
                    {
                        "items": [
                            "black_wool"
                        ]
                    }
                ]
            }
        }
    }
}
