{
    "display": {
        "icon": {
            "id": "orange_concrete"
        },
        "title": {
            "translate": "adv.building.rainbow_collection_2"
        },
        "description": {
            "translate": "adv.building.rainbow_collection_2.desc"
        },
        "frame": "challenge"
    },
    "parent": "building/rainbow_collection",
    "rewards": {
        "experience": 300
    },
    "criteria": {
        "white_concrete": {
            "trigger": "inventory_changed",
            "conditions": {
                "items": [
                    {
                        "items": [
                            "white_concrete"
                        ]
                    }
                ]
            }
        },
        "orange_concrete": {
            "trigger": "inventory_changed",
            "conditions": {
                "items": [
                    {
                        "items": [
                            "orange_concrete"
                        ]
                    }
                ]
            }
        },
        "magenta_concrete": {
            "trigger": "inventory_changed",
            "conditions": {
                "items": [
                    {
                        "items": [
                            "magenta_concrete"
                        ]
                    }
                ]
            }
        },
        "light_blue_concrete": {
            "trigger": "inventory_changed",
            "conditions": {
                "items": [
                    {
                        "items": [
                            "light_blue_concrete"
                        ]
                    }
                ]
            }
        },
        "yellow_concrete": {
            "trigger": "inventory_changed",
            "conditions": {
                "items": [
                    {
                        "items": [
                            "yellow_concrete"
                        ]
                    }
                ]
            }
        },
        "lime_concrete": {
            "trigger": "inventory_changed",
            "conditions": {
                "items": [
                    {
                        "items": [
                            "lime_concrete"
                        ]
                    }
                ]
            }
        },
        "pink_concrete": {
            "trigger": "inventory_changed",
            "conditions": {
                "items": [
                    {
                        "items": [
                            "pink_concrete"
                        ]
                    }
                ]
            }
        },
        "gray_concrete": {
            "trigger": "inventory_changed",
            "conditions": {
                "items": [
                    {
                        "items": [
                            "gray_concrete"
                        ]
                    }
                ]
            }
        },
        "light_gray_concrete": {
            "trigger": "inventory_changed",
            "conditions": {
                "items": [
                    {
                        "items": [
                            "light_gray_concrete"
                        ]
                    }
                ]
            }
        },
        "cyan_concrete": {
            "trigger": "inventory_changed",
            "conditions": {
                "items": [
                    {
                        "items": [
                            "cyan_concrete"
                        ]
                    }
                ]
            }
        },
        "purple_concrete": {
            "trigger": "inventory_changed",
            "conditions": {
                "items": [
                    {
                        "items": [
                            "purple_concrete"
                        ]
                    }
                ]
            }
        },
        "blue_concrete": {
            "trigger": "inventory_changed",
            "conditions": {
                "items": [
                    {
                        "items": [
                            "blue_concrete"
                        ]
                    }
                ]
            }
        },
        "brown_concrete": {
            "trigger": "inventory_changed",
            "conditions": {
                "items": [
                    {
                        "items": [
                            "brown_concrete"
                        ]
                    }
                ]
            }
        },
        "green_concrete": {
            "trigger": "inventory_changed",
            "conditions": {
                "items": [
                    {
                        "items": [
                            "green_concrete"
                        ]
                    }
                ]
            }
        },
        "red_concrete": {
            "trigger": "inventory_changed",
            "conditions": {
                "items": [
                    {
                        "items": [
                            "red_concrete"
                        ]
                    }
                ]
            }
        },
        "black_concrete": {
            "trigger": "inventory_changed",
            "conditions": {
                "items": [
                    {
                        "items": [
                            "black_concrete"
                        ]
                    }
                ]
            }
        }
    }
}
