{
  "parent": "building/wool",
  "display": {
    "icon": {
      "id": "red_bed"
    },
    "title": {
      "translate": "adv.building.red_bed"
    },
    "description": {
      "translate": "adv.building.red_bed.desc"
    }
  },
  "rewards": {
    "experience": 10
  },
  "criteria": {
    "red_bed": {
      "trigger": "inventory_changed",
      "conditions": {
        "items": [
          {
            "items": [
              "red_bed"
            ]
          }
        ]
      }
    }
  }
}
