{
  "display": {
    "icon": {
      "id": "stone",
      "nbt": "{Enchantments:[{id:\"power\",lvl:1}]}"
    },
    "title": {
      "translate": "adv.building.rockman"
    },
    "description": {
      "translate": "adv.building.rockman.desc"
    },
    "frame": "challenge"
  },
  "parent": "building/stone",
  "criteria": {
    "rockman": {
      "trigger": "inventory_changed",
      "conditions": {
        "player": {
          "nbt": "{Inventory:[{Slot:0b,id:\"minecraft:cobblestone\",Count:64b},{Slot:1b,id:\"minecraft:cobblestone\",Count:64b},{Slot:2b,id:\"minecraft:cobblestone\",Count:64b},{Slot:3b,id:\"minecraft:cobblestone\",Count:64b},{Slot:4b,id:\"minecraft:cobblestone\",Count:64b},{Slot:5b,id:\"minecraft:cobblestone\",Count:64b},{Slot:6b,id:\"minecraft:cobblestone\",Count:64b},{Slot:7b,id:\"minecraft:cobblestone\",Count:64b},{Slot:8b,id:\"minecraft:cobblestone\",Count:64b}]}"
        }
      }
    }
  },
  "rewards": {
    "experience": 1000
  }
}
