{
  "parent": "building/sand",
  "display": {
    "icon": {
      "id": "sandstone"
    },
    "title": {
      "translate": "adv.building.sandstone"
    },
    "description": {
      "translate": "adv.building.sandstone.desc"
    }
  },
  "rewards": {
    "experience": 5
  },
  "criteria": {
    "sandstone": {
      "trigger": "inventory_changed",
      "conditions": {
        "items": [
          {
            "items": [
              "sandstone"
            ]
          }
        ]
      }
    }
  }
}
