{
  "parent": "building/root",
  "display": {
    "icon": {
      "id": "sand"
    },
    "title": {
      "translate": "adv.building.sand"
    },
    "description": {
      "translate": "adv.building.sand.desc"
    }
  },
  "rewards": {
    "function": "ltreward_check/building/sand",
    "experience": 1
  },
  "criteria": {
    "sand": {
      "trigger": "inventory_changed",
      "conditions": {
        "items": [
          {
            "items": [
              "sand"
            ]
          }
        ]
      }
    }
  }
}
