{
  "parent": "building/stone",
  "display": {
    "icon": {
      "id": "smooth_stone"
    },
    "title": {
      "translate": "adv.building.smooth_stone"
    },
    "description": {
      "translate": "adv.building.smooth_stone.desc"
    }
  },
  "rewards": {
    "experience": 10,
    "function": "ltreward_check/building/smooth_stone"
  },
  "criteria": {
    "smooth_stone": {
      "trigger": "inventory_changed",
      "conditions": {
        "items": [
          {
            "items": [
              "smooth_stone"
            ]
          }
        ]
      }
    }
  }
}
