{
  "parent": "building/campfire",
  "display": {
    "icon": {
      "id": "soul_campfire"
    },
    "title": {
      "translate": "adv.building.soul_campfire"
    },
    "description": {
      "translate": "adv.building.soul_campfire.desc"
    }
  },
  "rewards": {
    "experience": 10
  },
  "criteria": {
    "soul_campfire": {
      "trigger": "inventory_changed",
      "conditions": {
        "items": [
          {
            "items": [
              "soul_campfire"
            ]
          }
        ]
      }
    }
  }
}
