{
  "display": {
    "icon": {
      "id": "soul_torch"
    },
    "title": {
      "translate": "adv.building.soul_torch"
    },
    "description": {
      "translate": "adv.building.soul_torch.desc"
    }
  },
  "parent": "building/torch",
  "criteria": {
    "torch": {
      "trigger": "inventory_changed",
      "conditions": {
        "items": [
          {
            "items": [
              "soul_torch"
            ]
          }
        ]
      }
    }
  },
  "rewards": {
    "experience": 10,
    "function": "ltreward_check/building/soul_torch"
  }
}
