{
  "display": {
    "icon": {
      "id": "spruce_planks"
    },
    "title": {
      "translate": "adv.building.spruce_master"
    },
    "description": {
      "translate": "adv.building.spruce_master.desc"
    },
    "frame": "challenge"
  },
  "parent": "building/bamboo_master",
  "criteria": {
    "spruce_planks": {
      "trigger": "inventory_changed",
      "conditions": {
        "items": [
          {
            "items": [
              "spruce_planks"
            ]
          }
        ]
      }
    },
    "spruce_log": {
      "trigger": "inventory_changed",
      "conditions": {
        "items": [
          {
            "items": [
              "spruce_log"
            ]
          }
        ]
      }
    },
    "spruce_wood": {
      "trigger": "inventory_changed",
      "conditions": {
        "items": [
          {
            "items": [
              "spruce_wood"
            ]
          }
        ]
      }
    },
    "stripped_spruce_log": {
      "trigger": "inventory_changed",
      "conditions": {
        "items": [
          {
            "items": [
              "stripped_spruce_log"
            ]
          }
        ]
      }
    },
    "stripped_spruce_wood": {
      "trigger": "inventory_changed",
      "conditions": {
        "items": [
          {
            "items": [
              "stripped_spruce_wood"
            ]
          }
        ]
      }
    },
    "spruce_slab": {
      "trigger": "inventory_changed",
      "conditions": {
        "items": [
          {
            "items": [
              "spruce_slab"
            ]
          }
        ]
      }
    },
    "spruce_pressure_plate": {
      "trigger": "inventory_changed",
      "conditions": {
        "items": [
          {
            "items": [
              "spruce_pressure_plate"
            ]
          }
        ]
      }
    },
    "spruce_fence": {
      "trigger": "inventory_changed",
      "conditions": {
        "items": [
          {
            "items": [
              "spruce_fence"
            ]
          }
        ]
      }
    },
    "spruce_trapdoor": {
      "trigger": "inventory_changed",
      "conditions": {
        "items": [
          {
            "items": [
              "spruce_trapdoor"
            ]
          }
        ]
      }
    },
    "spruce_fence_gate": {
      "trigger": "inventory_changed",
      "conditions": {
        "items": [
          {
            "items": [
              "spruce_fence_gate"
            ]
          }
        ]
      }
    },
    "spruce_stairs": {
      "trigger": "inventory_changed",
      "conditions": {
        "items": [
          {
            "items": [
              "spruce_stairs"
            ]
          }
        ]
      }
    },
    "spruce_button": {
      "trigger": "inventory_changed",
      "conditions": {
        "items": [
          {
            "items": [
              "spruce_button"
            ]
          }
        ]
      }
    },
    "spruce_door": {
      "trigger": "inventory_changed",
      "conditions": {
        "items": [
          {
            "items": [
              "spruce_door"
            ]
          }
        ]
      }
    },
    "spruce_boat": {
      "trigger": "inventory_changed",
      "conditions": {
        "items": [
          {
            "items": [
              "spruce_boat"
            ]
          }
        ]
      }
    },
    "spruce_chest_boat": {
      "trigger": "inventory_changed",
      "conditions": {
        "items": [
          {
            "items": [
              "spruce_chest_boat"
            ]
          }
        ]
      }
    },
    "spruce_sign": {
      "trigger": "inventory_changed",
      "conditions": {
        "items": [
          {
            "items": [
              "spruce_sign"
            ]
          }
        ]
      }
    },
    "spruce_hanging_sign": {
      "trigger": "inventory_changed",
      "conditions": {
        "items": [
          {
            "items": [
              "spruce_hanging_sign"
            ]
          }
        ]
      }
    },
    "spruce_leaves": {
      "trigger": "inventory_changed",
      "conditions": {
        "items": [
          {
            "items": [
              "spruce_leaves"
            ]
          }
        ]
      }
    },
    "spruce_sapling": {
      "trigger": "inventory_changed",
      "conditions": {
        "items": [
          {
            "items": [
              "spruce_sapling"
            ]
          }
        ]
      }
    }
  },
  "rewards": {
    "experience": 500
  }
}
