{
  "display": {
    "icon": {
      "id": "stonecutter"
    },
    "title": {
      "translate": "adv.building.stonecutter"
    },
    "description": {
      "translate": "adv.building.stonecutter.desc"
    }
  },
  "parent": "building/smithing_table",
  "criteria": {
    "villager_workbench": {
      "trigger": "inventory_changed",
      "conditions": {
        "items": [
          {
            "items": [
              "stonecutter"
            ]
          }
        ]
      }
    }
  },
  "rewards": {
    "experience": 5
  }
}
