{
  "parent": "building/root",
  "display": {
    "icon": {
      "id": "stone"
    },
    "title": {
      "translate": "adv.building.stone"
    },
    "description": {
      "translate": "adv.building.stone.desc"
    }
  },
  "rewards": {
    "function": "ltreward_check/building/stone",
    "experience": 10
  },
  "criteria": {
    "stone": {
      "trigger": "inventory_changed",
      "conditions": {
        "items": [
          {
            "items": [
              "stone"
            ]
          }
        ]
      }
    }
  }
}
