{
  "parent": "building/stone",
  "display": {
    "icon": {
      "id": "stone_bricks"
    },
    "title": {
      "translate": "adv.building.stone_brick"
    },
    "description": {
      "translate": "adv.building.stone_brick.desc"
    }
  },
  "rewards": {
    "experience": 5
  },
  "criteria": {
    "brick": {
      "trigger": "inventory_changed",
      "conditions": {
        "items": [
          {
            "items": [
              "stone_bricks"
            ]
          }
        ]
      }
    }
  }
}
