{
    "display": {
        "icon": {
            "id": "stripped_cherry_log"
        },
        "title": {
            "translate": "adv.building.stripped_logs"
        },
        "description": {
            "translate": "adv.building.stripped_logs.desc"
        },
        "frame": "challenge"
    },
    "parent": "building/planks",
    "rewards": {
        "experience": 200
    },
    "criteria": {
        "oak": {
            "trigger": "inventory_changed",
            "conditions": {
                "items": [
                    {
                        "items": [
                            "stripped_oak_log"
                        ]
                    }
                ]
            }
        },
        "birch": {
            "trigger": "inventory_changed",
            "conditions": {
                "items": [
                    {
                        "items": [
                            "stripped_birch_log"
                        ]
                    }
                ]
            }
        },
        "acacia": {
            "trigger": "inventory_changed",
            "conditions": {
                "items": [
                    {
                        "items": [
                            "stripped_acacia_log"
                        ]
                    }
                ]
            }
        },
        "jungle": {
            "trigger": "inventory_changed",
            "conditions": {
                "items": [
                    {
                        "items": [
                            "stripped_jungle_log"
                        ]
                    }
                ]
            }
        },
        "dark_oak": {
            "trigger": "inventory_changed",
            "conditions": {
                "items": [
                    {
                        "items": [
                            "stripped_dark_oak_log"
                        ]
                    }
                ]
            }
        },
        "spruce": {
            "trigger": "inventory_changed",
            "conditions": {
                "items": [
                    {
                        "items": [
                            "stripped_spruce_log"
                        ]
                    }
                ]
            }
        },
        "mangrove": {
            "trigger": "inventory_changed",
            "conditions": {
                "items": [
                    {
                        "items": [
                            "stripped_mangrove_log"
                        ]
                    }
                ]
            }
        },
        "cherry": {
            "trigger": "inventory_changed",
            "conditions": {
                "items": [
                    {
                        "items": [
                            "stripped_cherry_log"
                        ]
                    }
                ]
            }
        },
        "crimson": {
            "trigger": "inventory_changed",
            "conditions": {
                "items": [
                    {
                        "items": [
                            "stripped_crimson_stem"
                        ]
                    }
                ]
            }
        },
        "warped": {
            "trigger": "inventory_changed",
            "conditions": {
                "items": [
                    {
                        "items": [
                            "stripped_warped_stem"
                        ]
                    }
                ]
            }
        }
    }
}
