{
    "display": {
        "icon": {
            "id": "red_stained_glass_pane"
        },
        "title": {
            "translate": "adv.building.windows"
        },
        "description": {
            "translate": "adv.building.windows.desc"
        },
        "frame": "goal"
    },
    "parent": "building/glass_pane",
    "rewards": {
        "experience": 10
    },
    "criteria": {
        "yellow_stained_glass_pane": {
            "trigger": "inventory_changed",
            "conditions": {
                "items": [
                    {
                        "items": [
                            "yellow_stained_glass_pane"
                        ]
                    }
                ]
            }
        },
        "blue_stained_glass_pane": {
            "trigger": "inventory_changed",
            "conditions": {
                "items": [
                    {
                        "items": [
                            "blue_stained_glass_pane"
                        ]
                    }
                ]
            }
        },

        "green_stained_glass_pane": {
            "trigger": "inventory_changed",
            "conditions": {
                "items": [
                    {
                        "items": [
                            "green_stained_glass_pane"
                        ]
                    }
                ]
            }
        },
        "red_stained_glass_pane": {
            "trigger": "inventory_changed",
            "conditions": {
                "items": [
                    {
                        "items": [
                            "red_stained_glass_pane"
                        ]
                    }
                ]
            }
        }
    }
}
