{
  "criteria": {
    "biome": {
      "trigger": "tick",
      "conditions": {
        "player": [
          {
            "condition": "entity_properties",
            "entity": "this",
            "predicate": {
              "location": {
                "biomes": "frozen_ocean"
              }
            }
          },
          {
            "condition": "inverted",
            "term": {
              "condition": "entity_properties",
              "entity": "this",
              "predicate": {
                "type_specific": {
                  "type": "player",
                  "gamemode": ["spectator"]
                }
              }
            }
          }
        ]
      }
    }
  },
  "rewards": {
    "function": "nls/frozen_ocean"
  }
}
