{
  "parent": "biome/world_top",
  "display": {
    "icon": {
      "id": "bedrock"
    },
    "title": {
      "translate": "adv.biome.below_200"
    },
    "description": {
      "translate": "adv.biome.below_200.desc"
    },
    "frame": "challenge"
  },
  "rewards": {
    "experience": 550
  },
  "criteria": {
    "world_bottom": {
      "trigger": "tick",
      "conditions": {
        "player": {
          "location": {
            "position": {
              "y": {
                "max": -200
              }
            }
          }
        }
      }
    }
  }
}
