{
  "display": {
    "icon": {
      "id": "blue_ice"
    },
    "title": {
      "translate": "adv.biome.blue_ice"
    },
    "description": {
      "translate": "adv.biome.blue_ice.desc"
    }
  },
  "parent": "biome/packed_ice",
  "criteria": {
    "blue_ice": {
      "trigger": "inventory_changed",
      "conditions": {
        "items": [
          {
            "items": [
              "blue_ice"
            ]
          }
        ]
      }
    }
  },
  "rewards": {
    "experience": 15,
    "function": "ltreward_check/biome/blue_ice"
  }
}
