{
  "display": {
    "icon": {
      "id": "oak_boat"
    },
    "title": {
      "translate": "adv.biome.boat"
    },
    "description": {
      "translate": "adv.biome.boat.desc"
    }
  },
  "parent": "biome/root",
  "criteria": {
    "boat": {
      "trigger": "inventory_changed",
      "conditions": {
        "items": [
          {
            "items": "#minecraft:boats"
          }
        ]
      }
    },
    "boat_with_chest": {
      "trigger": "inventory_changed",
      "conditions": {
        "items": [
          {
            "items": "#minecraft:chest_boats"
          }
        ]
      }
    }
  },
  "requirements": [
    [
      "boat",
      "boat_with_chest"
    ]
  ],
  "rewards": {
    "function": "ltreward_check/biome/boat",
    "experience": 5
  }
}
