{
  "display": {
    "icon": {
      "id": "turtle_egg"
    },
    "title": {
      "translate": "adv.biome.breed_turtle"
    },
    "description": {
      "translate": "adv.biome.breed_turtle.desc"
    }
  },
  "parent": "biome/seagrass",
  "criteria": {
    "bred": {
      "trigger": "bred_animals",
      "conditions": {
        "parent": [
          {
            "condition": "entity_properties",
            "entity": "this",
            "predicate": {
              "type": "turtle"
            }
          }
        ]
      }
    }
  },
  "rewards": {
    "experience": 10
  }
}
