{
  "display": {
    "icon": {
      "id": "conduit"
    },
    "title": {
      "translate": "adv.biome.conduit"
    },
    "description": {
      "translate": "adv.biome.conduit.desc"
    }
  },
  "parent": "biome/dried_kelp_block",
  "criteria": {
    "conduit": {
      "trigger": "inventory_changed",
      "conditions": {
        "items": [
          {
            "items": [
              "conduit"
            ]
          }
        ]
      }
    }
  },
  "rewards": {
    "experience": 10
  }
}
