{
    "display": {
        "icon": {
            "id": "sand"
        },
        "title": {
            "translate": "adv.biome.dry_biomes"
        },
        "description": {
            "translate": "adv.biome.dry_biomes.desc"
        },
        "frame": "goal"
    },
    "parent": "biome/sail_7_seas",
    "rewards": {
        "experience": 50
    },
    "criteria": {
        "desert": {
            "trigger": "tick",
            "conditions": {
                "player": {
                    "location": {
                        "biomes": "desert"
                    }
                }
            }
        },
        "savanna": {
            "trigger": "tick",
            "conditions": {
                "player": {
                    "location": {
                        "biomes": "savanna"
                    }
                }
            }
        },
        "savanna_plateau": {
            "trigger": "tick",
            "conditions": {
                "player": {
                    "location": {
                        "biomes": "savanna_plateau"
                    }
                }
            }
        },
        "windswept_savanna": {
            "trigger": "tick",
            "conditions": {
                "player": {
                    "location": {
                        "biomes": "windswept_savanna"
                    }
                }
            }
        },
        "badlands": {
            "trigger": "tick",
            "conditions": {
                "player": {
                    "location": {
                        "biomes": "badlands"
                    }
                }
            }
        },
        "eroded_badlands": {
            "trigger": "tick",
            "conditions": {
                "player": {
                    "location": {
                        "biomes": "eroded_badlands"
                    }
                }
            }
        },
        "wooded_badlands": {
            "trigger": "tick",
            "conditions": {
                "player": {
                    "location": {
                        "biomes": "wooded_badlands"
                    }
                }
            }
        },
        "stony_peaks": {
            "trigger": "tick",
            "conditions": {
                "player": {
                    "location": {
                        "biomes": "stony_peaks"
                    }
                }
            }
        }
    }
}
