{
  "display": {
    "icon": {
      "id": "dolphin_spawn_egg"
    },
    "title": {
      "translate": "adv.biome.echolocation"
    },
    "description": {
      "translate": "adv.biome.echolocation.desc"
    }
  },
  "parent": "biome/sea_pickle",
  "criteria": {
    "echolocation": {
      "trigger": "player_interacted_with_entity",
      "conditions": {
        "item": {
          "items": [
            "cod",
            "salmon"
          ]
        },
        "entity": [
          {
            "condition": "entity_properties",
            "entity": "this",
            "predicate": {
              "type": "dolphin"
            }
          }
        ]
      }
    }
  },
  "rewards": {
    "experience": 10
  }
}
