{
  "parent": "biome/warm_ocean",
  "display": {
    "icon": {
      "id": "map"
    },
    "title": {
      "translate": "adv.biome.find_ruin"
    },
    "description": {
      "translate": "adv.biome.find_ruin.desc"
    }
  },
  "rewards": {
    "experience": 10
  },
  "criteria": {
    "ruin_cold": {
      "trigger": "tick",
      "conditions": {
        "player": {
          "location": {
            "structures": "ocean_ruin_cold"
          }
        }
      }
    },
    "ruin_warm": {
      "trigger": "tick",
      "conditions": {
        "player": {
          "location": {
            "structures": "ocean_ruin_warm"
          }
        }
      }
    }
  },
  "requirements": [
    [
      "ruin_cold",
      "ruin_warm"
    ]
  ]
}
