{
  "parent": "biome/mountain_biomes",
  "criteria": {
    "bamboo_jungle": {
      "conditions": {
        "player": [
          {
            "condition": "entity_properties",
            "entity": "this",
            "predicate": {
              "location": {
                "biomes": "bamboo_jungle"
              }
            }
          }
        ]
      },
      "trigger": "tick"
    },
    "birch_forest": {
      "conditions": {
        "player": [
          {
            "condition": "entity_properties",
            "entity": "this",
            "predicate": {
              "location": {
                "biomes": "birch_forest"
              }
            }
          }
        ]
      },
      "trigger": "tick"
    },
    "dark_forest": {
      "conditions": {
        "player": [
          {
            "condition": "entity_properties",
            "entity": "this",
            "predicate": {
              "location": {
                "biomes": "dark_forest"
              }
            }
          }
        ]
      },
      "trigger": "tick"
    },
    "flower_forest": {
      "conditions": {
        "player": [
          {
            "condition": "entity_properties",
            "entity": "this",
            "predicate": {
              "location": {
                "biomes": "flower_forest"
              }
            }
          }
        ]
      },
      "trigger": "tick"
    },
    "forest": {
      "conditions": {
        "player": [
          {
            "condition": "entity_properties",
            "entity": "this",
            "predicate": {
              "location": {
                "biomes": "forest"
              }
            }
          }
        ]
      },
      "trigger": "tick"
    },
    "grove": {
      "conditions": {
        "player": [
          {
            "condition": "entity_properties",
            "entity": "this",
            "predicate": {
              "location": {
                "biomes": "grove"
              }
            }
          }
        ]
      },
      "trigger": "tick"
    },
    "jungle": {
      "conditions": {
        "player": [
          {
            "condition": "entity_properties",
            "entity": "this",
            "predicate": {
              "location": {
                "biomes": "jungle"
              }
            }
          }
        ]
      },
      "trigger": "tick"
    },
    "mangrove_swamp": {
      "conditions": {
        "player": [
          {
            "condition": "entity_properties",
            "entity": "this",
            "predicate": {
              "location": {
                "biomes": "mangrove_swamp"
              }
            }
          }
        ]
      },
      "trigger": "tick"
    },
    "old_growth_birch_forest": {
      "conditions": {
        "player": [
          {
            "condition": "entity_properties",
            "entity": "this",
            "predicate": {
              "location": {
                "biomes": "old_growth_birch_forest"
              }
            }
          }
        ]
      },
      "trigger": "tick"
    },
    "old_growth_pine_taiga": {
      "conditions": {
        "player": [
          {
            "condition": "entity_properties",
            "entity": "this",
            "predicate": {
              "location": {
                "biomes": "old_growth_pine_taiga"
              }
            }
          }
        ]
      },
      "trigger": "tick"
    },
    "old_growth_spruce_taiga": {
      "conditions": {
        "player": [
          {
            "condition": "entity_properties",
            "entity": "this",
            "predicate": {
              "location": {
                "biomes": "old_growth_spruce_taiga"
              }
            }
          }
        ]
      },
      "trigger": "tick"
    },
    "snowy_taiga": {
      "conditions": {
        "player": [
          {
            "condition": "entity_properties",
            "entity": "this",
            "predicate": {
              "location": {
                "biomes": "snowy_taiga"
              }
            }
          }
        ]
      },
      "trigger": "tick"
    },
    "sparse_jungle": {
      "conditions": {
        "player": [
          {
            "condition": "entity_properties",
            "entity": "this",
            "predicate": {
              "location": {
                "biomes": "sparse_jungle"
              }
            }
          }
        ]
      },
      "trigger": "tick"
    },
    "swamp": {
      "conditions": {
        "player": [
          {
            "condition": "entity_properties",
            "entity": "this",
            "predicate": {
              "location": {
                "biomes": "swamp"
              }
            }
          }
        ]
      },
      "trigger": "tick"
    },
    "taiga": {
      "conditions": {
        "player": [
          {
            "condition": "entity_properties",
            "entity": "this",
            "predicate": {
              "location": {
                "biomes": "taiga"
              }
            }
          }
        ]
      },
      "trigger": "tick"
    },
    "windswept_forest": {
      "conditions": {
        "player": [
          {
            "condition": "entity_properties",
            "entity": "this",
            "predicate": {
              "location": {
                "biomes": "windswept_forest"
              }
            }
          }
        ]
      },
      "trigger": "tick"
    }
  },
  "display": {
    "description": {
      "translate": "adv.biome.forest_biomes.desc"
    },
    "frame": "goal",
    "icon": {
      "id": "birch_sapling"
    },
    "title": {
      "translate": "adv.biome.forest_biomes"
    }
  },
  "rewards": {
    "experience": 50
  }
}
