{
  "display": {
    "icon": {
      "id": "ice"
    },
    "title": {
      "translate": "adv.biome.ice"
    },
    "description": {
      "translate": "adv.biome.ice.desc"
    }
  },
  "parent": "biome/root",
  "criteria": {
    "ice": {
      "trigger": "inventory_changed",
      "conditions": {
        "items": [
          {
            "items": [
              "ice"
            ]
          }
        ]
      }
    }
  },
  "rewards": {
    "experience": 5,
    "function": "ltreward_check/biome/ice"
  }
}
