{
  "display": {
    "icon": {
      "id": "kelp"
    },
    "title": {
      "translate": "adv.biome.kelp"
    },
    "description": {
      "translate": "adv.biome.kelp.desc"
    }
  },
  "parent": "biome/seagrass",
  "criteria": {
    "kelp": {
      "trigger": "inventory_changed",
      "conditions": {
        "items": [
          {
            "items": [
              "kelp"
            ]
          }
        ]
      }
    }
  },
  "rewards": {
    "experience": 10,
    "function": "ltreward_check/biome/kelp"
  }
}
