{
  "parent": "biome/mountains",
  "display": {
    "icon": {
      "id": "goat_spawn_egg"
    },
    "title": {
      "translate": "adv.biome.kill_goat"
    },
    "description": {
      "translate": "adv.biome.kill_goat.desc"
    }
  },
  "rewards": {
    "experience": 10
  },
  "criteria": {
    "killed_goat": {
      "trigger": "player_killed_entity",
      "conditions": {
        "entity": [
          {
            "condition": "entity_properties",
            "predicate": {
              "type": "goat"
            },
            "entity": "this"
          }
        ]
      }
    }
  }
}
