{
  "display": {
    "icon": {
      "id": "goat_spawn_egg"
    },
    "title": {
      "translate": "adv.biome.killed_by_goat"
    },
    "description": {
      "translate": "adv.biome.killed_by_goat.desc"
    },
    "frame": "challenge"
  },
  "parent": "biome/kill_goat",
  "criteria": {
    "killed_goat": {
      "trigger": "entity_hurt_player",
      "conditions": {
        "damage": {
          "source_entity": {
            "type": "goat"
          }
        }
      }
    }
  },
  "rewards": {
    "experience": 250
  }
}
