{
  "display": {
    "icon": {
      "id": "packed_ice"
    },
    "title": {
      "translate": "adv.biome.packed_ice"
    },
    "description": {
      "translate": "adv.biome.packed_ice.desc"
    }
  },
  "parent": "biome/ice",
  "criteria": {
    "packed_ice": {
      "trigger": "inventory_changed",
      "conditions": {
        "items": [
          {
            "items": [
              "packed_ice"
            ]
          }
        ]
      }
    }
  },
  "rewards": {
    "function": "ltreward_check/biome/packed_ice",
    "experience": 15
  }
}
