{
  "display": {
    "icon": {
      "id": "oak_sapling"
    },
    "title": {
      "translate": "adv.biome.plant_tree_in_desert"
    },
    "description": {
      "translate": "adv.biome.plant_tree_in_desert.desc"
    },
    "frame": "goal"
  },
  "parent": "biome/mushroom_fields",
  "criteria": {
    "desert": {
      "trigger": "placed_block",
      "conditions": {
        "location": [
          {
            "condition": "block_state_property",
            "block": "oak_sapling"
          },
          {
            "condition": "location_check",
            "predicate": {
              "biome": "desert"
            }
          }
        ]
      }
    },
    "badlands": {
      "trigger": "placed_block",
      "conditions": {
        "location": [
          {
            "condition": "block_state_property",
            "block": "oak_sapling"
          },
          {
            "condition": "location_check",
            "predicate": {
              "biome": "badlands"
            }
          }
        ]
      }
    },
    "eroded_badlands": {
      "trigger": "placed_block",
      "conditions": {
        "location": [
          {
            "condition": "block_state_property",
            "block": "oak_sapling"
          },
          {
            "condition": "location_check",
            "predicate": {
              "biome": "eroded_badlands"
            }
          }
        ]
      }
    }
  },
  "requirements": [
    [
      "desert",
      "badlands",
      "eroded_badlands"
    ]
  ],
  "rewards": {
    "experience": 20
  }
}
