{
  "display": {
    "icon": {
      "id": "polar_bear_spawn_egg"
    },
    "title": {
      "translate": "adv.biome.polar_bear"
    },
    "description": {
      "translate": "adv.biome.polar_bear.desc"
    }
  },
  "parent": "biome/frozen_ocean",
  "criteria": {
    "killed_goat": {
      "trigger": "entity_hurt_player",
      "conditions": {
        "damage": {
          "source_entity": {
            "type": "polar_bear"
          }
        }
      }
    }
  },
  "rewards": {
    "experience": 10
  }
}
