{
  "parent": "biome/water_bucket",
  "display": {
    "icon": {
      "id": "powder_snow_bucket"
    },
    "title": {
      "translate": "adv.biome.powder_snow_bucket"
    },
    "description": {
      "translate": "adv.biome.powder_snow_bucket.desc"
    }
  },
  "rewards": {
    "experience": 10
  },
  "criteria": {
    "powder_snow_bucket": {
      "trigger": "inventory_changed",
      "conditions": {
        "items": [
          {
            "items": [
              "powder_snow_bucket"
            ]
          }
        ]
      }
    }
  }
}
