{
  "parent": "biome/snowy_biomes",
  "display": {
    "icon": {
      "id": "water_bucket"
    },
    "title": {
      "translate": "adv.biome.sail_7_seas"
    },
    "description": {
      "translate": "adv.biome.sail_7_seas.desc"
    },
    "frame": "goal"
  },
  "rewards": {
    "experience": 50
  },
  "criteria": {
    "cold_ocean": {
      "trigger": "tick",
      "conditions": {
        "player": {
          "location": {
            "biomes": "cold_ocean"
          }
        }
      }
    },
    "deep_cold_ocean": {
      "trigger": "tick",
      "conditions": {
        "player": {
          "location": {
            "biomes": "deep_cold_ocean"
          }
        }
      }
    },
    "frozen_ocean": {
      "trigger": "tick",
      "conditions": {
        "player": {
          "location": {
            "biomes": "frozen_ocean"
          }
        }
      }
    },
    "deep_frozen_ocean": {
      "trigger": "tick",
      "conditions": {
        "player": {
          "location": {
            "biomes": "deep_frozen_ocean"
          }
        }
      }
    },
    "lukewarm_ocean": {
      "trigger": "tick",
      "conditions": {
        "player": {
          "location": {
            "biomes": "lukewarm_ocean"
          }
        }
      }
    },
    "deep_lukewarm_ocean": {
      "trigger": "tick",
      "conditions": {
        "player": {
          "location": {
            "biomes": "deep_lukewarm_ocean"
          }
        }
      }
    },
    "ocean": {
      "trigger": "tick",
      "conditions": {
        "player": {
          "location": {
            "biomes": "ocean"
          }
        }
      }
    },
    "deep_ocean": {
      "trigger": "tick",
      "conditions": {
        "player": {
          "location": {
            "biomes": "deep_ocean"
          }
        }
      }
    },
    "warm_ocean": {
      "trigger": "tick",
      "conditions": {
        "player": {
          "location": {
            "biomes": "warm_ocean"
          }
        }
      }
    }
  }
}
