{
  "display": {
    "icon": {
      "id": "scaffolding"
    },
    "title": {
      "translate": "adv.biome.scaffolding"
    },
    "description": {
      "translate": "adv.biome.scaffolding.desc"
    },
    "frame": "challenge"
  },
  "parent": "biome/world_top",
  "criteria": {
    "height": {
      "trigger": "placed_block",
      "conditions": {
        "location": [
          {
            "condition": "block_state_property",
            "block": "scaffolding",
            "properties": {
              "bottom": "false",
              "distance": "0",
              "waterlogged": "false"
            }
          },
          {
            "condition": "location_check",
            "predicate": {
              "position": {
                "y": {
                  "min": 315
                }
              }
            }
          }
        ]
      }
    }
  },
  "rewards": {
    "experience": 200
  }
}
