{
  "display": {
    "icon": {
      "id": "sea_pickle"
    },
    "title": {
      "translate": "adv.biome.sea_pickle"
    },
    "description": {
      "translate": "adv.biome.sea_pickle.desc"
    }
  },
  "parent": "biome/warm_ocean",
  "criteria": {
    "sea_pickle": {
      "trigger": "placed_block",
      "conditions": {
        "state": {
          "pickles": "4"
        },
        "location": [
          {
            "condition": "minecraft:block_state_property",
            "block": "sea_pickle",
            "properties": {
              "pickles": "4"
            }
          }
        ]
      }
    }
  },
  "rewards": {
    "experience": 10
  }
}
