{
  "display": {
    "icon": {
      "id": "seagrass"
    },
    "title": {
      "translate": "adv.biome.seagrass"
    },
    "description": {
      "translate": "adv.biome.seagrass.desc"
    }
  },
  "parent": "biome/packed_ice",
  "criteria": {
    "seagrass": {
      "trigger": "inventory_changed",
      "conditions": {
        "items": [
          {
            "items": [
              "seagrass"
            ]
          }
        ]
      }
    }
  },
  "rewards": {
    "experience": 10
  }
}
