{
  "display": {
    "icon": {
      "id": "grass_block"
    },
    "title": {
      "translate": "adv.biome.sky_survive"
    },
    "description": {
      "translate": "adv.biome.sky_survive.desc"
    },
    "frame": "challenge"
  },
  "parent": "biome/world_top",
  "criteria": {
    "chicken": {
      "trigger": "tick",
      "conditions": {
        "player": {
          "type_specific": {
            "type": "player",
            "advancements": {
              "func:place_grass_block": true
            },
            "looking_at": {
              "type": "chicken",
              "location": {
                "position": {
                  "y": {
                    "min": 280
                  }
                }
              },
              "stepping_on": {
                "block": {
                  "blocks": "grass_block"
                }
              }
            }
          }
        }
      }
    }
  },
  "rewards": {
    "experience": 500
  }
}
