{
    "display": {
        "icon": {
            "id": "sand"
        },
        "title": {
            "translate": "adv.biome.warm_ocean"
        },
        "description": {
            "translate": "adv.biome.warm_ocean.desc"
        }
    },
    "parent": "biome/ocean",
    "rewards": {
        "experience": 50
    },
    "criteria": {
        "warm_ocean": {
            "trigger": "tick",
            "conditions": {
                "player": {
                    "location": {
                        "biomes": "warm_ocean"
                    }
                }
            }
        }
    }
}
