{
  "display": {
    "icon": {
      "id": "water_bucket"
    },
    "title": {
      "translate": "adv.biome.watered_video"
    },
    "description": {
      "translate": "adv.biome.watered_video.desc"
    },
    "frame": "goal"
  },
  "parent": "biome/underwater",
  "criteria": {
    "watered_video": {
      "trigger": "inventory_changed",
      "conditions": {
        "player": {
          "nbt": "{Inventory:[{Slot:0b,id:\"minecraft:water_bucket\",Count:1b},{Slot:1b,id:\"minecraft:water_bucket\",Count:1b},{Slot:2b,id:\"minecraft:water_bucket\",Count:1b},{Slot:3b,id:\"minecraft:water_bucket\",Count:1b},{Slot:4b,id:\"minecraft:water_bucket\",Count:1b},{Slot:5b,id:\"minecraft:water_bucket\",Count:1b},{Slot:6b,id:\"minecraft:water_bucket\",Count:1b},{Slot:7b,id:\"minecraft:water_bucket\",Count:1b},{Slot:8b,id:\"minecraft:water_bucket\",Count:1b}]}"
        }
      }
    }
  },
  "rewards": {
    "experience": 120
  }
}
