{
  "parent": "biome/underwater",
  "display": {
    "icon": {
      "id": "water_bucket"
    },
    "title": {
      "translate": "adv.biome.water_bucket"
    },
    "description": {
      "translate": "adv.biome.water_bucket.desc"
    }
  },
  "rewards": {
    "experience": 10
  },
  "criteria": {
    "water_bucket": {
      "trigger": "inventory_changed",
      "conditions": {
        "items": [
          {
            "items": [
              "water_bucket"
            ]
          }
        ]
      }
    }
  }
}
