{
  "display": {
    "icon": {
      "id": "iron_boots"
    },
    "title": {
      "translate": "adv.biome.world_center_space"
    },
    "description": {
      "translate": "adv.biome.world_center_space.desc"
    },
    "frame": "goal"
  },
  "parent": "biome/world_center",
  "criteria": {
    "world_center": {
      "trigger": "tick",
      "conditions": {
        "player": {
          "location": {
            "position": {
              "x": {
                "min": -0.5,
                "max": 0.5
              },
              "y": {
                "min": 127.5,
                "max": 128.5
              },
              "z": {
                "min": -0.5,
                "max": 0.5
              }
            }
          }
        }
      }
    }
  },
  "rewards": {
    "experience": 30
  }
}
