{
  "parent": "biome/bottom_of_the_world",
  "display": {
    "icon": {
      "id": "wooden_shovel"
    },
    "title": {
      "translate": "adv.biome.world_top"
    },
    "description": {
      "translate": "adv.biome.world_top.desc"
    }
  },
  "rewards": {
    "experience": 15
  },
  "criteria": {
    "world_top": {
      "trigger": "tick",
      "conditions": {
        "player": {
          "location": {
            "position": {
              "y": {
                "min": 319
              }
            }
          }
        }
      }
    }
  }
}
