{
  "parent": "biome/edge_of_the_world",
  "display": {
    "icon": {
      "id": "player_head"
    },
    "title": {
      "translate": "adv.biome.wrong_world"
    },
    "description": {
      "translate": "adv.biome.wrong_world.desc"
    },
    "frame": "challenge"
  },
  "rewards": {
    "experience": 2500
  },
  "criteria": {
    "edge_of_world": {
      "trigger": "tick",
      "conditions": {
        "player": {
          "location": {
            "position": {
              "x": {
                "min": 50000
              }
            }
          }
        }
      }
    },
    "edge_of_world_minus": {
      "trigger": "tick",
      "conditions": {
        "player": {
          "location": {
            "position": {
              "x": {
                "max": -50000
              }
            }
          }
        }
      }
    },
    "edge_of_world_z": {
      "trigger": "tick",
      "conditions": {
        "player": {
          "location": {
            "position": {
              "z": {
                "min": 50000
              }
            }
          }
        }
      }
    },
    "edge_of_world_z_minus": {
      "trigger": "tick",
      "conditions": {
        "player": {
          "location": {
            "position": {
              "z": {
                "max": -50000
              }
            }
          }
        }
      }
    }
  },
  "requirements": [
    [
      "edge_of_world",
      "edge_of_world_minus",
      "edge_of_world_z",
      "edge_of_world_z_minus"
    ]
  ]
}
