{
  "criteria": {
    "pick": {
      "trigger": "thrown_item_picked_up_by_player",
      "conditions": {
        "entity": {
          "type": "allay"
        }
      }
    },
    "kill_allay": {
      "trigger": "player_killed_entity",
      "conditions": {
        "entity": [
          {
            "condition": "entity_properties",
            "entity": "this",
            "predicate": {
              "type": "allay"
            }
          }
        ]
      }
    },
    "dead": {
      "trigger": "entity_killed_player",
      "conditions": {}
    }
  },
  "rewards": {
    "function": "allay_deliver_item_stop"
  },
  "requirements": [
    [
      "pick",
      "kill_allay",
      "dead"
    ]
  ]
}
