{
  "criteria": {
    "desert": {
      "trigger": "bred_animals",
      "conditions": {
        "player": {
          "location": {
            "structure": "village_desert"
          }
        },
        "child": {
          "type": "chicken"
        }
      }
    },
    "plains": {
      "trigger": "bred_animals",
      "conditions": {
        "player": {
          "location": {
            "structure": "village_plains"
          }
        },
        "child": {
          "type": "chicken"
        }
      }
    },
    "taiga": {
      "trigger": "bred_animals",
      "conditions": {
        "player": {
          "location": {
            "structure": "village_taiga"
          }
        },
        "child": {
          "type": "chicken"
        }
      }
    },
    "savanna": {
      "trigger": "bred_animals",
      "conditions": {
        "player": {
          "location": {
            "structure": "village_savanna"
          }
        },
        "child": {
          "type": "chicken"
        }
      }
    },
    "snowy": {
      "trigger": "bred_animals",
      "conditions": {
        "player": {
          "location": {
            "structure": "village_snowy"
          }
        },
        "child": {
          "type": "chicken"
        }
      }
    }
  },
  "requirements": [
    [
      "desert",
      "plains",
      "taiga",
      "savanna",
      "snowy"
    ]
  ],
  "rewards": {
    "function": "caixu_village"
  }
}
