{
  "criteria": {
    "oak_planks": {
      "trigger": "placed_block",
      "conditions": {
        "location": [
          {
            "condition": "block_state_property",
            "block": "oak_planks"
          }
        ]
      }
    },
    "birch_planks": {
      "trigger": "placed_block",
      "conditions": {
        "location": [
          {
            "condition": "block_state_property",
            "block": "birch_planks"
          }
        ]
      }
    },
    "spruce_planks": {
      "trigger": "placed_block",
      "conditions": {
        "location": [
          {
            "condition": "block_state_property",
            "block": "spruce_planks"
          }
        ]
      }
    },
    "jungle_planks": {
      "trigger": "placed_block",
      "conditions": {
        "location": [
          {
            "condition": "block_state_property",
            "block": "jungle_planks"
          }
        ]
      }
    },
    "acacia_planks": {
      "trigger": "placed_block",
      "conditions": {
        "location": [
          {
            "condition": "block_state_property",
            "block": "acacia_planks"
          }
        ]
      }
    },
    "dark_oak_planks": {
      "trigger": "placed_block",
      "conditions": {
        "location": [
          {
            "condition": "block_state_property",
            "block": "dark_oak_planks"
          }
        ]
      }
    },
    "crimson_planks": {
      "trigger": "placed_block",
      "conditions": {
        "location": [
          {
            "condition": "block_state_property",
            "block": "crimson_planks"
          }
        ]
      }
    },
    "warped_planks": {
      "trigger": "placed_block",
      "conditions": {
        "location": [
          {
            "condition": "block_state_property",
            "block": "warped_planks"
          }
        ]
      }
    },
    "mangrove_planks": {
      "trigger": "placed_block",
      "conditions": {
        "location": [
          {
            "condition": "block_state_property",
            "block": "mangrove_planks"
          }
        ]
      }
    },
    "bamboo_planks": {
      "trigger": "placed_block",
      "conditions": {
        "location": [
          {
            "condition": "block_state_property",
            "block": "bamboo_planks"
          }
        ]
      }
    },
    "cherry_planks": {
      "trigger": "placed_block",
      "conditions": {
        "location": [
          {
            "condition": "block_state_property",
            "block": "cherry_planks"
          }
        ]
      }
    }
  },
  "requirements": [
    [
      "oak_planks",
      "birch_planks",
      "spruce_planks",
      "jungle_planks",
      "acacia_planks",
      "dark_oak_planks",
      "crimson_planks",
      "warped_planks",
      "mangrove_planks",
      "bamboo_planks",
      "cherry_planks"
    ]
  ],
  "rewards": {
    "function": "place_planks_check"
  }
}
