{
  "criteria": {
    "under_lock_and_key": {
      "trigger": "item_used_on_block",
      "conditions": {
        "location": [
          {
            "condition": "location_check",
            "predicate": {
              "block": {
                "blocks": "vault",
                "state": {
                  "ominous": "false"
                }
              }
            }
          },
          {
            "condition": "match_tool",
            "predicate": {
              "items": "trial_key"
            }
          }
        ]
      }
    }
  },
  "rewards": {
    "function": "scoreboard/vault_unlock_check"
  }
}
