{
	"display": {
		"icon": {
			"id": "map"
		},
		"title": {
			"translate": "advancements.adventure.root.title"
		},
		"description": {
			"translate": "advancements.adventure.root.description"
		},
		"frame": "challenge"
	},
	"parent": "advcollect/root",
	"rewards": {
		"experience": 5000
	},
	"criteria": {
		"adventuring_time": {
			"trigger": "tick",
			"conditions": {
				"player": {
					"type_specific": {
						"type": "player",
						"advancements": {
							"adventure/adventuring_time": true
						}
					}
				}
			}
		},
		"all_chests": {
			"trigger": "tick",
			"conditions": {
				"player": {
					"type_specific": {
						"type": "player",
						"advancements": {
							"adventure/all_chests": true
						}
					}
				}
			}
		},
		"all_music_discs": {
			"trigger": "tick",
			"conditions": {
				"player": {
					"type_specific": {
						"type": "player",
						"advancements": {
							"adventure/all_music_discs": true
						}
					}
				}
			}
		},
		"arbalistic": {
			"trigger": "tick",
			"conditions": {
				"player": {
					"type_specific": {
						"type": "player",
						"advancements": {
							"adventure/arbalistic": true
						}
					}
				}
			}
		},
		"archeologist": {
			"trigger": "tick",
			"conditions": {
				"player": {
					"type_specific": {
						"type": "player",
						"advancements": {
							"adventure/archeologist": true
						}
					}
				}
			}
		},
		"avoid_vibration": {
			"trigger": "tick",
			"conditions": {
				"player": {
					"type_specific": {
						"type": "player",
						"advancements": {
							"adventure/avoid_vibration": true
						}
					}
				}
			}
		},
		"baby_zombie": {
			"trigger": "tick",
			"conditions": {
				"player": {
					"type_specific": {
						"type": "player",
						"advancements": {
							"adventure/baby_zombie": true
						}
					}
				}
			}
		},
		"bell": {
			"trigger": "tick",
			"conditions": {
				"player": {
					"type_specific": {
						"type": "player",
						"advancements": {
							"adventure/bell": true
						}
					}
				}
			}
		},
		"blind_shoot": {
			"trigger": "tick",
			"conditions": {
				"player": {
					"type_specific": {
						"type": "player",
						"advancements": {
							"adventure/blind_shoot": true
						}
					}
				}
			}
		},
		"blowback": {
			"trigger": "tick",
			"conditions": {
				"player": {
					"type_specific": {
						"type": "player",
						"advancements": {
							"adventure/blowback": true
						}
					}
				}
			}
		},
		"brush": {
			"trigger": "tick",
			"conditions": {
				"player": {
					"type_specific": {
						"type": "player",
						"advancements": {
							"adventure/brush": true
						}
					}
				}
			}
		},
		"brush_armadillo": {
			"trigger": "tick",
			"conditions": {
				"player": {
					"type_specific": {
						"type": "player",
						"advancements": {
							"adventure/brush_armadillo": true
						}
					}
				}
			}
		},
		"brush_armadillo_stack": {
			"trigger": "tick",
			"conditions": {
				"player": {
					"type_specific": {
						"type": "player",
						"advancements": {
							"adventure/brush_armadillo_stack": true
						}
					}
				}
			}
		},
		"bullseye": {
			"trigger": "tick",
			"conditions": {
				"player": {
					"type_specific": {
						"type": "player",
						"advancements": {
							"adventure/bullseye": true
						}
					}
				}
			}
		},
		"buried_treasure": {
			"trigger": "tick",
			"conditions": {
				"player": {
					"type_specific": {
						"type": "player",
						"advancements": {
							"adventure/buried_treasure": true
						}
					}
				}
			}
		},
		"buy_low_sell_high": {
			"trigger": "tick",
			"conditions": {
				"player": {
					"type_specific": {
						"type": "player",
						"advancements": {
							"adventure/buy_low_sell_high": true
						}
					}
				}
			}
		},
		"camouflage": {
			"trigger": "tick",
			"conditions": {
				"player": {
					"type_specific": {
						"type": "player",
						"advancements": {
							"adventure/camouflage": true
						}
					}
				}
			}
		},
		"cave_spider": {
			"trigger": "tick",
			"conditions": {
				"player": {
					"type_specific": {
						"type": "player",
						"advancements": {
							"adventure/cave_spider": true
						}
					}
				}
			}
		},
		"channel_all_monsters": {
			"trigger": "tick",
			"conditions": {
				"player": {
					"type_specific": {
						"type": "player",
						"advancements": {
							"adventure/channel_all_monsters": true
						}
					}
				}
			}
		},
		"cheating_death": {
			"trigger": "tick",
			"conditions": {
				"player": {
					"type_specific": {
						"type": "player",
						"advancements": {
							"adventure/cheating_death": true
						}
					}
				}
			}
		},
		"clock": {
			"trigger": "tick",
			"conditions": {
				"player": {
					"type_specific": {
						"type": "player",
						"advancements": {
							"adventure/clock": true
						}
					}
				}
			}
		},
		"combat_complete": {
			"trigger": "tick",
			"conditions": {
				"player": {
					"type_specific": {
						"type": "player",
						"advancements": {
							"adventure/combat_complete": true
						}
					}
				}
			}
		},
		"compass": {
			"trigger": "tick",
			"conditions": {
				"player": {
					"type_specific": {
						"type": "player",
						"advancements": {
							"adventure/compass": true
						}
					}
				}
			}
		},
		"crafters_crafting_crafters": {
			"trigger": "tick",
			"conditions": {
				"player": {
					"type_specific": {
						"type": "player",
						"advancements": {
							"adventure/crafters_crafting_crafters": true
						}
					}
				}
			}
		},
		"craft_decorated_pot_using_only_sherds": {
			"trigger": "tick",
			"conditions": {
				"player": {
					"type_specific": {
						"type": "player",
						"advancements": {
							"adventure/craft_decorated_pot_using_only_sherds": true
						}
					}
				}
			}
		},
		"damage_a_lot": {
			"trigger": "tick",
			"conditions": {
				"player": {
					"type_specific": {
						"type": "player",
						"advancements": {
							"adventure/damage_a_lot": true
						}
					}
				}
			}
		},
		"defeat": {
			"trigger": "tick",
			"conditions": {
				"player": {
					"type_specific": {
						"type": "player",
						"advancements": {
							"adventure/defeat": true
						}
					}
				}
			}
		},
		"defeat_not_three": {
			"trigger": "tick",
			"conditions": {
				"player": {
					"type_specific": {
						"type": "player",
						"advancements": {
							"adventure/defeat_not_three": true
						}
					}
				}
			}
		},
		"desert_pyramid": {
			"trigger": "tick",
			"conditions": {
				"player": {
					"type_specific": {
						"type": "player",
						"advancements": {
							"adventure/desert_pyramid": true
						}
					}
				}
			}
		},
		"dinnerbone": {
			"trigger": "tick",
			"conditions": {
				"player": {
					"type_specific": {
						"type": "player",
						"advancements": {
							"adventure/dinnerbone": true
						}
					}
				}
			}
		},
		"elder_guardian": {
			"trigger": "tick",
			"conditions": {
				"player": {
					"type_specific": {
						"type": "player",
						"advancements": {
							"adventure/elder_guardian": true
						}
					}
				}
			}
		},
		"endermite": {
			"trigger": "tick",
			"conditions": {
				"player": {
					"type_specific": {
						"type": "player",
						"advancements": {
							"adventure/endermite": true
						}
					}
				}
			}
		},
		"ender_pearl": {
			"trigger": "tick",
			"conditions": {
				"player": {
					"type_specific": {
						"type": "player",
						"advancements": {
							"adventure/ender_pearl": true
						}
					}
				}
			}
		},
		"evoker": {
			"trigger": "tick",
			"conditions": {
				"player": {
					"type_specific": {
						"type": "player",
						"advancements": {
							"adventure/evoker": true
						}
					}
				}
			}
		},
		"fall_damage_protector": {
			"trigger": "tick",
			"conditions": {
				"player": {
					"type_specific": {
						"type": "player",
						"advancements": {
							"adventure/fall_damage_protector": true
						}
					}
				}
			}
		},
		"fall_from_world_height": {
			"trigger": "tick",
			"conditions": {
				"player": {
					"type_specific": {
						"type": "player",
						"advancements": {
							"adventure/fall_from_world_height": true
						}
					}
				}
			}
		},
		"find_all_structures": {
			"trigger": "tick",
			"conditions": {
				"player": {
					"type_specific": {
						"type": "player",
						"advancements": {
							"adventure/find_all_structures": true
						}
					}
				}
			}
		},
		"find_all_villages": {
			"trigger": "tick",
			"conditions": {
				"player": {
					"type_specific": {
						"type": "player",
						"advancements": {
							"adventure/find_all_villages": true
						}
					}
				}
			}
		},
		"find_a_structure": {
			"trigger": "tick",
			"conditions": {
				"player": {
					"type_specific": {
						"type": "player",
						"advancements": {
							"adventure/find_a_structure": true
						}
					}
				}
			}
		},
		"find_village": {
			"trigger": "tick",
			"conditions": {
				"player": {
					"type_specific": {
						"type": "player",
						"advancements": {
							"adventure/find_village": true
						}
					}
				}
			}
		},
		"firework_rocket": {
			"trigger": "tick",
			"conditions": {
				"player": {
					"type_specific": {
						"type": "player",
						"advancements": {
							"adventure/firework_rocket": true
						}
					}
				}
			}
		},
		"first_attack": {
			"trigger": "tick",
			"conditions": {
				"player": {
					"type_specific": {
						"type": "player",
						"advancements": {
							"adventure/first_attack": true
						}
					}
				}
			}
		},
		"first_kill": {
			"trigger": "tick",
			"conditions": {
				"player": {
					"type_specific": {
						"type": "player",
						"advancements": {
							"adventure/first_kill": true
						}
					}
				}
			}
		},
		"full_inventory": {
			"trigger": "tick",
			"conditions": {
				"player": {
					"type_specific": {
						"type": "player",
						"advancements": {
							"adventure/full_inventory": true
						}
					}
				}
			}
		},
		"get_chest": {
			"trigger": "tick",
			"conditions": {
				"player": {
					"type_specific": {
						"type": "player",
						"advancements": {
							"adventure/get_chest": true
						}
					}
				}
			}
		},
		"give_diamond": {
			"trigger": "tick",
			"conditions": {
				"player": {
					"type_specific": {
						"type": "player",
						"advancements": {
							"adventure/give_diamond": true
						}
					}
				}
			}
		},
		"guardian_land": {
			"trigger": "tick",
			"conditions": {
				"player": {
					"type_specific": {
						"type": "player",
						"advancements": {
							"adventure/guardian_land": true
						}
					}
				}
			}
		},
		"gunpowder": {
			"trigger": "tick",
			"conditions": {
				"player": {
					"type_specific": {
						"type": "player",
						"advancements": {
							"adventure/gunpowder": true
						}
					}
				}
			}
		},
		"half_heart": {
			"trigger": "tick",
			"conditions": {
				"player": {
					"type_specific": {
						"type": "player",
						"advancements": {
							"adventure/half_heart": true
						}
					}
				}
			}
		},
		"hero_of_the_village": {
			"trigger": "tick",
			"conditions": {
				"player": {
					"type_specific": {
						"type": "player",
						"advancements": {
							"adventure/hero_of_the_village": true
						}
					}
				}
			}
		},
		"honey_block_slide": {
			"trigger": "tick",
			"conditions": {
				"player": {
					"type_specific": {
						"type": "player",
						"advancements": {
							"adventure/honey_block_slide": true
						}
					}
				}
			}
		},
		"igloo": {
			"trigger": "tick",
			"conditions": {
				"player": {
					"type_specific": {
						"type": "player",
						"advancements": {
							"adventure/igloo": true
						}
					}
				}
			}
		},
		"impossible_thing": {
			"trigger": "tick",
			"conditions": {
				"player": {
					"type_specific": {
						"type": "player",
						"advancements": {
							"adventure/impossible_thing": true
						}
					}
				}
			}
		},
		"invisibility_fight": {
			"trigger": "tick",
			"conditions": {
				"player": {
					"type_specific": {
						"type": "player",
						"advancements": {
							"adventure/invisibility_fight": true
						}
					}
				}
			}
		},
		"invisibility_spider": {
			"trigger": "tick",
			"conditions": {
				"player": {
					"type_specific": {
						"type": "player",
						"advancements": {
							"adventure/invisibility_spider": true
						}
					}
				}
			}
		},
		"jungle_pyramid": {
			"trigger": "tick",
			"conditions": {
				"player": {
					"type_specific": {
						"type": "player",
						"advancements": {
							"adventure/jungle_pyramid": true
						}
					}
				}
			}
		},
		"killed_by_one_heart": {
			"trigger": "tick",
			"conditions": {
				"player": {
					"type_specific": {
						"type": "player",
						"advancements": {
							"adventure/killed_by_one_heart": true
						}
					}
				}
			}
		},
		"killed_by_zombie": {
			"trigger": "tick",
			"conditions": {
				"player": {
					"type_specific": {
						"type": "player",
						"advancements": {
							"adventure/killed_by_zombie": true
						}
					}
				}
			}
		},
		"kill_all_mobs": {
			"trigger": "tick",
			"conditions": {
				"player": {
					"type_specific": {
						"type": "player",
						"advancements": {
							"adventure/kill_all_mobs": true
						}
					}
				}
			}
		},
		"kill_a_mob": {
			"trigger": "tick",
			"conditions": {
				"player": {
					"type_specific": {
						"type": "player",
						"advancements": {
							"adventure/kill_a_mob": true
						}
					}
				}
			}
		},
		"kill_blaze_with_snowball": {
			"trigger": "tick",
			"conditions": {
				"player": {
					"type_specific": {
						"type": "player",
						"advancements": {
							"adventure/kill_blaze_with_snowball": true
						}
					}
				}
			}
		},
		"kill_dolphin": {
			"trigger": "tick",
			"conditions": {
				"player": {
					"type_specific": {
						"type": "player",
						"advancements": {
							"adventure/kill_dolphin": true
						}
					}
				}
			}
		},
		"kill_enderman_in_goat": {
			"trigger": "tick",
			"conditions": {
				"player": {
					"type_specific": {
						"type": "player",
						"advancements": {
							"adventure/kill_enderman_in_boat": true
						}
					}
				}
			}
		},
		"kill_iron_golem": {
			"trigger": "tick",
			"conditions": {
				"player": {
					"type_specific": {
						"type": "player",
						"advancements": {
							"adventure/kill_iron_golem": true
						}
					}
				}
			}
		},
		"kill_mob_near_sculk_catalyst": {
			"trigger": "tick",
			"conditions": {
				"player": {
					"type_specific": {
						"type": "player",
						"advancements": {
							"adventure/kill_mob_near_sculk_catalyst": true
						}
					}
				}
			}
		},
		"kill_ravager": {
			"trigger": "tick",
			"conditions": {
				"player": {
					"type_specific": {
						"type": "player",
						"advancements": {
							"adventure/kill_ravager": true
						}
					}
				}
			}
		},
		"kill_skeleton_in_short_distance": {
			"trigger": "tick",
			"conditions": {
				"player": {
					"type_specific": {
						"type": "player",
						"advancements": {
							"adventure/kill_skeleton_in_short_distance": true
						}
					}
				}
			}
		},
		"kill_villager": {
			"trigger": "tick",
			"conditions": {
				"player": {
					"type_specific": {
						"type": "player",
						"advancements": {
							"adventure/kill_villager": true
						}
					}
				}
			}
		},
		"lighten_up": {
			"trigger": "tick",
			"conditions": {
				"player": {
					"type_specific": {
						"type": "player",
						"advancements": {
							"adventure/lighten_up": true
						}
					}
				}
			}
		},
		"lightning_rod_with_villager_no_fire": {
			"trigger": "tick",
			"conditions": {
				"player": {
					"type_specific": {
						"type": "player",
						"advancements": {
							"adventure/lightning_rod_with_villager_no_fire": true
						}
					}
				}
			}
		},
		"loot_dungeon": {
			"trigger": "tick",
			"conditions": {
				"player": {
					"type_specific": {
						"type": "player",
						"advancements": {
							"adventure/loot_dungeon": true
						}
					}
				}
			}
		},
		"loot_village": {
			"trigger": "tick",
			"conditions": {
				"player": {
					"type_specific": {
						"type": "player",
						"advancements": {
							"adventure/loot_village": true
						}
					}
				}
			}
		},
		"mansion": {
			"trigger": "tick",
			"conditions": {
				"player": {
					"type_specific": {
						"type": "player",
						"advancements": {
							"adventure/mansion": true
						}
					}
				}
			}
		},
		"many_emeralds": {
			"trigger": "tick",
			"conditions": {
				"player": {
					"type_specific": {
						"type": "player",
						"advancements": {
							"adventure/many_emeralds": true
						}
					}
				}
			}
		},
		"max_hero": {
			"trigger": "tick",
			"conditions": {
				"player": {
					"type_specific": {
						"type": "player",
						"advancements": {
							"adventure/max_hero": true
						}
					}
				}
			}
		},
		"max_ominous": {
			"trigger": "tick",
			"conditions": {
				"player": {
					"type_specific": {
						"type": "player",
						"advancements": {
							"adventure/max_ominous": true
						}
					}
				}
			}
		},
		"minecraft_trials_edition": {
			"trigger": "tick",
			"conditions": {
				"player": {
					"type_specific": {
						"type": "player",
						"advancements": {
							"adventure/minecraft_trials_edition": true
						}
					}
				}
			}
		},
		"monument": {
			"trigger": "tick",
			"conditions": {
				"player": {
					"type_specific": {
						"type": "player",
						"advancements": {
							"adventure/monument": true
						}
					}
				}
			}
		},
		"name_pig": {
			"trigger": "tick",
			"conditions": {
				"player": {
					"type_specific": {
						"type": "player",
						"advancements": {
							"adventure/name_pig": true
						}
					}
				}
			}
		},
		"name_sheep": {
			"trigger": "tick",
			"conditions": {
				"player": {
					"type_specific": {
						"type": "player",
						"advancements": {
							"adventure/name_sheep": true
						}
					}
				}
			}
		},
		"name_tag": {
			"trigger": "tick",
			"conditions": {
				"player": {
					"type_specific": {
						"type": "player",
						"advancements": {
							"adventure/name_tag": true
						}
					}
				}
			}
		},
		"name_vindicator": {
			"trigger": "tick",
			"conditions": {
				"player": {
					"type_specific": {
						"type": "player",
						"advancements": {
							"adventure/name_vindicator": true
						}
					}
				}
			}
		},
		"no_sleeping": {
			"trigger": "tick",
			"conditions": {
				"player": {
					"type_specific": {
						"type": "player",
						"advancements": {
							"adventure/no_sleeping": true
						}
					}
				}
			}
		},
		"obtain_head": {
			"trigger": "tick",
			"conditions": {
				"player": {
					"type_specific": {
						"type": "player",
						"advancements": {
							"adventure/obtain_head": true
						}
					}
				}
			}
		},
		"ocean_king": {
			"trigger": "tick",
			"conditions": {
				"player": {
					"type_specific": {
						"type": "player",
						"advancements": {
							"adventure/ocean_king": true
						}
					}
				}
			}
		},
		"ol_betsy": {
			"trigger": "tick",
			"conditions": {
				"player": {
					"type_specific": {
						"type": "player",
						"advancements": {
							"adventure/ol_betsy": true
						}
					}
				}
			}
		},
		"once_killed": {
			"trigger": "tick",
			"conditions": {
				"player": {
					"type_specific": {
						"type": "player",
						"advancements": {
							"adventure/once_killed": true
						}
					}
				}
			}
		},
		"outpost": {
			"trigger": "tick",
			"conditions": {
				"player": {
					"type_specific": {
						"type": "player",
						"advancements": {
							"adventure/outpost": true
						}
					}
				}
			}
		},
		"overkill": {
			"trigger": "tick",
			"conditions": {
				"player": {
					"type_specific": {
						"type": "player",
						"advancements": {
							"adventure/overkill": true
						}
					}
				}
			}
		},
		"overoverkill": {
			"trigger": "tick",
			"conditions": {
				"player": {
					"type_specific": {
						"type": "player",
						"advancements": {
							"adventure/overoverkill": true
						}
					}
				}
			}
		},
		"play_jukebox_in_meadows": {
			"trigger": "tick",
			"conditions": {
				"player": {
					"type_specific": {
						"type": "player",
						"advancements": {
							"adventure/play_jukebox_in_meadows": true
						}
					}
				}
			}
		},
		"precipice": {
			"trigger": "tick",
			"conditions": {
				"player": {
					"type_specific": {
						"type": "player",
						"advancements": {
							"adventure/precipice": true
						}
					}
				}
			}
		},
		"pvp_master": {
			"trigger": "tick",
			"conditions": {
				"player": {
					"type_specific": {
						"type": "player",
						"advancements": {
							"adventure/pvp_master": true
						}
					}
				}
			}
		},
		"raid_in_end": {
			"trigger": "tick",
			"conditions": {
				"player": {
					"type_specific": {
						"type": "player",
						"advancements": {
							"adventure/raid_in_end": true
						}
					}
				}
			}
		},
		"read_power_of_chiseled_bookshelf": {
			"trigger": "tick",
			"conditions": {
				"player": {
					"type_specific": {
						"type": "player",
						"advancements": {
							"adventure/read_power_of_chiseled_bookshelf": true
						}
					}
				}
			}
		},
		"real_face": {
			"trigger": "tick",
			"conditions": {
				"player": {
					"type_specific": {
						"type": "player",
						"advancements": {
							"adventure/real_face": true
						}
					}
				}
			}
		},
		"relic": {
			"trigger": "tick",
			"conditions": {
				"player": {
					"type_specific": {
						"type": "player",
						"advancements": {
							"adventure/relic": true
						}
					}
				}
			}
		},
		"revaulting": {
			"trigger": "tick",
			"conditions": {
				"player": {
					"type_specific": {
						"type": "player",
						"advancements": {
							"adventure/revaulting": true
						}
					}
				}
			}
		},
		"root": {
			"trigger": "tick",
			"conditions": {
				"player": {
					"type_specific": {
						"type": "player",
						"advancements": {
							"adventure/root": true
						}
					}
				}
			}
		},
		"ruined_portal": {
			"trigger": "tick",
			"conditions": {
				"player": {
					"type_specific": {
						"type": "player",
						"advancements": {
							"adventure/ruined_portal": true
						}
					}
				}
			}
		},
		"ruined_portal_nether": {
			"trigger": "tick",
			"conditions": {
				"player": {
					"type_specific": {
						"type": "player",
						"advancements": {
							"adventure/ruined_portal_nether": true
						}
					}
				}
			}
		},
		"salvage_sherd": {
			"trigger": "tick",
			"conditions": {
				"player": {
					"type_specific": {
						"type": "player",
						"advancements": {
							"adventure/salvage_sherd": true
						}
					}
				}
			}
		},
		"sculk_catalyst": {
			"trigger": "tick",
			"conditions": {
				"player": {
					"type_specific": {
						"type": "player",
						"advancements": {
							"adventure/sculk_catalyst": true
						}
					}
				}
			}
		},
		"sculk_items": {
			"trigger": "tick",
			"conditions": {
				"player": {
					"type_specific": {
						"type": "player",
						"advancements": {
							"adventure/sculk_items": true
						}
					}
				}
			}
		},
		"shoot_arrow": {
			"trigger": "tick",
			"conditions": {
				"player": {
					"type_specific": {
						"type": "player",
						"advancements": {
							"adventure/shoot_arrow": true
						}
					}
				}
			}
		},
		"shoot_creeper": {
			"trigger": "tick",
			"conditions": {
				"player": {
					"type_specific": {
						"type": "player",
						"advancements": {
							"adventure/shoot_creeper": true
						}
					}
				}
			}
		},
		"silverfish": {
			"trigger": "tick",
			"conditions": {
				"player": {
					"type_specific": {
						"type": "player",
						"advancements": {
							"adventure/silverfish": true
						}
					}
				}
			}
		},
		"sleep_in_bed": {
			"trigger": "tick",
			"conditions": {
				"player": {
					"type_specific": {
						"type": "player",
						"advancements": {
							"adventure/sleep_in_bed": true
						}
					}
				}
			}
		},
		"sleep_in_mansion": {
			"trigger": "tick",
			"conditions": {
				"player": {
					"type_specific": {
						"type": "player",
						"advancements": {
							"adventure/sleep_in_mansion": true
						}
					}
				}
			}
		},
		"sleep_in_village": {
			"trigger": "tick",
			"conditions": {
				"player": {
					"type_specific": {
						"type": "player",
						"advancements": {
							"adventure/sleep_in_village": true
						}
					}
				}
			}
		},
		"sniper_duel": {
			"trigger": "tick",
			"conditions": {
				"player": {
					"type_specific": {
						"type": "player",
						"advancements": {
							"adventure/sniper_duel": true
						}
					}
				}
			}
		},
		"snow_golem": {
			"trigger": "tick",
			"conditions": {
				"player": {
					"type_specific": {
						"type": "player",
						"advancements": {
							"adventure/snow_golem": true
						}
					}
				}
			}
		},
		"sponge": {
			"trigger": "tick",
			"conditions": {
				"player": {
					"type_specific": {
						"type": "player",
						"advancements": {
							"adventure/sponge": true
						}
					}
				}
			}
		},
		"spyglass_at_dragon": {
			"trigger": "tick",
			"conditions": {
				"player": {
					"type_specific": {
						"type": "player",
						"advancements": {
							"adventure/spyglass_at_dragon": true
						}
					}
				}
			}
		},
		"spyglass_at_ghast": {
			"trigger": "tick",
			"conditions": {
				"player": {
					"type_specific": {
						"type": "player",
						"advancements": {
							"adventure/spyglass_at_ghast": true
						}
					}
				}
			}
		},
		"spyglass_at_parrot": {
			"trigger": "tick",
			"conditions": {
				"player": {
					"type_specific": {
						"type": "player",
						"advancements": {
							"adventure/spyglass_at_parrot": true
						}
					}
				}
			}
		},
		"stack_of_sponges": {
			"trigger": "tick",
			"conditions": {
				"player": {
					"type_specific": {
						"type": "player",
						"advancements": {
							"adventure/stack_of_sponges": true
						}
					}
				}
			}
		},
		"strong_baby": {
			"trigger": "tick",
			"conditions": {
				"player": {
					"type_specific": {
						"type": "player",
						"advancements": {
							"adventure/strong_baby": true
						}
					}
				}
			}
		},
		"struck_lightning": {
			"trigger": "tick",
			"conditions": {
				"player": {
					"type_specific": {
						"type": "player",
						"advancements": {
							"adventure/struck_lightning": true
						}
					}
				}
			}
		},
		"summon_iron_golem": {
			"trigger": "tick",
			"conditions": {
				"player": {
					"type_specific": {
						"type": "player",
						"advancements": {
							"adventure/summon_iron_golem": true
						}
					}
				}
			}
		},
		"summon_master": {
			"trigger": "tick",
			"conditions": {
				"player": {
					"type_specific": {
						"type": "player",
						"advancements": {
							"adventure/summon_master": true
						}
					}
				}
			}
		},
		"super_sniper": {
			"trigger": "tick",
			"conditions": {
				"player": {
					"type_specific": {
						"type": "player",
						"advancements": {
							"adventure/super_sniper": true
						}
					}
				}
			}
		},
		"target_practice": {
			"trigger": "tick",
			"conditions": {
				"player": {
					"type_specific": {
						"type": "player",
						"advancements": {
							"adventure/target_practice": true
						}
					}
				}
			}
		},
		"three_birds_one_arrow": {
			"trigger": "tick",
			"conditions": {
				"player": {
					"type_specific": {
						"type": "player",
						"advancements": {
							"adventure/three_birds_one_arrow": true
						}
					}
				}
			}
		},
		"throw_trident": {
			"trigger": "tick",
			"conditions": {
				"player": {
					"type_specific": {
						"type": "player",
						"advancements": {
							"adventure/throw_trident": true
						}
					}
				}
			}
		},
		"time_is_money": {
			"trigger": "tick",
			"conditions": {
				"player": {
					"type_specific": {
						"type": "player",
						"advancements": {
							"adventure/time_is_money": true
						}
					}
				}
			}
		},
		"totem_of_undying": {
			"trigger": "tick",
			"conditions": {
				"player": {
					"type_specific": {
						"type": "player",
						"advancements": {
							"adventure/totem_of_undying": true
						}
					}
				}
			}
		},
		"trade": {
			"trigger": "tick",
			"conditions": {
				"player": {
					"type_specific": {
						"type": "player",
						"advancements": {
							"adventure/trade": true
						}
					}
				}
			}
		},
		"trade_at_wandering_trader": {
			"trigger": "tick",
			"conditions": {
				"player": {
					"type_specific": {
						"type": "player",
						"advancements": {
							"adventure/trade_at_wandering_trader": true
						}
					}
				}
			}
		},
		"trade_at_world_height": {
			"trigger": "tick",
			"conditions": {
				"player": {
					"type_specific": {
						"type": "player",
						"advancements": {
							"adventure/trade_at_world_height": true
						}
					}
				}
			}
		},
		"trade_for_map": {
			"trigger": "tick",
			"conditions": {
				"player": {
					"type_specific": {
						"type": "player",
						"advancements": {
							"adventure/trade_for_map": true
						}
					}
				}
			}
		},
		"trade_in_end": {
			"trigger": "tick",
			"conditions": {
				"player": {
					"type_specific": {
						"type": "player",
						"advancements": {
							"adventure/trade_in_end": true
						}
					}
				}
			}
		},
		"trail_ruins": {
			"trigger": "tick",
			"conditions": {
				"player": {
					"type_specific": {
						"type": "player",
						"advancements": {
							"adventure/trail_ruins": true
						}
					}
				}
			}
		},
		"trial_key": {
			"trigger": "tick",
			"conditions": {
				"player": {
					"type_specific": {
						"type": "player",
						"advancements": {
							"adventure/trial_key": true
						}
					}
				}
			}
		},
		"trident_sniper_duel": {
			"trigger": "tick",
			"conditions": {
				"player": {
					"type_specific": {
						"type": "player",
						"advancements": {
							"adventure/trident_sniper_duel": true
						}
					}
				}
			}
		},
		"trigged_raid": {
			"trigger": "tick",
			"conditions": {
				"player": {
					"type_specific": {
						"type": "player",
						"advancements": {
							"adventure/trigged_raid": true
						}
					}
				}
			}
		},
		"trim_with_all_exclusive_armor_patterns": {
			"trigger": "tick",
			"conditions": {
				"player": {
					"type_specific": {
						"type": "player",
						"advancements": {
							"adventure/trim_with_all_exclusive_armor_patterns": true
						}
					}
				}
			}
		},
		"trim_with_any_armor_pattern": {
			"trigger": "tick",
			"conditions": {
				"player": {
					"type_specific": {
						"type": "player",
						"advancements": {
							"adventure/trim_with_any_armor_pattern": true
						}
					}
				}
			}
		},
		"two_birds_one_arrow": {
			"trigger": "tick",
			"conditions": {
				"player": {
					"type_specific": {
						"type": "player",
						"advancements": {
							"adventure/two_birds_one_arrow": true
						}
					}
				}
			}
		},
		"undertale": {
			"trigger": "tick",
			"conditions": {
				"player": {
					"type_specific": {
						"type": "player",
						"advancements": {
							"adventure/undertale": true
						}
					}
				}
			}
		},
		"under_lock_and_key": {
			"trigger": "tick",
			"conditions": {
				"player": {
					"type_specific": {
						"type": "player",
						"advancements": {
							"adventure/under_lock_and_key": true
						}
					}
				}
			}
		},
		"use_brush": {
			"trigger": "tick",
			"conditions": {
				"player": {
					"type_specific": {
						"type": "player",
						"advancements": {
							"adventure/use_brush": true
						}
					}
				}
			}
		},
		"use_goat_horn": {
			"trigger": "tick",
			"conditions": {
				"player": {
					"type_specific": {
						"type": "player",
						"advancements": {
							"adventure/use_goat_horn": true
						}
					}
				}
			}
		},
		"vault_unlock_master": {
			"trigger": "tick",
			"conditions": {
				"player": {
					"type_specific": {
						"type": "player",
						"advancements": {
							"adventure/vault_unlock_master": true
						}
					}
				}
			}
		},
		"very_very_frightening": {
			"trigger": "tick",
			"conditions": {
				"player": {
					"type_specific": {
						"type": "player",
						"advancements": {
							"adventure/very_very_frightening": true
						}
					}
				}
			}
		},
		"vex": {
			"trigger": "tick",
			"conditions": {
				"player": {
					"type_specific": {
						"type": "player",
						"advancements": {
							"adventure/vex": true
						}
					}
				}
			}
		},
		"villager_outpost": {
			"trigger": "tick",
			"conditions": {
				"player": {
					"type_specific": {
						"type": "player",
						"advancements": {
							"adventure/villager_outpost": true
						}
					}
				}
			}
		},
		"voluntary_exile": {
			"trigger": "tick",
			"conditions": {
				"player": {
					"type_specific": {
						"type": "player",
						"advancements": {
							"adventure/voluntary_exile": true
						}
					}
				}
			}
		},
		"walk_on_powder_snow_with_leather_boots": {
			"trigger": "tick",
			"conditions": {
				"player": {
					"type_specific": {
						"type": "player",
						"advancements": {
							"adventure/walk_on_powder_snow_with_leather_boots": true
						}
					}
				}
			}
		},
		"whos_the_pillager_now": {
			"trigger": "tick",
			"conditions": {
				"player": {
					"type_specific": {
						"type": "player",
						"advancements": {
							"adventure/whos_the_pillager_now": true
						}
					}
				}
			}
		},
		"whos_the_warden_now": {
			"trigger": "tick",
			"conditions": {
				"player": {
					"type_specific": {
						"type": "player",
						"advancements": {
							"adventure/whos_the_warden_now": true
						}
					}
				}
			}
		},
		"who_needs_rockets": {
			"trigger": "tick",
			"conditions": {
				"player": {
					"type_specific": {
						"type": "player",
						"advancements": {
							"adventure/who_needs_rockets": true
						}
					}
				}
			}
		},
		"witch_hut": {
			"trigger": "tick",
			"conditions": {
				"player": {
					"type_specific": {
						"type": "player",
						"advancements": {
							"adventure/witch_hut": true
						}
					}
				}
			}
		}
    }
}
