{
	"display": {
		"icon": {
			"id": "mycelium"
		},
		"title": {
			"translate": "adv.biome"
		},
		"description": {
			"translate": "adv.biome.desc"
		},
		"frame": "challenge"
	},
	"parent": "advcollect/adventure",
	"rewards": {
		"experience": 5000
	},
	"criteria": {
		"adventuring_time_2": {
			"trigger": "tick",
			"conditions": {
				"player": {
					"type_specific": {
						"type": "player",
						"advancements": {
							"biome/adventuring_time_2": true
						}
					}
				}
			}
		},
		"bamboo_jungle": {
			"trigger": "tick",
			"conditions": {
				"player": {
					"type_specific": {
						"type": "player",
						"advancements": {
							"biome/bamboo_jungle": true
						}
					}
				}
			}
		},
		"beach": {
			"trigger": "tick",
			"conditions": {
				"player": {
					"type_specific": {
						"type": "player",
						"advancements": {
							"biome/beach": true
						}
					}
				}
			}
		},
		"below_200": {
			"trigger": "tick",
			"conditions": {
				"player": {
					"type_specific": {
						"type": "player",
						"advancements": {
							"biome/below_200": true
						}
					}
				}
			}
		},
		"blue_ice": {
			"trigger": "tick",
			"conditions": {
				"player": {
					"type_specific": {
						"type": "player",
						"advancements": {
							"biome/blue_ice": true
						}
					}
				}
			}
		},
		"boat": {
			"trigger": "tick",
			"conditions": {
				"player": {
					"type_specific": {
						"type": "player",
						"advancements": {
							"biome/boat": true
						}
					}
				}
			}
		},
		"bottom_of_the_world": {
			"trigger": "tick",
			"conditions": {
				"player": {
					"type_specific": {
						"type": "player",
						"advancements": {
							"biome/bottom_of_the_world": true
						}
					}
				}
			}
		},
		"breed_turtle": {
			"trigger": "tick",
			"conditions": {
				"player": {
					"type_specific": {
						"type": "player",
						"advancements": {
							"biome/breed_turtle": true
						}
					}
				}
			}
		},
		"cherry_bomb": {
			"trigger": "tick",
			"conditions": {
				"player": {
					"type_specific": {
						"type": "player",
						"advancements": {
							"biome/cherry_bomb": true
						}
					}
				}
			}
		},
		"cherry_grove": {
			"trigger": "tick",
			"conditions": {
				"player": {
					"type_specific": {
						"type": "player",
						"advancements": {
							"biome/cherry_grove": true
						}
					}
				}
			}
		},
		"conduit": {
			"trigger": "tick",
			"conditions": {
				"player": {
					"type_specific": {
						"type": "player",
						"advancements": {
							"biome/conduit": true
						}
					}
				}
			}
		},
		"dark_forest": {
			"trigger": "tick",
			"conditions": {
				"player": {
					"type_specific": {
						"type": "player",
						"advancements": {
							"biome/dark_forest": true
						}
					}
				}
			}
		},
		"dried_kelp_block": {
			"trigger": "tick",
			"conditions": {
				"player": {
					"type_specific": {
						"type": "player",
						"advancements": {
							"biome/dried_kelp_block": true
						}
					}
				}
			}
		},
		"dry_biomes": {
			"trigger": "tick",
			"conditions": {
				"player": {
					"type_specific": {
						"type": "player",
						"advancements": {
							"biome/dry_biomes": true
						}
					}
				}
			}
		},
		"echolocation": {
			"trigger": "tick",
			"conditions": {
				"player": {
					"type_specific": {
						"type": "player",
						"advancements": {
							"biome/echolocation": true
						}
					}
				}
			}
		},
		"edge_of_the_world": {
			"trigger": "tick",
			"conditions": {
				"player": {
					"type_specific": {
						"type": "player",
						"advancements": {
							"biome/edge_of_the_world": true
						}
					}
				}
			}
		},
		"find_ruin": {
			"trigger": "tick",
			"conditions": {
				"player": {
					"type_specific": {
						"type": "player",
						"advancements": {
							"biome/find_ruin": true
						}
					}
				}
			}
		},
		"flower_forest": {
			"trigger": "tick",
			"conditions": {
				"player": {
					"type_specific": {
						"type": "player",
						"advancements": {
							"biome/flower_forest": true
						}
					}
				}
			}
		},
		"forest_biomes": {
			"trigger": "tick",
			"conditions": {
				"player": {
					"type_specific": {
						"type": "player",
						"advancements": {
							"biome/forest_biomes": true
						}
					}
				}
			}
		},
		"frozen_ocean": {
			"trigger": "tick",
			"conditions": {
				"player": {
					"type_specific": {
						"type": "player",
						"advancements": {
							"biome/frozen_ocean": true
						}
					}
				}
			}
		},
		"grove": {
			"trigger": "tick",
			"conditions": {
				"player": {
					"type_specific": {
						"type": "player",
						"advancements": {
							"biome/grove": true
						}
					}
				}
			}
		},
		"ice": {
			"trigger": "tick",
			"conditions": {
				"player": {
					"type_specific": {
						"type": "player",
						"advancements": {
							"biome/ice": true
						}
					}
				}
			}
		},
		"jungle": {
			"trigger": "tick",
			"conditions": {
				"player": {
					"type_specific": {
						"type": "player",
						"advancements": {
							"biome/jungle": true
						}
					}
				}
			}
		},
		"kelp": {
			"trigger": "tick",
			"conditions": {
				"player": {
					"type_specific": {
						"type": "player",
						"advancements": {
							"biome/kelp": true
						}
					}
				}
			}
		},
		"killed_by_goat": {
			"trigger": "tick",
			"conditions": {
				"player": {
					"type_specific": {
						"type": "player",
						"advancements": {
							"biome/killed_by_goat": true
						}
					}
				}
			}
		},
		"kill_goat": {
			"trigger": "tick",
			"conditions": {
				"player": {
					"type_specific": {
						"type": "player",
						"advancements": {
							"biome/kill_goat": true
						}
					}
				}
			}
		},
		"lava_layer": {
			"trigger": "tick",
			"conditions": {
				"player": {
					"type_specific": {
						"type": "player",
						"advancements": {
							"biome/lava_layer": true
						}
					}
				}
			}
		},
		"mangrove_swamp": {
			"trigger": "tick",
			"conditions": {
				"player": {
					"type_specific": {
						"type": "player",
						"advancements": {
							"biome/mangrove_swamp": true
						}
					}
				}
			}
		},
		"mountains": {
			"trigger": "tick",
			"conditions": {
				"player": {
					"type_specific": {
						"type": "player",
						"advancements": {
							"biome/mountains": true
						}
					}
				}
			}
		},
		"mountain_biomes": {
			"trigger": "tick",
			"conditions": {
				"player": {
					"type_specific": {
						"type": "player",
						"advancements": {
							"biome/mountain_biomes": true
						}
					}
				}
			}
		},
		"mushroom_fields": {
			"trigger": "tick",
			"conditions": {
				"player": {
					"type_specific": {
						"type": "player",
						"advancements": {
							"biome/mushroom_fields": true
						}
					}
				}
			}
		},
		"ocean": {
			"trigger": "tick",
			"conditions": {
				"player": {
					"type_specific": {
						"type": "player",
						"advancements": {
							"biome/ocean": true
						}
					}
				}
			}
		},
		"old_growth_birch_forest": {
			"trigger": "tick",
			"conditions": {
				"player": {
					"type_specific": {
						"type": "player",
						"advancements": {
							"biome/old_growth_birch_forest": true
						}
					}
				}
			}
		},
		"old_growth_pine_taiga": {
			"trigger": "tick",
			"conditions": {
				"player": {
					"type_specific": {
						"type": "player",
						"advancements": {
							"biome/old_growth_pine_taiga": true
						}
					}
				}
			}
		},
		"packed_ice": {
			"trigger": "tick",
			"conditions": {
				"player": {
					"type_specific": {
						"type": "player",
						"advancements": {
							"biome/packed_ice": true
						}
					}
				}
			}
		},
		"plant_tree_in_desert": {
			"trigger": "tick",
			"conditions": {
				"player": {
					"type_specific": {
						"type": "player",
						"advancements": {
							"biome/plant_tree_in_desert": true
						}
					}
				}
			}
		},
		"polar_bear": {
			"trigger": "tick",
			"conditions": {
				"player": {
					"type_specific": {
						"type": "player",
						"advancements": {
							"biome/polar_bear": true
						}
					}
				}
			}
		},
		"powder_snow_bucket": {
			"trigger": "tick",
			"conditions": {
				"player": {
					"type_specific": {
						"type": "player",
						"advancements": {
							"biome/powder_snow_bucket": true
						}
					}
				}
			}
		},
		"rain": {
			"trigger": "tick",
			"conditions": {
				"player": {
					"type_specific": {
						"type": "player",
						"advancements": {
							"biome/rain": true
						}
					}
				}
			}
		},
		"river": {
			"trigger": "tick",
			"conditions": {
				"player": {
					"type_specific": {
						"type": "player",
						"advancements": {
							"biome/river": true
						}
					}
				}
			}
		},
		"biome/root": {
			"trigger": "tick",
			"conditions": {
				"player": {
					"type_specific": {
						"type": "player",
						"advancements": {
							"biome/root": true
						}
					}
				}
			}
		},
		"sail_7_seas": {
			"trigger": "tick",
			"conditions": {
				"player": {
					"type_specific": {
						"type": "player",
						"advancements": {
							"biome/sail_7_seas": true
						}
					}
				}
			}
		},
		"scaffolding": {
			"trigger": "tick",
			"conditions": {
				"player": {
					"type_specific": {
						"type": "player",
						"advancements": {
							"biome/scaffolding": true
						}
					}
				}
			}
		},
		"seagrass": {
			"trigger": "tick",
			"conditions": {
				"player": {
					"type_specific": {
						"type": "player",
						"advancements": {
							"biome/seagrass": true
						}
					}
				}
			}
		},
		"sea_pickle": {
			"trigger": "tick",
			"conditions": {
				"player": {
					"type_specific": {
						"type": "player",
						"advancements": {
							"biome/sea_pickle": true
						}
					}
				}
			}
		},
		"shipwreck": {
			"trigger": "tick",
			"conditions": {
				"player": {
					"type_specific": {
						"type": "player",
						"advancements": {
							"biome/shipwreck": true
						}
					}
				}
			}
		},
		"sky_survive": {
			"trigger": "tick",
			"conditions": {
				"player": {
					"type_specific": {
						"type": "player",
						"advancements": {
							"biome/sky_survive": true
						}
					}
				}
			}
		},
		"snowy_biomes": {
			"trigger": "tick",
			"conditions": {
				"player": {
					"type_specific": {
						"type": "player",
						"advancements": {
							"biome/snowy_biomes": true
						}
					}
				}
			}
		},
		"snowy_taiga": {
			"trigger": "tick",
			"conditions": {
				"player": {
					"type_specific": {
						"type": "player",
						"advancements": {
							"biome/snowy_taiga": true
						}
					}
				}
			}
		},
		"sparse_jungle": {
			"trigger": "tick",
			"conditions": {
				"player": {
					"type_specific": {
						"type": "player",
						"advancements": {
							"biome/sparse_jungle": true
						}
					}
				}
			}
		},
		"stony_peaks": {
			"trigger": "tick",
			"conditions": {
				"player": {
					"type_specific": {
						"type": "player",
						"advancements": {
							"biome/stony_peaks": true
						}
					}
				}
			}
		},
		"stony_shore": {
			"trigger": "tick",
			"conditions": {
				"player": {
					"type_specific": {
						"type": "player",
						"advancements": {
							"biome/stony_shore": true
						}
					}
				}
			}
		},
		"sunflower_plains": {
			"trigger": "tick",
			"conditions": {
				"player": {
					"type_specific": {
						"type": "player",
						"advancements": {
							"biome/sunflower_plains": true
						}
					}
				}
			}
		},
		"thunder": {
			"trigger": "tick",
			"conditions": {
				"player": {
					"type_specific": {
						"type": "player",
						"advancements": {
							"biome/thunder": true
						}
					}
				}
			}
		},
		"underwater": {
			"trigger": "tick",
			"conditions": {
				"player": {
					"type_specific": {
						"type": "player",
						"advancements": {
							"biome/underwater": true
						}
					}
				}
			}
		},
		"warm_ocean": {
			"trigger": "tick",
			"conditions": {
				"player": {
					"type_specific": {
						"type": "player",
						"advancements": {
							"biome/warm_ocean": true
						}
					}
				}
			}
		},
		"watered_video": {
			"trigger": "tick",
			"conditions": {
				"player": {
					"type_specific": {
						"type": "player",
						"advancements": {
							"biome/watered_video": true
						}
					}
				}
			}
		},
		"water_bucket": {
			"trigger": "tick",
			"conditions": {
				"player": {
					"type_specific": {
						"type": "player",
						"advancements": {
							"biome/water_bucket": true
						}
					}
				}
			}
		},
		"windswept_forest": {
			"trigger": "tick",
			"conditions": {
				"player": {
					"type_specific": {
						"type": "player",
						"advancements": {
							"biome/windswept_forest": true
						}
					}
				}
			}
		},
		"windswept_savanna": {
			"trigger": "tick",
			"conditions": {
				"player": {
					"type_specific": {
						"type": "player",
						"advancements": {
							"biome/windswept_savanna": true
						}
					}
				}
			}
		},
		"world_center": {
			"trigger": "tick",
			"conditions": {
				"player": {
					"type_specific": {
						"type": "player",
						"advancements": {
							"biome/world_center": true
						}
					}
				}
			}
		},
		"world_center_space": {
			"trigger": "tick",
			"conditions": {
				"player": {
					"type_specific": {
						"type": "player",
						"advancements": {
							"biome/world_center_space": true
						}
					}
				}
			}
		},
		"world_top": {
			"trigger": "tick",
			"conditions": {
				"player": {
					"type_specific": {
						"type": "player",
						"advancements": {
							"biome/world_top": true
						}
					}
				}
			}
		},
		"wrong_world": {
			"trigger": "tick",
			"conditions": {
				"player": {
					"type_specific": {
						"type": "player",
						"advancements": {
							"biome/wrong_world": true
						}
					}
				}
			}
		}
	}
}
