{
	"display": {
		"icon": {
			"id": "cherry_planks"
		},
		"title": {
			"translate": "adv.building"
		},
		"description": {
			"translate": "adv.building.desc"
		},
		"frame": "challenge"
	},
	"parent": "advcollect/root",
	"rewards": {
		"experience": 5000
	},
	"criteria": {
		"all_glazed_terracotta": {
			"trigger": "tick",
			"conditions": {
				"player": {
					"type_specific": {
						"type": "player",
						"advancements": {
							"building/all_glazed_terracotta": true
						}
					}
				}
			}
		},
		"all_hanging_sign": {
			"trigger": "tick",
			"conditions": {
				"player": {
					"type_specific": {
						"type": "player",
						"advancements": {
							"building/all_hanging_sign": true
						}
					}
				}
			}
		},
		"all_sign": {
			"trigger": "tick",
			"conditions": {
				"player": {
					"type_specific": {
						"type": "player",
						"advancements": {
							"building/all_sign": true
						}
					}
				}
			}
		},
		"all_terracotta": {
			"trigger": "tick",
			"conditions": {
				"player": {
					"type_specific": {
						"type": "player",
						"advancements": {
							"building/all_terracotta": true
						}
					}
				}
			}
		},
		"anvil": {
			"trigger": "tick",
			"conditions": {
				"player": {
					"type_specific": {
						"type": "player",
						"advancements": {
							"building/anvil": true
						}
					}
				}
			}
		},
		"armor_stand": {
			"trigger": "tick",
			"conditions": {
				"player": {
					"type_specific": {
						"type": "player",
						"advancements": {
							"building/armor_stand": true
						}
					}
				}
			}
		},
		"badlands": {
			"trigger": "tick",
			"conditions": {
				"player": {
					"type_specific": {
						"type": "player",
						"advancements": {
							"building/badlands": true
						}
					}
				}
			}
		},
		"bamboo_master": {
			"trigger": "tick",
			"conditions": {
				"player": {
					"type_specific": {
						"type": "player",
						"advancements": {
							"building/bamboo_master": true
						}
					}
				}
			}
		},
		"bamboo_mosaic": {
			"trigger": "tick",
			"conditions": {
				"player": {
					"type_specific": {
						"type": "player",
						"advancements": {
							"building/bamboo_mosaic": true
						}
					}
				}
			}
		},
		"banners": {
			"trigger": "tick",
			"conditions": {
				"player": {
					"type_specific": {
						"type": "player",
						"advancements": {
							"building/banners": true
						}
					}
				}
			}
		},
		"banner_collection": {
			"trigger": "tick",
			"conditions": {
				"player": {
					"type_specific": {
						"type": "player",
						"advancements": {
							"building/banner_collection": true
						}
					}
				}
			}
		},
		"barrel": {
			"trigger": "tick",
			"conditions": {
				"player": {
					"type_specific": {
						"type": "player",
						"advancements": {
							"building/barrel": true
						}
					}
				}
			}
		},
		"blast_furnace": {
			"trigger": "tick",
			"conditions": {
				"player": {
					"type_specific": {
						"type": "player",
						"advancements": {
							"building/blast_furnace": true
						}
					}
				}
			}
		},
		"bricks": {
			"trigger": "tick",
			"conditions": {
				"player": {
					"type_specific": {
						"type": "player",
						"advancements": {
							"building/bricks": true
						}
					}
				}
			}
		},
		"cartography_table": {
			"trigger": "tick",
			"conditions": {
				"player": {
					"type_specific": {
						"type": "player",
						"advancements": {
							"building/cartography_table": true
						}
					}
				}
			}
		},
		"campfire": {
			"trigger": "tick",
			"conditions": {
				"player": {
					"type_specific": {
						"type": "player",
						"advancements": {
							"building/campfire": true
						}
					}
				}
			}
		},
		"chain": {
			"trigger": "tick",
			"conditions": {
				"player": {
					"type_specific": {
						"type": "player",
						"advancements": {
							"building/chain": true
						}
					}
				}
			}
		},
		"cherry_master": {
			"trigger": "tick",
			"conditions": {
				"player": {
					"type_specific": {
						"type": "player",
						"advancements": {
							"building/cherry_master": true
						}
					}
				}
			}
		},
		"chiseled_bookshelf": {
			"trigger": "tick",
			"conditions": {
				"player": {
					"type_specific": {
						"type": "player",
						"advancements": {
							"building/chiseled_bookshelf": true
						}
					}
				}
			}
		},
		"chiseled_red_sandstone": {
			"trigger": "tick",
			"conditions": {
				"player": {
					"type_specific": {
						"type": "player",
						"advancements": {
							"building/chiseled_red_sandstone": true
						}
					}
				}
			}
		},
		"chiseled_sandstone": {
			"trigger": "tick",
			"conditions": {
				"player": {
					"type_specific": {
						"type": "player",
						"advancements": {
							"building/chiseled_sandstone": true
						}
					}
				}
			}
		},
		"clay_ball": {
			"trigger": "tick",
			"conditions": {
				"player": {
					"type_specific": {
						"type": "player",
						"advancements": {
							"building/clay_ball": true
						}
					}
				}
			}
		},
		"coal_block": {
			"trigger": "tick",
			"conditions": {
				"player": {
					"type_specific": {
						"type": "player",
						"advancements": {
							"building/coal_block": true
						}
					}
				}
			}
		},
		"color_glass_pane": {
			"trigger": "tick",
			"conditions": {
				"player": {
					"type_specific": {
						"type": "player",
						"advancements": {
							"building/color_glass_pane": true
						}
					}
				}
			}
		},
		"color_sand": {
			"trigger": "tick",
			"conditions": {
				"player": {
					"type_specific": {
						"type": "player",
						"advancements": {
							"building/color_sand": true
						}
					}
				}
			}
		},
		"composter": {
			"trigger": "tick",
			"conditions": {
				"player": {
					"type_specific": {
						"type": "player",
						"advancements": {
							"building/composter": true
						}
					}
				}
			}
		},
		"concrete": {
			"trigger": "tick",
			"conditions": {
				"player": {
					"type_specific": {
						"type": "player",
						"advancements": {
							"building/concrete": true
						}
					}
				}
			}
		},
		"copper_all_stage": {
			"trigger": "tick",
			"conditions": {
				"player": {
					"type_specific": {
						"type": "player",
						"advancements": {
							"building/copper_all_stage": true
						}
					}
				}
			}
		},
		"copper_block": {
			"trigger": "tick",
			"conditions": {
				"player": {
					"type_specific": {
						"type": "player",
						"advancements": {
							"building/copper_block": true
						}
					}
				}
			}
		},
		"copper_bulb": {
			"trigger": "tick",
			"conditions": {
				"player": {
					"type_specific": {
						"type": "player",
						"advancements": {
							"building/copper_bulb": true
						}
					}
				}
			}
		},
		"copper_grate": {
			"trigger": "tick",
			"conditions": {
				"player": {
					"type_specific": {
						"type": "player",
						"advancements": {
							"building/copper_grate": true
						}
					}
				}
			}
		},
		"deepslate": {
			"trigger": "tick",
			"conditions": {
				"player": {
					"type_specific": {
						"type": "player",
						"advancements": {
							"building/deepslate": true
						}
					}
				}
			}
		},
		"deepslate_bricks": {
			"trigger": "tick",
			"conditions": {
				"player": {
					"type_specific": {
						"type": "player",
						"advancements": {
							"building/deepslate_bricks": true
						}
					}
				}
			}
		},
		"diamond_block": {
			"trigger": "tick",
			"conditions": {
				"player": {
					"type_specific": {
						"type": "player",
						"advancements": {
							"building/diamond_block": true
						}
					}
				}
			}
		},
		"dirt": {
			"trigger": "tick",
			"conditions": {
				"player": {
					"type_specific": {
						"type": "player",
						"advancements": {
							"building/dirt": true
						}
					}
				}
			}
		},
		"dirt_type": {
			"trigger": "tick",
			"conditions": {
				"player": {
					"type_specific": {
						"type": "player",
						"advancements": {
							"building/dirt_type": true
						}
					}
				}
			}
		},
		"dynamic_lights": {
			"trigger": "tick",
			"conditions": {
				"player": {
					"type_specific": {
						"type": "player",
						"advancements": {
							"building/dynamic_lights": true
						}
					}
				}
			}
		},
		"flower_pot": {
			"trigger": "tick",
			"conditions": {
				"player": {
					"type_specific": {
						"type": "player",
						"advancements": {
							"building/flower_pot": true
						}
					}
				}
			}
		},
		"get_stripped_log": {
			"trigger": "tick",
			"conditions": {
				"player": {
					"type_specific": {
						"type": "player",
						"advancements": {
							"building/get_stripped_log": true
						}
					}
				}
			}
		},
		"glass": {
			"trigger": "tick",
			"conditions": {
				"player": {
					"type_specific": {
						"type": "player",
						"advancements": {
							"building/glass": true
						}
					}
				}
			}
		},
		"glass_pane": {
			"trigger": "tick",
			"conditions": {
				"player": {
					"type_specific": {
						"type": "player",
						"advancements": {
							"building/glass_pane": true
						}
					}
				}
			}
		},
		"gold_block": {
			"trigger": "tick",
			"conditions": {
				"player": {
					"type_specific": {
						"type": "player",
						"advancements": {
							"building/gold_block": true
						}
					}
				}
			}
		},
		"grass_block": {
			"trigger": "tick",
			"conditions": {
				"player": {
					"type_specific": {
						"type": "player",
						"advancements": {
							"building/grass_block": true
						}
					}
				}
			}
		},
		"gravel": {
			"trigger": "tick",
			"conditions": {
				"player": {
					"type_specific": {
						"type": "player",
						"advancements": {
							"building/gravel": true
						}
					}
				}
			}
		},
		"grindstone": {
			"trigger": "tick",
			"conditions": {
				"player": {
					"type_specific": {
						"type": "player",
						"advancements": {
							"building/grindstone": true
						}
					}
				}
			}
		},
		"hanging_sign": {
			"trigger": "tick",
			"conditions": {
				"player": {
					"type_specific": {
						"type": "player",
						"advancements": {
							"building/hanging_sign": true
						}
					}
				}
			}
		},
		"hurt_by_armor": {
			"trigger": "tick",
			"conditions": {
				"player": {
					"type_specific": {
						"type": "player",
						"advancements": {
							"building/hurt_by_armor": true
						}
					}
				}
			}
		},
		"iron_block": {
			"trigger": "tick",
			"conditions": {
				"player": {
					"type_specific": {
						"type": "player",
						"advancements": {
							"building/iron_block": true
						}
					}
				}
			}
		},
		"jukebox": {
			"trigger": "tick",
			"conditions": {
				"player": {
					"type_specific": {
						"type": "player",
						"advancements": {
							"building/jukebox": true
						}
					}
				}
			}
		},
		"ladder": {
			"trigger": "tick",
			"conditions": {
				"player": {
					"type_specific": {
						"type": "player",
						"advancements": {
							"building/ladder": true
						}
					}
				}
			}
		},
		"lantern": {
			"trigger": "tick",
			"conditions": {
				"player": {
					"type_specific": {
						"type": "player",
						"advancements": {
							"building/lantern": true
						}
					}
				}
			}
		},
		"lapis_block": {
			"trigger": "tick",
			"conditions": {
				"player": {
					"type_specific": {
						"type": "player",
						"advancements": {
							"building/lapis_block": true
						}
					}
				}
			}
		},
		"lectern": {
			"trigger": "tick",
			"conditions": {
				"player": {
					"type_specific": {
						"type": "player",
						"advancements": {
							"building/lectern": true
						}
					}
				}
			}
		},
		"logs": {
			"trigger": "tick",
			"conditions": {
				"player": {
					"type_specific": {
						"type": "player",
						"advancements": {
							"building/logs": true
						}
					}
				}
			}
		},
		"loom": {
			"trigger": "tick",
			"conditions": {
				"player": {
					"type_specific": {
						"type": "player",
						"advancements": {
							"building/loom": true
						}
					}
				}
			}
		},
		"many_torches": {
			"trigger": "tick",
			"conditions": {
				"player": {
					"type_specific": {
						"type": "player",
						"advancements": {
							"building/many_torches": true
						}
					}
				}
			}
		},
		"mettaton": {
			"trigger": "tick",
			"conditions": {
				"player": {
					"type_specific": {
						"type": "player",
						"advancements": {
							"building/mettaton": true
						}
					}
				}
			}
		},
		"mine_deepslate": {
			"trigger": "tick",
			"conditions": {
				"player": {
					"type_specific": {
						"type": "player",
						"advancements": {
							"building/mine_deepslate": true
						}
					}
				}
			}
		},
		"mojang_banner": {
			"trigger": "tick",
			"conditions": {
				"player": {
					"type_specific": {
						"type": "player",
						"advancements": {
							"building/mojang_banner": true
						}
					}
				}
			}
		},
		"mossy_stone_bricks": {
			"trigger": "tick",
			"conditions": {
				"player": {
					"type_specific": {
						"type": "player",
						"advancements": {
							"building/mossy_stone_bricks": true
						}
					}
				}
			}
		},
		"mud": {
			"trigger": "tick",
			"conditions": {
				"player": {
					"type_specific": {
						"type": "player",
						"advancements": {
							"building/mud": true
						}
					}
				}
			}
		},
		"mud_bricks": {
			"trigger": "tick",
			"conditions": {
				"player": {
					"type_specific": {
						"type": "player",
						"advancements": {
							"building/mud_bricks": true
						}
					}
				}
			}
		},
		"music_disc": {
			"trigger": "tick",
			"conditions": {
				"player": {
					"type_specific": {
						"type": "player",
						"advancements": {
							"building/music_disc": true
						}
					}
				}
			}
		},
		"oak_sign": {
			"trigger": "tick",
			"conditions": {
				"player": {
					"type_specific": {
						"type": "player",
						"advancements": {
							"building/oak_sign": true
						}
					}
				}
			}
		},
		"oxidized_copper": {
			"trigger": "tick",
			"conditions": {
				"player": {
					"type_specific": {
						"type": "player",
						"advancements": {
							"building/oxidized_copper": true
						}
					}
				}
			}
		},
		"painting": {
			"trigger": "tick",
			"conditions": {
				"player": {
					"type_specific": {
						"type": "player",
						"advancements": {
							"building/painting": true
						}
					}
				}
			}
		},
		"place_map": {
			"trigger": "tick",
			"conditions": {
				"player": {
					"type_specific": {
						"type": "player",
						"advancements": {
							"building/place_map": true
						}
					}
				}
			}
		},
		"place_planks_1k": {
			"trigger": "tick",
			"conditions": {
				"player": {
					"type_specific": {
						"type": "player",
						"advancements": {
							"building/place_planks_1k": true
						}
					}
				}
			}
		},
		"place_to_item_frame": {
			"trigger": "tick",
			"conditions": {
				"player": {
					"type_specific": {
						"type": "player",
						"advancements": {
							"building/place_to_item_frame": true
						}
					}
				}
			}
		},
		"planks": {
			"trigger": "tick",
			"conditions": {
				"player": {
					"type_specific": {
						"type": "player",
						"advancements": {
							"building/planks": true
						}
					}
				}
			}
		},
		"play_mud_northeast": {
			"trigger": "tick",
			"conditions": {
				"player": {
					"type_specific": {
						"type": "player",
						"advancements": {
							"building/play_mud_northeast": true
						}
					}
				}
			}
		},
		"rainbow_collection": {
			"trigger": "tick",
			"conditions": {
				"player": {
					"type_specific": {
						"type": "player",
						"advancements": {
							"building/rainbow_collection": true
						}
					}
				}
			}
		},
		"rainbow_collection_2": {
			"trigger": "tick",
			"conditions": {
				"player": {
					"type_specific": {
						"type": "player",
						"advancements": {
							"building/rainbow_collection_2": true
						}
					}
				}
			}
		},
		"red_bed": {
			"trigger": "tick",
			"conditions": {
				"player": {
					"type_specific": {
						"type": "player",
						"advancements": {
							"building/red_bed": true
						}
					}
				}
			}
		},
		"rockman": {
			"trigger": "tick",
			"conditions": {
				"player": {
					"type_specific": {
						"type": "player",
						"advancements": {
							"building/rockman": true
						}
					}
				}
			}
		},
		"building/root": {
			"trigger": "tick",
			"conditions": {
				"player": {
					"type_specific": {
						"type": "player",
						"advancements": {
							"building/root": true
						}
					}
				}
			}
		},
		"sand": {
			"trigger": "tick",
			"conditions": {
				"player": {
					"type_specific": {
						"type": "player",
						"advancements": {
							"building/sand": true
						}
					}
				}
			}
		},
		"sandstone": {
			"trigger": "tick",
			"conditions": {
				"player": {
					"type_specific": {
						"type": "player",
						"advancements": {
							"building/sandstone": true
						}
					}
				}
			}
		},
		"sea_lantern": {
			"trigger": "tick",
			"conditions": {
				"player": {
					"type_specific": {
						"type": "player",
						"advancements": {
							"building/sea_lantern": true
						}
					}
				}
			}
		},
		"slabs": {
			"trigger": "tick",
			"conditions": {
				"player": {
					"type_specific": {
						"type": "player",
						"advancements": {
							"building/slabs": true
						}
					}
				}
			}
		},
		"smithing_table": {
			"trigger": "tick",
			"conditions": {
				"player": {
					"type_specific": {
						"type": "player",
						"advancements": {
							"building/smithing_table": true
						}
					}
				}
			}
		},
		"smithing_template": {
			"trigger": "tick",
			"conditions": {
				"player": {
					"type_specific": {
						"type": "player",
						"advancements": {
							"building/smithing_template": true
						}
					}
				}
			}
		},
		"smoker": {
			"trigger": "tick",
			"conditions": {
				"player": {
					"type_specific": {
						"type": "player",
						"advancements": {
							"building/smoker": true
						}
					}
				}
			}
		},
		"smooth_stone": {
			"trigger": "tick",
			"conditions": {
				"player": {
					"type_specific": {
						"type": "player",
						"advancements": {
							"building/smooth_stone": true
						}
					}
				}
			}
		},
		"soul_campfire": {
			"trigger": "tick",
			"conditions": {
				"player": {
					"type_specific": {
						"type": "player",
						"advancements": {
							"building/soul_campfire": true
						}
					}
				}
			}
		},
		"soul_lantern": {
			"trigger": "tick",
			"conditions": {
				"player": {
					"type_specific": {
						"type": "player",
						"advancements": {
							"building/soul_lantern": true
						}
					}
				}
			}
		},
		"soul_torch": {
			"trigger": "tick",
			"conditions": {
				"player": {
					"type_specific": {
						"type": "player",
						"advancements": {
							"building/soul_torch": true
						}
					}
				}
			}
		},
		"spruce_master": {
			"trigger": "tick",
			"conditions": {
				"player": {
					"type_specific": {
						"type": "player",
						"advancements": {
							"building/spruce_master": true
						}
					}
				}
			}
		},
		"stairs": {
			"trigger": "tick",
			"conditions": {
				"player": {
					"type_specific": {
						"type": "player",
						"advancements": {
							"building/stairs": true
						}
					}
				}
			}
		},
		"stone": {
			"trigger": "tick",
			"conditions": {
				"player": {
					"type_specific": {
						"type": "player",
						"advancements": {
							"building/stone": true
						}
					}
				}
			}
		},
		"stonecutter": {
			"trigger": "tick",
			"conditions": {
				"player": {
					"type_specific": {
						"type": "player",
						"advancements": {
							"building/stonecutter": true
						}
					}
				}
			}
		},
		"stone_brick": {
			"trigger": "tick",
			"conditions": {
				"player": {
					"type_specific": {
						"type": "player",
						"advancements": {
							"building/stone_brick": true
						}
					}
				}
			}
		},
		"string": {
			"trigger": "tick",
			"conditions": {
				"player": {
					"type_specific": {
						"type": "player",
						"advancements": {
							"building/string": true
						}
					}
				}
			}
		},
		"stripped_logs": {
			"trigger": "tick",
			"conditions": {
				"player": {
					"type_specific": {
						"type": "player",
						"advancements": {
							"building/stripped_logs": true
						}
					}
				}
			}
		},
		"stripped_woods": {
			"trigger": "tick",
			"conditions": {
				"player": {
					"type_specific": {
						"type": "player",
						"advancements": {
							"building/stripped_woods": true
						}
					}
				}
			}
		},
		"template_collection": {
			"trigger": "tick",
			"conditions": {
				"player": {
					"type_specific": {
						"type": "player",
						"advancements": {
							"building/template_collection": true
						}
					}
				}
			}
		},
		"tinted_glass": {
			"trigger": "tick",
			"conditions": {
				"player": {
					"type_specific": {
						"type": "player",
						"advancements": {
							"building/tinted_glass": true
						}
					}
				}
			}
		},
		"torch": {
			"trigger": "tick",
			"conditions": {
				"player": {
					"type_specific": {
						"type": "player",
						"advancements": {
							"building/torch": true
						}
					}
				}
			}
		},
		"windows": {
			"trigger": "tick",
			"conditions": {
				"player": {
					"type_specific": {
						"type": "player",
						"advancements": {
							"building/windows": true
						}
					}
				}
			}
		},
		"wooden_fence": {
			"trigger": "tick",
			"conditions": {
				"player": {
					"type_specific": {
						"type": "player",
						"advancements": {
							"building/wooden_fence": true
						}
					}
				}
			}
		},
		"woods": {
			"trigger": "tick",
			"conditions": {
				"player": {
					"type_specific": {
						"type": "player",
						"advancements": {
							"building/woods": true
						}
					}
				}
			}
		},
		"wool": {
			"trigger": "tick",
			"conditions": {
				"player": {
					"type_specific": {
						"type": "player",
						"advancements": {
							"building/wool": true
						}
					}
				}
			}
		}
    }
}
