{
	"display": {
		"icon": {
			"id": "deepslate"
		},
		"title": {
			"translate": "adv.caves"
		},
		"description": {
			"translate": "adv.caves.desc"
		},
		"frame": "challenge"
	},
	"parent": "advcollect/building",
	"rewards": {
		"experience": 5000
	},
	"criteria": {
		"all_ores": {
			"trigger": "tick",
			"conditions": {
				"player": {
					"type_specific": {
						"type": "player",
						"advancements": {
							"caves_cliffs/all_ores": true
						}
					}
				}
			}
		},
		"amethyst_block": {
			"trigger": "tick",
			"conditions": {
				"player": {
					"type_specific": {
						"type": "player",
						"advancements": {
							"caves_cliffs/amethyst_block": true
						}
					}
				}
			}
		},
		"amethyst_shard": {
			"trigger": "tick",
			"conditions": {
				"player": {
					"type_specific": {
						"type": "player",
						"advancements": {
							"caves_cliffs/amethyst_shard": true
						}
					}
				}
			}
		},
		"ancient_city": {
			"trigger": "tick",
			"conditions": {
				"player": {
					"type_specific": {
						"type": "player",
						"advancements": {
							"caves_cliffs/ancient_city": true
						}
					}
				}
			}
		},
		"ancient_city_icebox": {
			"trigger": "tick",
			"conditions": {
				"player": {
					"type_specific": {
						"type": "player",
						"advancements": {
							"caves_cliffs/ancient_city_icebox": true
						}
					}
				}
			}
		},
		"azalea": {
			"trigger": "tick",
			"conditions": {
				"player": {
					"type_specific": {
						"type": "player",
						"advancements": {
							"caves_cliffs/azalea": true
						}
					}
				}
			}
		},
		"big_dripleaf": {
			"trigger": "tick",
			"conditions": {
				"player": {
					"type_specific": {
						"type": "player",
						"advancements": {
							"caves_cliffs/big_dripleaf": true
						}
					}
				}
			}
		},
		"candle": {
			"trigger": "tick",
			"conditions": {
				"player": {
					"type_specific": {
						"type": "player",
						"advancements": {
							"caves_cliffs/candle": true
						}
					}
				}
			}
		},
		"caves_and_cliffs": {
			"trigger": "tick",
			"conditions": {
				"player": {
					"type_specific": {
						"type": "player",
						"advancements": {
							"caves_cliffs/caves_and_cliffs": true
						}
					}
				}
			}
		},
		"cave_biomes": {
			"trigger": "tick",
			"conditions": {
				"player": {
					"type_specific": {
						"type": "player",
						"advancements": {
							"caves_cliffs/cave_biomes": true
						}
					}
				}
			}
		},
		"copper": {
			"trigger": "tick",
			"conditions": {
				"player": {
					"type_specific": {
						"type": "player",
						"advancements": {
							"caves_cliffs/copper": true
						}
					}
				}
			}
		},
		"decorated_stone": {
			"trigger": "tick",
			"conditions": {
				"player": {
					"type_specific": {
						"type": "player",
						"advancements": {
							"caves_cliffs/decorated_stone": true
						}
					}
				}
			}
		},
		"decorated_stone_2": {
			"trigger": "tick",
			"conditions": {
				"player": {
					"type_specific": {
						"type": "player",
						"advancements": {
							"caves_cliffs/decorated_stone_2": true
						}
					}
				}
			}
		},
		"deepslate_coal_ore": {
			"trigger": "tick",
			"conditions": {
				"player": {
					"type_specific": {
						"type": "player",
						"advancements": {
							"caves_cliffs/deepslate_coal_ore": true
						}
					}
				}
			}
		},
		"deep_dark": {
			"trigger": "tick",
			"conditions": {
				"player": {
					"type_specific": {
						"type": "player",
						"advancements": {
							"caves_cliffs/deep_dark": true
						}
					}
				}
			}
		},
		"dripstone_caves": {
			"trigger": "tick",
			"conditions": {
				"player": {
					"type_specific": {
						"type": "player",
						"advancements": {
							"caves_cliffs/dripstone_caves": true
						}
					}
				}
			}
		},
		"eat_chorus_fruit_in_deep_overworld": {
			"trigger": "tick",
			"conditions": {
				"player": {
					"type_specific": {
						"type": "player",
						"advancements": {
							"caves_cliffs/eat_chorus_fruit_in_deep_overworld": true
						}
					}
				}
			}
		},
		"echo_shard": {
			"trigger": "tick",
			"conditions": {
				"player": {
					"type_specific": {
						"type": "player",
						"advancements": {
							"caves_cliffs/echo_shard": true
						}
					}
				}
			}
		},
		"glow_berries": {
			"trigger": "tick",
			"conditions": {
				"player": {
					"type_specific": {
						"type": "player",
						"advancements": {
							"caves_cliffs/glow_berries": true
						}
					}
				}
			}
		},
		"glow_ink": {
			"trigger": "tick",
			"conditions": {
				"player": {
					"type_specific": {
						"type": "player",
						"advancements": {
							"caves_cliffs/glow_ink": true
						}
					}
				}
			}
		},
		"glow_item_frame": {
			"trigger": "tick",
			"conditions": {
				"player": {
					"type_specific": {
						"type": "player",
						"advancements": {
							"caves_cliffs/glow_item_frame": true
						}
					}
				}
			}
		},
		"glow_lichen": {
			"trigger": "tick",
			"conditions": {
				"player": {
					"type_specific": {
						"type": "player",
						"advancements": {
							"caves_cliffs/glow_lichen": true
						}
					}
				}
			}
		},
		"hunter_glow_squid": {
			"trigger": "tick",
			"conditions": {
				"player": {
					"type_specific": {
						"type": "player",
						"advancements": {
							"caves_cliffs/hunter_glow_squid": true
						}
					}
				}
			}
		},
		"into_cave": {
			"trigger": "tick",
			"conditions": {
				"player": {
					"type_specific": {
						"type": "player",
						"advancements": {
							"caves_cliffs/into_cave": true
						}
					}
				}
			}
		},
		"into_darkness": {
			"trigger": "tick",
			"conditions": {
				"player": {
					"type_specific": {
						"type": "player",
						"advancements": {
							"caves_cliffs/into_darkness": true
						}
					}
				}
			}
		},
		"killed_by_warden": {
			"trigger": "tick",
			"conditions": {
				"player": {
					"type_specific": {
						"type": "player",
						"advancements": {
							"caves_cliffs/killed_by_warden": true
						}
					}
				}
			}
		},
		"kill_warden": {
			"trigger": "tick",
			"conditions": {
				"player": {
					"type_specific": {
						"type": "player",
						"advancements": {
							"caves_cliffs/kill_warden": true
						}
					}
				}
			}
		},
		"lapis": {
			"trigger": "tick",
			"conditions": {
				"player": {
					"type_specific": {
						"type": "player",
						"advancements": {
							"caves_cliffs/lapis": true
						}
					}
				}
			}
		},
		"lightning_rod": {
			"trigger": "tick",
			"conditions": {
				"player": {
					"type_specific": {
						"type": "player",
						"advancements": {
							"caves_cliffs/lightning_rod": true
						}
					}
				}
			}
		},
		"lush_caves": {
			"trigger": "tick",
			"conditions": {
				"player": {
					"type_specific": {
						"type": "player",
						"advancements": {
							"caves_cliffs/lush_caves": true
						}
					}
				}
			}
		},
		"many_shards": {
			"trigger": "tick",
			"conditions": {
				"player": {
					"type_specific": {
						"type": "player",
						"advancements": {
							"caves_cliffs/many_shards": true
						}
					}
				}
			}
		},
		"moss_block": {
			"trigger": "tick",
			"conditions": {
				"player": {
					"type_specific": {
						"type": "player",
						"advancements": {
							"caves_cliffs/moss_block": true
						}
					}
				}
			}
		},
		"much_coal": {
			"trigger": "tick",
			"conditions": {
				"player": {
					"type_specific": {
						"type": "player",
						"advancements": {
							"caves_cliffs/much_coal": true
						}
					}
				}
			}
		},
		"much_copper": {
			"trigger": "tick",
			"conditions": {
				"player": {
					"type_specific": {
						"type": "player",
						"advancements": {
							"caves_cliffs/much_copper": true
						}
					}
				}
			}
		},
		"much_gold": {
			"trigger": "tick",
			"conditions": {
				"player": {
					"type_specific": {
						"type": "player",
						"advancements": {
							"caves_cliffs/much_gold": true
						}
					}
				}
			}
		},
		"much_iron": {
			"trigger": "tick",
			"conditions": {
				"player": {
					"type_specific": {
						"type": "player",
						"advancements": {
							"caves_cliffs/much_iron": true
						}
					}
				}
			}
		},
		"music_disc_5": {
			"trigger": "tick",
			"conditions": {
				"player": {
					"type_specific": {
						"type": "player",
						"advancements": {
							"caves_cliffs/music_disc_5": true
						}
					}
				}
			}
		},
		"music_disc_otherside": {
			"trigger": "tick",
			"conditions": {
				"player": {
					"type_specific": {
						"type": "player",
						"advancements": {
							"caves_cliffs/music_disc_otherside": true
						}
					}
				}
			}
		},
		"pointed_dripstone": {
			"trigger": "tick",
			"conditions": {
				"player": {
					"type_specific": {
						"type": "player",
						"advancements": {
							"caves_cliffs/pointed_dripstone": true
						}
					}
				}
			}
		},
		"raw_copper": {
			"trigger": "tick",
			"conditions": {
				"player": {
					"type_specific": {
						"type": "player",
						"advancements": {
							"caves_cliffs/raw_copper": true
						}
					}
				}
			}
		},
		"raw_gold": {
			"trigger": "tick",
			"conditions": {
				"player": {
					"type_specific": {
						"type": "player",
						"advancements": {
							"caves_cliffs/raw_gold": true
						}
					}
				}
			}
		},
		"raw_iron_block": {
			"trigger": "tick",
			"conditions": {
				"player": {
					"type_specific": {
						"type": "player",
						"advancements": {
							"caves_cliffs/raw_iron_block": true
						}
					}
				}
			}
		},
		"real_coal_miner": {
			"trigger": "tick",
			"conditions": {
				"player": {
					"type_specific": {
						"type": "player",
						"advancements": {
							"caves_cliffs/real_coal_miner": true
						}
					}
				}
			}
		},
		"real_diamond_miner": {
			"trigger": "tick",
			"conditions": {
				"player": {
					"type_specific": {
						"type": "player",
						"advancements": {
							"caves_cliffs/real_diamond_miner": true
						}
					}
				}
			}
		},
		"real_gold_miner": {
			"trigger": "tick",
			"conditions": {
				"player": {
					"type_specific": {
						"type": "player",
						"advancements": {
							"caves_cliffs/real_gold_miner": true
						}
					}
				}
			}
		},
		"real_iron_miner": {
			"trigger": "tick",
			"conditions": {
				"player": {
					"type_specific": {
						"type": "player",
						"advancements": {
							"caves_cliffs/real_iron_miner": true
						}
					}
				}
			}
		},
		"real_lapis_miner": {
			"trigger": "tick",
			"conditions": {
				"player": {
					"type_specific": {
						"type": "player",
						"advancements": {
							"caves_cliffs/real_lapis_miner": true
						}
					}
				}
			}
		},
		"recovery_compass": {
			"trigger": "tick",
			"conditions": {
				"player": {
					"type_specific": {
						"type": "player",
						"advancements": {
							"caves_cliffs/recovery_compass": true
						}
					}
				}
			}
		},
		"richer": {
			"trigger": "tick",
			"conditions": {
				"player": {
					"type_specific": {
						"type": "player",
						"advancements": {
							"caves_cliffs/richer": true
						}
					}
				}
			}
		},
		"rich_together": {
			"trigger": "tick",
			"conditions": {
				"player": {
					"type_specific": {
						"type": "player",
						"advancements": {
							"caves_cliffs/rich_together": true
						}
					}
				}
			}
		},
		"caves_cliffs/root": {
			"trigger": "tick",
			"conditions": {
				"player": {
					"type_specific": {
						"type": "player",
						"advancements": {
							"caves_cliffs/root": true
						}
					}
				}
			}
		},
		"rooted_dirt": {
			"trigger": "tick",
			"conditions": {
				"player": {
					"type_specific": {
						"type": "player",
						"advancements": {
							"caves_cliffs/rooted_dirt": true
						}
					}
				}
			}
		},
		"spyglass": {
			"trigger": "tick",
			"conditions": {
				"player": {
					"type_specific": {
						"type": "player",
						"advancements": {
							"caves_cliffs/spyglass": true
						}
					}
				}
			}
		},
		"spyglass_look_far": {
			"trigger": "tick",
			"conditions": {
				"player": {
					"type_specific": {
						"type": "player",
						"advancements": {
							"caves_cliffs/spyglass_look_far": true
						}
					}
				}
			}
		}
	}
}
