{
	"display": {
		"icon": {
			"id": "end_stone"
		},
		"title": {
			"translate": "advancements.end.root.title"
		},
		"description": {
			"translate": "advancements.end.root.description"
		},
		"frame": "challenge"
	},
	"parent": "advcollect/root",
	"rewards": {
		"experience": 5000
	},
	"criteria": {
		"chorus_fruit": {
			"trigger": "tick",
			"conditions": {
				"player": {
					"type_specific": {
						"type": "player",
						"advancements": {
							"end/chorus_fruit": true
						}
					}
				}
			}
		},
		"direct_gateway": {
			"trigger": "tick",
			"conditions": {
				"player": {
					"type_specific": {
						"type": "player",
						"advancements": {
							"end/direct_gateway": true
						}
					}
				}
			}
		},
		"dragon_breath": {
			"trigger": "tick",
			"conditions": {
				"player": {
					"type_specific": {
						"type": "player",
						"advancements": {
							"end/dragon_breath": true
						}
					}
				}
			}
		},
		"dragon_egg": {
			"trigger": "tick",
			"conditions": {
				"player": {
					"type_specific": {
						"type": "player",
						"advancements": {
							"end/dragon_egg": true
						}
					}
				}
			}
		},
		"dragon_heads": {
			"trigger": "tick",
			"conditions": {
				"player": {
					"type_specific": {
						"type": "player",
						"advancements": {
							"end/dragon_heads": true
						}
					}
				}
			}
		},
		"dragon_hunter": {
			"trigger": "tick",
			"conditions": {
				"player": {
					"type_specific": {
						"type": "player",
						"advancements": {
							"end/dragon_hunter": true
						}
					}
				}
			}
		},
		"elytra": {
			"trigger": "tick",
			"conditions": {
				"player": {
					"type_specific": {
						"type": "player",
						"advancements": {
							"end/elytra": true
						}
					}
				}
			}
		},
		"elytra_broken": {
			"trigger": "tick",
			"conditions": {
				"player": {
					"type_specific": {
						"type": "player",
						"advancements": {
							"end/elytra_broken": true
						}
					}
				}
			}
		},
		"elytra_problem": {
			"trigger": "tick",
			"conditions": {
				"player": {
					"type_specific": {
						"type": "player",
						"advancements": {
							"end/elytra_problem": true
						}
					}
				}
			}
		},
		"end_biomes": {
			"trigger": "tick",
			"conditions": {
				"player": {
					"type_specific": {
						"type": "player",
						"advancements": {
							"end/end_biomes": true
						}
					}
				}
			}
		},
		"end_crystal": {
			"trigger": "tick",
			"conditions": {
				"player": {
					"type_specific": {
						"type": "player",
						"advancements": {
							"end/end_crystal": true
						}
					}
				}
			}
		},
		"end_rod": {
			"trigger": "tick",
			"conditions": {
				"player": {
					"type_specific": {
						"type": "player",
						"advancements": {
							"end/end_rod": true
						}
					}
				}
			}
		},
		"end_stone": {
			"trigger": "tick",
			"conditions": {
				"player": {
					"type_specific": {
						"type": "player",
						"advancements": {
							"end/end_stone": true
						}
					}
				}
			}
		},
		"end_stone_bricks": {
			"trigger": "tick",
			"conditions": {
				"player": {
					"type_specific": {
						"type": "player",
						"advancements": {
							"end/end_stone_bricks": true
						}
					}
				}
			}
		},
		"end_stone_brick_building": {
			"trigger": "tick",
			"conditions": {
				"player": {
					"type_specific": {
						"type": "player",
						"advancements": {
							"end/end_stone_brick_building": true
						}
					}
				}
			}
		},
		"enter_end_gateway": {
			"trigger": "tick",
			"conditions": {
				"player": {
					"type_specific": {
						"type": "player",
						"advancements": {
							"end/enter_end_gateway": true
						}
					}
				}
			}
		},
		"fall_from_end_world_height": {
			"trigger": "tick",
			"conditions": {
				"player": {
					"type_specific": {
						"type": "player",
						"advancements": {
							"end/fall_from_end_world_height": true
						}
					}
				}
			}
		},
		"find_end_city": {
			"trigger": "tick",
			"conditions": {
				"player": {
					"type_specific": {
						"type": "player",
						"advancements": {
							"end/find_end_city": true
						}
					}
				}
			}
		},
		"get_dragon_head": {
			"trigger": "tick",
			"conditions": {
				"player": {
					"type_specific": {
						"type": "player",
						"advancements": {
							"end/get_dragon_head": true
						}
					}
				}
			}
		},
		"hunter_shulker": {
			"trigger": "tick",
			"conditions": {
				"player": {
					"type_specific": {
						"type": "player",
						"advancements": {
							"end/hunter_shulker": true
						}
					}
				}
			}
		},
		"hurt_by_shulker": {
			"trigger": "tick",
			"conditions": {
				"player": {
					"type_specific": {
						"type": "player",
						"advancements": {
							"end/hurt_by_shulker": true
						}
					}
				}
			}
		},
		"kill_dragon": {
			"trigger": "tick",
			"conditions": {
				"player": {
					"type_specific": {
						"type": "player",
						"advancements": {
							"end/kill_dragon": true
						}
					}
				}
			}
		},
		"kill_dragon_again": {
			"trigger": "tick",
			"conditions": {
				"player": {
					"type_specific": {
						"type": "player",
						"advancements": {
							"end/kill_dragon_again": true
						}
					}
				}
			}
		},
		"kill_with_levitate": {
			"trigger": "tick",
			"conditions": {
				"player": {
					"type_specific": {
						"type": "player",
						"advancements": {
							"end/kill_with_levitate": true
						}
					}
				}
			}
		},
		"levitate": {
			"trigger": "tick",
			"conditions": {
				"player": {
					"type_specific": {
						"type": "player",
						"advancements": {
							"end/levitate": true
						}
					}
				}
			}
		},
		"moon": {
			"trigger": "tick",
			"conditions": {
				"player": {
					"type_specific": {
						"type": "player",
						"advancements": {
							"end/moon": true
						}
					}
				}
			}
		},
		"name_shulker_box": {
			"trigger": "tick",
			"conditions": {
				"player": {
					"type_specific": {
						"type": "player",
						"advancements": {
							"end/name_shulker_box": true
						}
					}
				}
			}
		},
		"only_one": {
			"trigger": "tick",
			"conditions": {
				"player": {
					"type_specific": {
						"type": "player",
						"advancements": {
							"end/only_one": true
						}
					}
				}
			}
		},
		"plant_seed_end": {
			"trigger": "tick",
			"conditions": {
				"player": {
					"type_specific": {
						"type": "player",
						"advancements": {
							"end/plant_seed_end": true
						}
					}
				}
			}
		},
		"purpurblock": {
			"trigger": "tick",
			"conditions": {
				"player": {
					"type_specific": {
						"type": "player",
						"advancements": {
							"end/purpurblock": true
						}
					}
				}
			}
		},
		"respawn_dragon": {
			"trigger": "tick",
			"conditions": {
				"player": {
					"type_specific": {
						"type": "player",
						"advancements": {
							"end/respawn_dragon": true
						}
					}
				}
			}
		},
		"ride_with_shulker": {
			"trigger": "tick",
			"conditions": {
				"player": {
					"type_specific": {
						"type": "player",
						"advancements": {
							"end/ride_with_shulker": true
						}
					}
				}
			}
		},
		"end/root": {
			"trigger": "tick",
			"conditions": {
				"player": {
					"type_specific": {
						"type": "player",
						"advancements": {
							"end/root": true
						}
					}
				}
			}
		},
		"shulker_box": {
			"trigger": "tick",
			"conditions": {
				"player": {
					"type_specific": {
						"type": "player",
						"advancements": {
							"end/shulker_box": true
						}
					}
				}
			}
		},
		"shulker_shell": {
			"trigger": "tick",
			"conditions": {
				"player": {
					"type_specific": {
						"type": "player",
						"advancements": {
							"end/shulker_shell": true
						}
					}
				}
			}
		},
		"travel_far_end": {
			"trigger": "tick",
			"conditions": {
				"player": {
					"type_specific": {
						"type": "player",
						"advancements": {
							"end/travel_far_end": true
						}
					}
				}
			}
		}
	}
}
