{
	"display": {
		"icon": {
			"id": "hay_block"
		},
		"title": {
			"translate": "advancements.husbandry.root.title"
		},
		"description": {
			"translate": "advancements.husbandry.root.description"
		},
		"frame": "challenge"
	},
	"parent": "advcollect/end",
	"rewards": {
		"experience": 5000
	},
	"criteria": {
		"allay_deliver_cake_to_note_block": {
			"trigger": "tick",
			"conditions": {
				"player": {
					"type_specific": {
						"type": "player",
						"advancements": {
							"husbandry/allay_deliver_cake_to_note_block": true
						}
					}
				}
			}
		},
		"allay_deliver_item_to_player": {
			"trigger": "tick",
			"conditions": {
				"player": {
					"type_specific": {
						"type": "player",
						"advancements": {
							"husbandry/allay_deliver_item_to_player": true
						}
					}
				}
			}
		},
		"allay_dont_deliver_2_minute": {
			"trigger": "tick",
			"conditions": {
				"player": {
					"type_specific": {
						"type": "player",
						"advancements": {
							"husbandry/allay_dont_deliver_2_minute": true
						}
					}
				}
			}
		},
		"all_buckets": {
			"trigger": "tick",
			"conditions": {
				"player": {
					"type_specific": {
						"type": "player",
						"advancements": {
							"husbandry/all_buckets": true
						}
					}
				}
			}
		},
		"all_saplings": {
			"trigger": "tick",
			"conditions": {
				"player": {
					"type_specific": {
						"type": "player",
						"advancements": {
							"husbandry/all_saplings": true
						}
					}
				}
			}
		},
		"apple": {
			"trigger": "tick",
			"conditions": {
				"player": {
					"type_specific": {
						"type": "player",
						"advancements": {
							"husbandry/apple": true
						}
					}
				}
			}
		},
		"axolotl_in_a_bucket": {
			"trigger": "tick",
			"conditions": {
				"player": {
					"type_specific": {
						"type": "player",
						"advancements": {
							"husbandry/axolotl_in_a_bucket": true
						}
					}
				}
			}
		},
		"baked_potato": {
			"trigger": "tick",
			"conditions": {
				"player": {
					"type_specific": {
						"type": "player",
						"advancements": {
							"husbandry/baked_potato": true
						}
					}
				}
			}
		},
		"balanced_diet": {
			"trigger": "tick",
			"conditions": {
				"player": {
					"type_specific": {
						"type": "player",
						"advancements": {
							"husbandry/balanced_diet": true
						}
					}
				}
			}
		},
		"beehive": {
			"trigger": "tick",
			"conditions": {
				"player": {
					"type_specific": {
						"type": "player",
						"advancements": {
							"husbandry/beehive": true
						}
					}
				}
			}
		},
		"bone": {
			"trigger": "tick",
			"conditions": {
				"player": {
					"type_specific": {
						"type": "player",
						"advancements": {
							"husbandry/bone": true
						}
					}
				}
			}
		},
		"bone_block": {
			"trigger": "tick",
			"conditions": {
				"player": {
					"type_specific": {
						"type": "player",
						"advancements": {
							"husbandry/bone_block": true
						}
					}
				}
			}
		},
		"bone_meal": {
			"trigger": "tick",
			"conditions": {
				"player": {
					"type_specific": {
						"type": "player",
						"advancements": {
							"husbandry/bone_meal": true
						}
					}
				}
			}
		},
		"bread": {
			"trigger": "tick",
			"conditions": {
				"player": {
					"type_specific": {
						"type": "player",
						"advancements": {
							"husbandry/bread": true
						}
					}
				}
			}
		},
		"break_diamond_hoe": {
			"trigger": "tick",
			"conditions": {
				"player": {
					"type_specific": {
						"type": "player",
						"advancements": {
							"husbandry/break_diamond_hoe": true
						}
					}
				}
			}
		},
		"break_netherite_hoe": {
			"trigger": "tick",
			"conditions": {
				"player": {
					"type_specific": {
						"type": "player",
						"advancements": {
							"husbandry/break_netherite_hoe": true
						}
					}
				}
			}
		},
		"bred_all_animals": {
			"trigger": "tick",
			"conditions": {
				"player": {
					"type_specific": {
						"type": "player",
						"advancements": {
							"husbandry/bred_all_animals": true
						}
					}
				}
			}
		},
		"bred_bee_witherrose": {
			"trigger": "tick",
			"conditions": {
				"player": {
					"type_specific": {
						"type": "player",
						"advancements": {
							"husbandry/bred_bee_witherrose": true
						}
					}
				}
			}
		},
		"breed_an_animal": {
			"trigger": "tick",
			"conditions": {
				"player": {
					"type_specific": {
						"type": "player",
						"advancements": {
							"husbandry/breed_an_animal": true
						}
					}
				}
			}
		},
		"breed_chicken": {
			"trigger": "tick",
			"conditions": {
				"player": {
					"type_specific": {
						"type": "player",
						"advancements": {
							"husbandry/breed_chicken": true
						}
					}
				}
			}
		},
		"caixu_village": {
			"trigger": "tick",
			"conditions": {
				"player": {
					"type_specific": {
						"type": "player",
						"advancements": {
							"husbandry/caixu_village": true
						}
					}
				}
			}
		},
		"cake": {
			"trigger": "tick",
			"conditions": {
				"player": {
					"type_specific": {
						"type": "player",
						"advancements": {
							"husbandry/cake": true
						}
					}
				}
			}
		},
		"camel_rider": {
			"trigger": "tick",
			"conditions": {
				"player": {
					"type_specific": {
						"type": "player",
						"advancements": {
							"husbandry/camel_rider": true
						}
					}
				}
			}
		},
		"carrot": {
			"trigger": "tick",
			"conditions": {
				"player": {
					"type_specific": {
						"type": "player",
						"advancements": {
							"husbandry/carrot": true
						}
					}
				}
			}
		},
		"carved_pumpkin": {
			"trigger": "tick",
			"conditions": {
				"player": {
					"type_specific": {
						"type": "player",
						"advancements": {
							"husbandry/carved_pumpkin": true
						}
					}
				}
			}
		},
		"chicken": {
			"trigger": "tick",
			"conditions": {
				"player": {
					"type_specific": {
						"type": "player",
						"advancements": {
							"husbandry/chicken": true
						}
					}
				}
			}
		},
		"chicken_foot": {
			"trigger": "tick",
			"conditions": {
				"player": {
					"type_specific": {
						"type": "player",
						"advancements": {
							"husbandry/chicken_foot": true
						}
					}
				}
			}
		},
		"complete_catalogue": {
			"trigger": "tick",
			"conditions": {
				"player": {
					"type_specific": {
						"type": "player",
						"advancements": {
							"husbandry/complete_catalogue": true
						}
					}
				}
			}
		},
		"cookie": {
			"trigger": "tick",
			"conditions": {
				"player": {
					"type_specific": {
						"type": "player",
						"advancements": {
							"husbandry/cookie": true
						}
					}
				}
			}
		},
		"cut_grass": {
			"trigger": "tick",
			"conditions": {
				"player": {
					"type_specific": {
						"type": "player",
						"advancements": {
							"husbandry/cut_grass": true
						}
					}
				}
			}
		},
		"cut_leaves": {
			"trigger": "tick",
			"conditions": {
				"player": {
					"type_specific": {
						"type": "player",
						"advancements": {
							"husbandry/cut_leaves": true
						}
					}
				}
			}
		},
		"egg": {
			"trigger": "tick",
			"conditions": {
				"player": {
					"type_specific": {
						"type": "player",
						"advancements": {
							"husbandry/egg": true
						}
					}
				}
			}
		},
		"feed_snifflet": {
			"trigger": "tick",
			"conditions": {
				"player": {
					"type_specific": {
						"type": "player",
						"advancements": {
							"husbandry/feed_snifflet": true
						}
					}
				}
			}
		},
		"fern": {
			"trigger": "tick",
			"conditions": {
				"player": {
					"type_specific": {
						"type": "player",
						"advancements": {
							"husbandry/fern": true
						}
					}
				}
			}
		},
		"fish": {
			"trigger": "tick",
			"conditions": {
				"player": {
					"type_specific": {
						"type": "player",
						"advancements": {
							"husbandry/fish": true
						}
					}
				}
			}
		},
		"fishy_business": {
			"trigger": "tick",
			"conditions": {
				"player": {
					"type_specific": {
						"type": "player",
						"advancements": {
							"husbandry/fishy_business": true
						}
					}
				}
			}
		},
		"foliage_collection": {
			"trigger": "tick",
			"conditions": {
				"player": {
					"type_specific": {
						"type": "player",
						"advancements": {
							"husbandry/foliage_collection": true
						}
					}
				}
			}
		},
		"froglights": {
			"trigger": "tick",
			"conditions": {
				"player": {
					"type_specific": {
						"type": "player",
						"advancements": {
							"husbandry/froglights": true
						}
					}
				}
			}
		},
		"get_froglight": {
			"trigger": "tick",
			"conditions": {
				"player": {
					"type_specific": {
						"type": "player",
						"advancements": {
							"husbandry/get_froglight": true
						}
					}
				}
			}
		},
		"get_honey_bottle": {
			"trigger": "tick",
			"conditions": {
				"player": {
					"type_specific": {
						"type": "player",
						"advancements": {
							"husbandry/get_honey_bottle": true
						}
					}
				}
			}
		},
		"get_sapling": {
			"trigger": "tick",
			"conditions": {
				"player": {
					"type_specific": {
						"type": "player",
						"advancements": {
							"husbandry/get_sapling": true
						}
					}
				}
			}
		},
		"golden_apple": {
			"trigger": "tick",
			"conditions": {
				"player": {
					"type_specific": {
						"type": "player",
						"advancements": {
							"husbandry/golden_apple": true
						}
					}
				}
			}
		},
		"golden_carrot": {
			"trigger": "tick",
			"conditions": {
				"player": {
					"type_specific": {
						"type": "player",
						"advancements": {
							"husbandry/golden_carrot": true
						}
					}
				}
			}
		},
		"hay_block": {
			"trigger": "tick",
			"conditions": {
				"player": {
					"type_specific": {
						"type": "player",
						"advancements": {
							"husbandry/hay_block": true
						}
					}
				}
			}
		},
		"hay_block_64": {
			"trigger": "tick",
			"conditions": {
				"player": {
					"type_specific": {
						"type": "player",
						"advancements": {
							"husbandry/hay_block_64": true
						}
					}
				}
			}
		},
		"kill_axolotl_target": {
			"trigger": "tick",
			"conditions": {
				"player": {
					"type_specific": {
						"type": "player",
						"advancements": {
							"husbandry/kill_axolotl_target": true
						}
					}
				}
			}
		},
		"kill_bee": {
			"trigger": "tick",
			"conditions": {
				"player": {
					"type_specific": {
						"type": "player",
						"advancements": {
							"husbandry/kill_bee": true
						}
					}
				}
			}
		},
		"kill_rabbit": {
			"trigger": "tick",
			"conditions": {
				"player": {
					"type_specific": {
						"type": "player",
						"advancements": {
							"husbandry/kill_rabbit": true
						}
					}
				}
			}
		},
		"lead": {
			"trigger": "tick",
			"conditions": {
				"player": {
					"type_specific": {
						"type": "player",
						"advancements": {
							"husbandry/lead": true
						}
					}
				}
			}
		},
		"leash_all_frog_variants": {
			"trigger": "tick",
			"conditions": {
				"player": {
					"type_specific": {
						"type": "player",
						"advancements": {
							"husbandry/leash_all_frog_variants": true
						}
					}
				}
			}
		},
		"husbandry/leather": {
			"trigger": "tick",
			"conditions": {
				"player": {
					"type_specific": {
						"type": "player",
						"advancements": {
							"husbandry/leather": true
						}
					}
				}
			}
		},
		"make_a_sign_glow": {
			"trigger": "tick",
			"conditions": {
				"player": {
					"type_specific": {
						"type": "player",
						"advancements": {
							"husbandry/make_a_sign_glow": true
						}
					}
				}
			}
		},
		"map": {
			"trigger": "tick",
			"conditions": {
				"player": {
					"type_specific": {
						"type": "player",
						"advancements": {
							"husbandry/map": true
						}
					}
				}
			}
		},
		"melon_slice": {
			"trigger": "tick",
			"conditions": {
				"player": {
					"type_specific": {
						"type": "player",
						"advancements": {
							"husbandry/melon_slice": true
						}
					}
				}
			}
		},
		"milk_bucket": {
			"trigger": "tick",
			"conditions": {
				"player": {
					"type_specific": {
						"type": "player",
						"advancements": {
							"husbandry/milk_bucket": true
						}
					}
				}
			}
		},
		"mob_repeater": {
			"trigger": "tick",
			"conditions": {
				"player": {
					"type_specific": {
						"type": "player",
						"advancements": {
							"husbandry/mob_repeater": true
						}
					}
				}
			}
		},
		"mushroom_kingdom": {
			"trigger": "tick",
			"conditions": {
				"player": {
					"type_specific": {
						"type": "player",
						"advancements": {
							"husbandry/mushroom_kingdom": true
						}
					}
				}
			}
		},
		"not_fishing": {
			"trigger": "tick",
			"conditions": {
				"player": {
					"type_specific": {
						"type": "player",
						"advancements": {
							"husbandry/not_fishing": true
						}
					}
				}
			}
		},
		"obtain_netherite_hoe": {
			"trigger": "tick",
			"conditions": {
				"player": {
					"type_specific": {
						"type": "player",
						"advancements": {
							"husbandry/obtain_netherite_hoe": true
						}
					}
				}
			}
		},
		"obtain_sniffer_egg": {
			"trigger": "tick",
			"conditions": {
				"player": {
					"type_specific": {
						"type": "player",
						"advancements": {
							"husbandry/obtain_sniffer_egg": true
						}
					}
				}
			}
		},
		"overpowered": {
			"trigger": "tick",
			"conditions": {
				"player": {
					"type_specific": {
						"type": "player",
						"advancements": {
							"husbandry/overpowered": true
						}
					}
				}
			}
		},
		"paper": {
			"trigger": "tick",
			"conditions": {
				"player": {
					"type_specific": {
						"type": "player",
						"advancements": {
							"husbandry/paper": true
						}
					}
				}
			}
		},
		"pick_flower": {
			"trigger": "tick",
			"conditions": {
				"player": {
					"type_specific": {
						"type": "player",
						"advancements": {
							"husbandry/pick_flower": true
						}
					}
				}
			}
		},
		"plant_all_seeds": {
			"trigger": "tick",
			"conditions": {
				"player": {
					"type_specific": {
						"type": "player",
						"advancements": {
							"husbandry/plant_all_seeds": true
						}
					}
				}
			}
		},
		"plant_any_sniffer_seed": {
			"trigger": "tick",
			"conditions": {
				"player": {
					"type_specific": {
						"type": "player",
						"advancements": {
							"husbandry/plant_any_sniffer_seed": true
						}
					}
				}
			}
		},
		"plant_seed": {
			"trigger": "tick",
			"conditions": {
				"player": {
					"type_specific": {
						"type": "player",
						"advancements": {
							"husbandry/plant_seed": true
						}
					}
				}
			}
		},
		"poisonous_potato": {
			"trigger": "tick",
			"conditions": {
				"player": {
					"type_specific": {
						"type": "player",
						"advancements": {
							"husbandry/poisonous_potato": true
						}
					}
				}
			}
		},
		"pork_chop": {
			"trigger": "tick",
			"conditions": {
				"player": {
					"type_specific": {
						"type": "player",
						"advancements": {
							"husbandry/pork_chop": true
						}
					}
				}
			}
		},
		"potato": {
			"trigger": "tick",
			"conditions": {
				"player": {
					"type_specific": {
						"type": "player",
						"advancements": {
							"husbandry/potato": true
						}
					}
				}
			}
		},
		"pufferfish": {
			"trigger": "tick",
			"conditions": {
				"player": {
					"type_specific": {
						"type": "player",
						"advancements": {
							"husbandry/pufferfish": true
						}
					}
				}
			}
		},
		"pumpkin": {
			"trigger": "tick",
			"conditions": {
				"player": {
					"type_specific": {
						"type": "player",
						"advancements": {
							"husbandry/pumpkin": true
						}
					}
				}
			}
		},
		"pumpkin_pie": {
			"trigger": "tick",
			"conditions": {
				"player": {
					"type_specific": {
						"type": "player",
						"advancements": {
							"husbandry/pumpkin_pie": true
						}
					}
				}
			}
		},
		"rabbit_season": {
			"trigger": "tick",
			"conditions": {
				"player": {
					"type_specific": {
						"type": "player",
						"advancements": {
							"husbandry/rabbit_season": true
						}
					}
				}
			}
		},
		"raw_porkchop": {
			"trigger": "tick",
			"conditions": {
				"player": {
					"type_specific": {
						"type": "player",
						"advancements": {
							"husbandry/raw_porkchop": true
						}
					}
				}
			}
		},
		"real_sjb": {
			"trigger": "tick",
			"conditions": {
				"player": {
					"type_specific": {
						"type": "player",
						"advancements": {
							"husbandry/real_sjb": true
						}
					}
				}
			}
		},
		"reback_copper": {
			"trigger": "tick",
			"conditions": {
				"player": {
					"type_specific": {
						"type": "player",
						"advancements": {
							"husbandry/reback_copper": true
						}
					}
				}
			}
		},
		"remove_wolf_armor": {
			"trigger": "tick",
			"conditions": {
				"player": {
					"type_specific": {
						"type": "player",
						"advancements": {
							"husbandry/remove_wolf_armor": true
						}
					}
				}
			}
		},
		"repair_wolf_armor": {
			"trigger": "tick",
			"conditions": {
				"player": {
					"type_specific": {
						"type": "player",
						"advancements": {
							"husbandry/repair_wolf_armor": true
						}
					}
				}
			}
		},
		"repopulation": {
			"trigger": "tick",
			"conditions": {
				"player": {
					"type_specific": {
						"type": "player",
						"advancements": {
							"husbandry/repopulation": true
						}
					}
				}
			}
		},
		"ride_a_boat_with_a_goat": {
			"trigger": "tick",
			"conditions": {
				"player": {
					"type_specific": {
						"type": "player",
						"advancements": {
							"husbandry/ride_a_boat_with_a_goat": true
						}
					}
				}
			}
		},
		"husbandry/root": {
			"trigger": "tick",
			"conditions": {
				"player": {
					"type_specific": {
						"type": "player",
						"advancements": {
							"husbandry/root": true
						}
					}
				}
			}
		},
		"safely_harvest_honey": {
			"trigger": "tick",
			"conditions": {
				"player": {
					"type_specific": {
						"type": "player",
						"advancements": {
							"husbandry/safely_harvest_honey": true
						}
					}
				}
			}
		},
		"shears": {
			"trigger": "tick",
			"conditions": {
				"player": {
					"type_specific": {
						"type": "player",
						"advancements": {
							"husbandry/shears": true
						}
					}
				}
			}
		},
		"slik_touch_nest": {
			"trigger": "tick",
			"conditions": {
				"player": {
					"type_specific": {
						"type": "player",
						"advancements": {
							"husbandry/silk_touch_nest": true
						}
					}
				}
			}
		},
		"spider_eye": {
			"trigger": "tick",
			"conditions": {
				"player": {
					"type_specific": {
						"type": "player",
						"advancements": {
							"husbandry/spider_eye": true
						}
					}
				}
			}
		},
		"spruce_sapling": {
			"trigger": "tick",
			"conditions": {
				"player": {
					"type_specific": {
						"type": "player",
						"advancements": {
							"husbandry/spruce_sapling": true
						}
					}
				}
			}
		},
		"stack_sweet_berries": {
			"trigger": "tick",
			"conditions": {
				"player": {
					"type_specific": {
						"type": "player",
						"advancements": {
							"husbandry/stack_sweet_berries": true
						}
					}
				}
			}
		},
		"stone_shears_wool": {
			"trigger": "tick",
			"conditions": {
				"player": {
					"type_specific": {
						"type": "player",
						"advancements": {
							"husbandry/stone_shears_wool": true
						}
					}
				}
			}
		},
		"sugar_cane": {
			"trigger": "tick",
			"conditions": {
				"player": {
					"type_specific": {
						"type": "player",
						"advancements": {
							"husbandry/sugar_cane": true
						}
					}
				}
			}
		},
		"suspicious_stew": {
			"trigger": "tick",
			"conditions": {
				"player": {
					"type_specific": {
						"type": "player",
						"advancements": {
							"husbandry/suspicious_stew": true
						}
					}
				}
			}
		},
		"sweet_berries": {
			"trigger": "tick",
			"conditions": {
				"player": {
					"type_specific": {
						"type": "player",
						"advancements": {
							"husbandry/sweet_berries": true
						}
					}
				}
			}
		},
		"tactical_fishing": {
			"trigger": "tick",
			"conditions": {
				"player": {
					"type_specific": {
						"type": "player",
						"advancements": {
							"husbandry/tactical_fishing": true
						}
					}
				}
			}
		},
		"tadpole_in_a_bucket": {
			"trigger": "tick",
			"conditions": {
				"player": {
					"type_specific": {
						"type": "player",
						"advancements": {
							"husbandry/tadpole_in_a_bucket": true
						}
					}
				}
			}
		},
		"tame_all_animals": {
			"trigger": "tick",
			"conditions": {
				"player": {
					"type_specific": {
						"type": "player",
						"advancements": {
							"husbandry/tame_all_animals": true
						}
					}
				}
			}
		},
		"tame_an_animal": {
			"trigger": "tick",
			"conditions": {
				"player": {
					"type_specific": {
						"type": "player",
						"advancements": {
							"husbandry/tame_an_animal": true
						}
					}
				}
			}
		},
		"tame_cat": {
			"trigger": "tick",
			"conditions": {
				"player": {
					"type_specific": {
						"type": "player",
						"advancements": {
							"husbandry/tame_cat": true
						}
					}
				}
			}
		},
		"tame_horse": {
			"trigger": "tick",
			"conditions": {
				"player": {
					"type_specific": {
						"type": "player",
						"advancements": {
							"husbandry/tame_horse": true
						}
					}
				}
			}
		},
		"tame_mule": {
			"trigger": "tick",
			"conditions": {
				"player": {
					"type_specific": {
						"type": "player",
						"advancements": {
							"husbandry/tame_mule": true
						}
					}
				}
			}
		},
		"torchflower": {
			"trigger": "tick",
			"conditions": {
				"player": {
					"type_specific": {
						"type": "player",
						"advancements": {
							"husbandry/torchflower": true
						}
					}
				}
			}
		},
		"use_bone_to_grass": {
			"trigger": "tick",
			"conditions": {
				"player": {
					"type_specific": {
						"type": "player",
						"advancements": {
							"husbandry/use_bone_to_grass": true
						}
					}
				}
			}
		},
		"vines": {
			"trigger": "tick",
			"conditions": {
				"player": {
					"type_specific": {
						"type": "player",
						"advancements": {
							"husbandry/vines": true
						}
					}
				}
			}
		},
		"wax_off": {
			"trigger": "tick",
			"conditions": {
				"player": {
					"type_specific": {
						"type": "player",
						"advancements": {
							"husbandry/wax_off": true
						}
					}
				}
			}
		},
		"wax_on": {
			"trigger": "tick",
			"conditions": {
				"player": {
					"type_specific": {
						"type": "player",
						"advancements": {
							"husbandry/wax_on": true
						}
					}
				}
			}
		},
		"wax_on_oxidized_copper": {
			"trigger": "tick",
			"conditions": {
				"player": {
					"type_specific": {
						"type": "player",
						"advancements": {
							"husbandry/wax_on_oxidized_copper": true
						}
					}
				}
			}
		},
		"wheat": {
			"trigger": "tick",
			"conditions": {
				"player": {
					"type_specific": {
						"type": "player",
						"advancements": {
							"husbandry/wheat": true
						}
					}
				}
			}
		},
		"when_pigs_fly": {
			"trigger": "tick",
			"conditions": {
				"player": {
					"type_specific": {
						"type": "player",
						"advancements": {
							"husbandry/when_pigs_fly": true
						}
					}
				}
			}
		},
		"whole_pack": {
			"trigger": "tick",
			"conditions": {
				"player": {
					"type_specific": {
						"type": "player",
						"advancements": {
							"husbandry/whole_pack": true
						}
					}
				}
			}
		},
		"zoologist": {
			"trigger": "tick",
			"conditions": {
				"player": {
					"type_specific": {
						"type": "player",
						"advancements": {
							"husbandry/zoologist": true
						}
					}
				}
			}
		}
	}
}
