{
	"display": {
		"icon": {
			"id": "potion",
                        "components": {"minecraft:potion_contents":"water"}
		},
		"title": {
			"translate": "adv.magic"
		},
		"description": {
			"translate": "adv.magic.desc"
		},
		"frame": "challenge"
	},
	"parent": "advcollect/root",
	"rewards": {
		"experience": 5000
	},
	"criteria": {
		"bad_curse": {
			"trigger": "tick",
			"conditions": {
				"player": {
					"type_specific": {
						"type": "player",
						"advancements": {
							"magic/bad_curse": true
						}
					}
				}
			}
		},
		"bane_of_arthropods": {
			"trigger": "tick",
			"conditions": {
				"player": {
					"type_specific": {
						"type": "player",
						"advancements": {
							"magic/bane_of_arthropods": true
						}
					}
				}
			}
		},
		"blindness": {
			"trigger": "tick",
			"conditions": {
				"player": {
					"type_specific": {
						"type": "player",
						"advancements": {
							"magic/blindness": true
						}
					}
				}
			}
		},
		"book": {
			"trigger": "tick",
			"conditions": {
				"player": {
					"type_specific": {
						"type": "player",
						"advancements": {
							"magic/book": true
						}
					}
				}
			}
		},
		"breach": {
			"trigger": "tick",
			"conditions": {
				"player": {
					"type_specific": {
						"type": "player",
						"advancements": {
							"magic/breach": true
						}
					}
				}
			}
		},
		"break_unbreaking_tool": {
			"trigger": "tick",
			"conditions": {
				"player": {
					"type_specific": {
						"type": "player",
						"advancements": {
							"magic/break_unbreaking_tool": true
						}
					}
				}
			}
		},
		"channeling": {
			"trigger": "tick",
			"conditions": {
				"player": {
					"type_specific": {
						"type": "player",
						"advancements": {
							"magic/channeling": true
						}
					}
				}
			}
		},
		"conduit_power": {
			"trigger": "tick",
			"conditions": {
				"player": {
					"type_specific": {
						"type": "player",
						"advancements": {
							"magic/conduit_power": true
						}
					}
				}
			}
		},
		"density": {
			"trigger": "tick",
			"conditions": {
				"player": {
					"type_specific": {
						"type": "player",
						"advancements": {
							"magic/density": true
						}
					}
				}
			}
		},
		"depth_strider": {
			"trigger": "tick",
			"conditions": {
				"player": {
					"type_specific": {
						"type": "player",
						"advancements": {
							"magic/depth_strider": true
						}
					}
				}
			}
		},
		"drink_water": {
			"trigger": "tick",
			"conditions": {
				"player": {
					"type_specific": {
						"type": "player",
						"advancements": {
							"magic/drink_water": true
						}
					}
				}
			}
		},
		"efficiency": {
			"trigger": "tick",
			"conditions": {
				"player": {
					"type_specific": {
						"type": "player",
						"advancements": {
							"magic/efficiency": true
						}
					}
				}
			}
		},
		"efficiency_full": {
			"trigger": "tick",
			"conditions": {
				"player": {
					"type_specific": {
						"type": "player",
						"advancements": {
							"magic/efficiency_full": true
						}
					}
				}
			}
		},
		"enchant_golden_hoe": {
			"trigger": "tick",
			"conditions": {
				"player": {
					"type_specific": {
						"type": "player",
						"advancements": {
							"magic/enchant_golden_hoe": true
						}
					}
				}
			}
		},
		"fire_resistance": {
			"trigger": "tick",
			"conditions": {
				"player": {
					"type_specific": {
						"type": "player",
						"advancements": {
							"magic/fire_resistance": true
						}
					}
				}
			}
		},
		"flame": {
			"trigger": "tick",
			"conditions": {
				"player": {
					"type_specific": {
						"type": "player",
						"advancements": {
							"magic/flame": true
						}
					}
				}
			}
		},
		"fortune": {
			"trigger": "tick",
			"conditions": {
				"player": {
					"type_specific": {
						"type": "player",
						"advancements": {
							"magic/fortune": true
						}
					}
				}
			}
		},
		"fortune_3": {
			"trigger": "tick",
			"conditions": {
				"player": {
					"type_specific": {
						"type": "player",
						"advancements": {
							"magic/fortune_3": true
						}
					}
				}
			}
		},
		"frost_walker": {
			"trigger": "tick",
			"conditions": {
				"player": {
					"type_specific": {
						"type": "player",
						"advancements": {
							"magic/frost_walker": true
						}
					}
				}
			}
		},
		"hunger": {
			"trigger": "tick",
			"conditions": {
				"player": {
					"type_specific": {
						"type": "player",
						"advancements": {
							"magic/hunger": true
						}
					}
				}
			}
		},
		"infested": {
			"trigger": "tick",
			"conditions": {
				"player": {
					"type_specific": {
						"type": "player",
						"advancements": {
							"magic/infested": true
						}
					}
				}
			}
		},
		"infinity": {
			"trigger": "tick",
			"conditions": {
				"player": {
					"type_specific": {
						"type": "player",
						"advancements": {
							"magic/infinity": true
						}
					}
				}
			}
		},
		"invisibility": {
			"trigger": "tick",
			"conditions": {
				"player": {
					"type_specific": {
						"type": "player",
						"advancements": {
							"magic/invisibility": true
						}
					}
				}
			}
		},
		"jump_boost": {
			"trigger": "tick",
			"conditions": {
				"player": {
					"type_specific": {
						"type": "player",
						"advancements": {
							"magic/jump_boost": true
						}
					}
				}
			}
		},
		"librarian": {
			"trigger": "tick",
			"conditions": {
				"player": {
					"type_specific": {
						"type": "player",
						"advancements": {
							"magic/librarian": true
						}
					}
				}
			}
		},
		"looting": {
			"trigger": "tick",
			"conditions": {
				"player": {
					"type_specific": {
						"type": "player",
						"advancements": {
							"magic/looting": true
						}
					}
				}
			}
		},
		"luck_of_the_sea": {
			"trigger": "tick",
			"conditions": {
				"player": {
					"type_specific": {
						"type": "player",
						"advancements": {
							"magic/luck_of_the_sea": true
						}
					}
				}
			}
		},
		"master_bow": {
			"trigger": "tick",
			"conditions": {
				"player": {
					"type_specific": {
						"type": "player",
						"advancements": {
							"magic/master_bow": true
						}
					}
				}
			}
		},
		"master_crossbow": {
			"trigger": "tick",
			"conditions": {
				"player": {
					"type_specific": {
						"type": "player",
						"advancements": {
							"magic/master_crossbow": true
						}
					}
				}
			}
		},
		"master_mining_tool": {
			"trigger": "tick",
			"conditions": {
				"player": {
					"type_specific": {
						"type": "player",
						"advancements": {
							"magic/master_mining_tool": true
						}
					}
				}
			}
		},
		"master_trident": {
			"trigger": "tick",
			"conditions": {
				"player": {
					"type_specific": {
						"type": "player",
						"advancements": {
							"magic/master_trident": true
						}
					}
				}
			}
		},
		"mending": {
			"trigger": "tick",
			"conditions": {
				"player": {
					"type_specific": {
						"type": "player",
						"advancements": {
							"magic/mending": true
						}
					}
				}
			}
		},
		"mining_fatigue": {
			"trigger": "tick",
			"conditions": {
				"player": {
					"type_specific": {
						"type": "player",
						"advancements": {
							"magic/mining_fatigue": true
						}
					}
				}
			}
		},
		"multishot": {
			"trigger": "tick",
			"conditions": {
				"player": {
					"type_specific": {
						"type": "player",
						"advancements": {
							"magic/multishot": true
						}
					}
				}
			}
		},
		"night_vision": {
			"trigger": "tick",
			"conditions": {
				"player": {
					"type_specific": {
						"type": "player",
						"advancements": {
							"magic/night_vision": true
						}
					}
				}
			}
		},
		"piercing": {
			"trigger": "tick",
			"conditions": {
				"player": {
					"type_specific": {
						"type": "player",
						"advancements": {
							"magic/piercing": true
						}
					}
				}
			}
		},
		"poison": {
			"trigger": "tick",
			"conditions": {
				"player": {
					"type_specific": {
						"type": "player",
						"advancements": {
							"magic/poison": true
						}
					}
				}
			}
		},
		"protection": {
			"trigger": "tick",
			"conditions": {
				"player": {
					"type_specific": {
						"type": "player",
						"advancements": {
							"magic/protection": true
						}
					}
				}
			}
		},
		"regeneration": {
			"trigger": "tick",
			"conditions": {
				"player": {
					"type_specific": {
						"type": "player",
						"advancements": {
							"magic/regeneration": true
						}
					}
				}
			}
		},
		"riptide": {
			"trigger": "tick",
			"conditions": {
				"player": {
					"type_specific": {
						"type": "player",
						"advancements": {
							"magic/riptide": true
						}
					}
				}
			}
		},
		"sharpness": {
			"trigger": "tick",
			"conditions": {
				"player": {
					"type_specific": {
						"type": "player",
						"advancements": {
							"magic/sharpness": true
						}
					}
				}
			}
		},
		"sharpness_5": {
			"trigger": "tick",
			"conditions": {
				"player": {
					"type_specific": {
						"type": "player",
						"advancements": {
							"magic/sharpness_5": true
						}
					}
				}
			}
		},
		"silk_touch": {
			"trigger": "tick",
			"conditions": {
				"player": {
					"type_specific": {
						"type": "player",
						"advancements": {
							"magic/silk_touch": true
						}
					}
				}
			}
		},
		"slowness": {
			"trigger": "tick",
			"conditions": {
				"player": {
					"type_specific": {
						"type": "player",
						"advancements": {
							"magic/slowness": true
						}
					}
				}
			}
		},
		"smite": {
			"trigger": "tick",
			"conditions": {
				"player": {
					"type_specific": {
						"type": "player",
						"advancements": {
							"magic/smite": true
						}
					}
				}
			}
		},
		"soul_speed": {
			"trigger": "tick",
			"conditions": {
				"player": {
					"type_specific": {
						"type": "player",
						"advancements": {
							"magic/soul_speed": true
						}
					}
				}
			}
		},
		"speed": {
			"trigger": "tick",
			"conditions": {
				"player": {
					"type_specific": {
						"type": "player",
						"advancements": {
							"magic/speed": true
						}
					}
				}
			}
		},
		"strength": {
			"trigger": "tick",
			"conditions": {
				"player": {
					"type_specific": {
						"type": "player",
						"advancements": {
							"magic/strength": true
						}
					}
				}
			}
		},
		"sweeping": {
			"trigger": "tick",
			"conditions": {
				"player": {
					"type_specific": {
						"type": "player",
						"advancements": {
							"magic/sweeping": true
						}
					}
				}
			}
		},
		"swift_sneak": {
			"trigger": "tick",
			"conditions": {
				"player": {
					"type_specific": {
						"type": "player",
						"advancements": {
							"magic/swift_sneak": true
						}
					}
				}
			}
		},
		"thorns": {
			"trigger": "tick",
			"conditions": {
				"player": {
					"type_specific": {
						"type": "player",
						"advancements": {
							"magic/thorns": true
						}
					}
				}
			}
		},
		"turtle_master": {
			"trigger": "tick",
			"conditions": {
				"player": {
					"type_specific": {
						"type": "player",
						"advancements": {
							"magic/turtle_master": true
						}
					}
				}
			}
		},
		"unbreaking": {
			"trigger": "tick",
			"conditions": {
				"player": {
					"type_specific": {
						"type": "player",
						"advancements": {
							"magic/unbreaking": true
						}
					}
				}
			}
		},
		"unbreaking_full": {
			"trigger": "tick",
			"conditions": {
				"player": {
					"type_specific": {
						"type": "player",
						"advancements": {
							"magic/unbreaking_full": true
						}
					}
				}
			}
		},
		"water_breathing": {
			"trigger": "tick",
			"conditions": {
				"player": {
					"type_specific": {
						"type": "player",
						"advancements": {
							"magic/water_breathing": true
						}
					}
				}
			}
		},
		"weaving": {
			"trigger": "tick",
			"conditions": {
				"player": {
					"type_specific": {
						"type": "player",
						"advancements": {
							"magic/weaving": true
						}
					}
				}
			}
		},
		"wind_burst": {
			"trigger": "tick",
			"conditions": {
				"player": {
					"type_specific": {
						"type": "player",
						"advancements": {
							"magic/wind_burst": true
						}
					}
				}
			}
		},
		"wither": {
			"trigger": "tick",
			"conditions": {
				"player": {
					"type_specific": {
						"type": "player",
						"advancements": {
							"magic/wither": true
						}
					}
				}
			}
		},
		"magic/root": {
			"trigger": "tick",
			"conditions": {
				"player": {
					"type_specific": {
						"type": "player",
						"advancements": {
							"magic/root": true
						}
					}
				}
			}
		}
	}
}
