{
	"display": {
		"icon": {
			"id": "creeper_spawn_egg"
		},
		"title": {
			"translate": "adv.mobs"
		},
		"description": {
			"translate": "adv.mobs.desc"
		},
		"frame": "challenge"
	},
	"parent": "advcollect/tools",
	"rewards": {
		"experience": 5000
	},
	"criteria": {
		"arthropod_researcher": {
			"trigger": "tick",
			"conditions": {
				"player": {
					"type_specific": {
						"type": "player",
						"advancements": {
							"mobs/arthropod_researcher": true
						}
					}
				}
			}
		},
		"block_creeper_explode": {
			"trigger": "tick",
			"conditions": {
				"player": {
					"type_specific": {
						"type": "player",
						"advancements": {
							"mobs/block_creeper_explode": true
						}
					}
				}
			}
		},
		"bogged": {
			"trigger": "tick",
			"conditions": {
				"player": {
					"type_specific": {
						"type": "player",
						"advancements": {
							"mobs/bogged": true
						}
					}
				}
			}
		},
		"breeze": {
			"trigger": "tick",
			"conditions": {
				"player": {
					"type_specific": {
						"type": "player",
						"advancements": {
							"mobs/breeze": true
						}
					}
				}
			}
		},
		"creeper": {
			"trigger": "tick",
			"conditions": {
				"player": {
					"type_specific": {
						"type": "player",
						"advancements": {
							"mobs/creeper": true
						}
					}
				}
			}
		},
		"cre_horse": {
			"trigger": "tick",
			"conditions": {
				"player": {
					"type_specific": {
						"type": "player",
						"advancements": {
							"mobs/cre_horse": true
						}
					}
				}
			}
		},
		"cre_parrot": {
			"trigger": "tick",
			"conditions": {
				"player": {
					"type_specific": {
						"type": "player",
						"advancements": {
							"mobs/cre_parrot": true
						}
					}
				}
			}
		},
		"cre_sheep": {
			"trigger": "tick",
			"conditions": {
				"player": {
					"type_specific": {
						"type": "player",
						"advancements": {
							"mobs/cre_sheep": true
						}
					}
				}
			}
		},
		"cre_wolf": {
			"trigger": "tick",
			"conditions": {
				"player": {
					"type_specific": {
						"type": "player",
						"advancements": {
							"mobs/cre_wolf": true
						}
					}
				}
			}
		},
		"drowned": {
			"trigger": "tick",
			"conditions": {
				"player": {
					"type_specific": {
						"type": "player",
						"advancements": {
							"mobs/drowned": true
						}
					}
				}
			}
		},
		"fix_iron_golem": {
			"trigger": "tick",
			"conditions": {
				"player": {
					"type_specific": {
						"type": "player",
						"advancements": {
							"mobs/fix_iron_golem": true
						}
					}
				}
			}
		},
		"hunter_breeze": {
			"trigger": "tick",
			"conditions": {
				"player": {
					"type_specific": {
						"type": "player",
						"advancements": {
							"mobs/hunter_breeze": true
						}
					}
				}
			}
		},
		"hunter_cave_spider": {
			"trigger": "tick",
			"conditions": {
				"player": {
					"type_specific": {
						"type": "player",
						"advancements": {
							"mobs/hunter_cave_spider": true
						}
					}
				}
			}
		},
		"hunter_creeper": {
			"trigger": "tick",
			"conditions": {
				"player": {
					"type_specific": {
						"type": "player",
						"advancements": {
							"mobs/hunter_creeper": true
						}
					}
				}
			}
		},
		"hunter_drowned": {
			"trigger": "tick",
			"conditions": {
				"player": {
					"type_specific": {
						"type": "player",
						"advancements": {
							"mobs/hunter_drowned": true
						}
					}
				}
			}
		},
		"hunter_enderman": {
			"trigger": "tick",
			"conditions": {
				"player": {
					"type_specific": {
						"type": "player",
						"advancements": {
							"mobs/hunter_enderman": true
						}
					}
				}
			}
		},
		"hunter_skeleton": {
			"trigger": "tick",
			"conditions": {
				"player": {
					"type_specific": {
						"type": "player",
						"advancements": {
							"mobs/hunter_skeleton": true
						}
					}
				}
			}
		},
		"hunter_slime": {
			"trigger": "tick",
			"conditions": {
				"player": {
					"type_specific": {
						"type": "player",
						"advancements": {
							"mobs/hunter_slime": true
						}
					}
				}
			}
		},
		"hunter_spider": {
			"trigger": "tick",
			"conditions": {
				"player": {
					"type_specific": {
						"type": "player",
						"advancements": {
							"mobs/hunter_spider": true
						}
					}
				}
			}
		},
		"hunter_zombie": {
			"trigger": "tick",
			"conditions": {
				"player": {
					"type_specific": {
						"type": "player",
						"advancements": {
							"mobs/hunter_zombie": true
						}
					}
				}
			}
		},
		"husk": {
			"trigger": "tick",
			"conditions": {
				"player": {
					"type_specific": {
						"type": "player",
						"advancements": {
							"mobs/husk": true
						}
					}
				}
			}
		},
		"kill_zombie_with_totem": {
			"trigger": "tick",
			"conditions": {
				"player": {
					"type_specific": {
						"type": "player",
						"advancements": {
							"mobs/kill_zombie_with_totem": true
						}
					}
				}
			}
		},
		"phantom": {
			"trigger": "tick",
			"conditions": {
				"player": {
					"type_specific": {
						"type": "player",
						"advancements": {
							"mobs/phantom": true
						}
					}
				}
			}
		},
		"powered_creeper": {
			"trigger": "tick",
			"conditions": {
				"player": {
					"type_specific": {
						"type": "player",
						"advancements": {
							"mobs/powered_creeper": true
						}
					}
				}
			}
		},
		"mobs/root": {
			"trigger": "tick",
			"conditions": {
				"player": {
					"type_specific": {
						"type": "player",
						"advancements": {
							"mobs/root": true
						}
					}
				}
			}
		},
		"skeleton": {
			"trigger": "tick",
			"conditions": {
				"player": {
					"type_specific": {
						"type": "player",
						"advancements": {
							"mobs/skeleton": true
						}
					}
				}
			}
		},
		"skeleton_horse_trap": {
			"trigger": "tick",
			"conditions": {
				"player": {
					"type_specific": {
						"type": "player",
						"advancements": {
							"mobs/skeleton_horse_trap": true
						}
					}
				}
			}
		},
		"skeleton_in_horse": {
			"trigger": "tick",
			"conditions": {
				"player": {
					"type_specific": {
						"type": "player",
						"advancements": {
							"mobs/skeleton_in_horse": true
						}
					}
				}
			}
		},
		"skeleton_researcher": {
			"trigger": "tick",
			"conditions": {
				"player": {
					"type_specific": {
						"type": "player",
						"advancements": {
							"mobs/skeleton_researcher": true
						}
					}
				}
			}
		},
		"spider": {
			"trigger": "tick",
			"conditions": {
				"player": {
					"type_specific": {
						"type": "player",
						"advancements": {
							"mobs/spider": true
						}
					}
				}
			}
		},
		"stray": {
			"trigger": "tick",
			"conditions": {
				"player": {
					"type_specific": {
						"type": "player",
						"advancements": {
							"mobs/stray": true
						}
					}
				}
			}
		},
		"strong_stomach": {
			"trigger": "tick",
			"conditions": {
				"player": {
					"type_specific": {
						"type": "player",
						"advancements": {
							"mobs/strong_stomach": true
						}
					}
				}
			}
		},
		"zombie": {
			"trigger": "tick",
			"conditions": {
				"player": {
					"type_specific": {
						"type": "player",
						"advancements": {
							"mobs/zombie": true
						}
					}
				}
			}
		},
		"zombie_researcher": {
			"trigger": "tick",
			"conditions": {
				"player": {
					"type_specific": {
						"type": "player",
						"advancements": {
							"mobs/zombie_researcher": true
						}
					}
				}
			}
		}
	}
}
