{
	"display": {
		"icon": {
			"id": "netherrack"
		},
		"title": {
			"translate": "advancements.nether.root.title"
		},
		"description": {
			"translate": "advancements.nether.root.description"
		},
		"frame": "challenge"
	},
	"parent": "advcollect/magic",
	"rewards": {
		"experience": 5000
	},
	"criteria": {
		"activate_respawn_anchor": {
			"trigger": "tick",
			"conditions": {
				"player": {
					"type_specific": {
						"type": "player",
						"advancements": {
							"nether/activate_respawn_anchor": true
						}
					}
				}
			}
		},
		"all_effects": {
			"trigger": "tick",
			"conditions": {
				"player": {
					"type_specific": {
						"type": "player",
						"advancements": {
							"nether/all_effects": true
						}
					}
				}
			}
		},
		"all_good_effects": {
			"trigger": "tick",
			"conditions": {
				"player": {
					"type_specific": {
						"type": "player",
						"advancements": {
							"nether/all_good_effects": true
						}
					}
				}
			}
		},
		"all_potions": {
			"trigger": "tick",
			"conditions": {
				"player": {
					"type_specific": {
						"type": "player",
						"advancements": {
							"nether/all_potions": true
						}
					}
				}
			}
		},
		"another_explode": {
			"trigger": "tick",
			"conditions": {
				"player": {
					"type_specific": {
						"type": "player",
						"advancements": {
							"nether/another_explode": true
						}
					}
				}
			}
		},
		"baby_piglin": {
			"trigger": "tick",
			"conditions": {
				"player": {
					"type_specific": {
						"type": "player",
						"advancements": {
							"nether/baby_piglin": true
						}
					}
				}
			}
		},
		"basalt_deltas": {
			"trigger": "tick",
			"conditions": {
				"player": {
					"type_specific": {
						"type": "player",
						"advancements": {
							"nether/basalt_deltas": true
						}
					}
				}
			}
		},
		"bastion_block": {
			"trigger": "tick",
			"conditions": {
				"player": {
					"type_specific": {
						"type": "player",
						"advancements": {
							"nether/bastion_block": true
						}
					}
				}
			}
		},
		"beacon_effect": {
			"trigger": "tick",
			"conditions": {
				"player": {
					"type_specific": {
						"type": "player",
						"advancements": {
							"nether/beacon_effect": true
						}
					}
				}
			}
		},
		"blackstone": {
			"trigger": "tick",
			"conditions": {
				"player": {
					"type_specific": {
						"type": "player",
						"advancements": {
							"nether/blackstone": true
						}
					}
				}
			}
		},
		"brew_potion": {
			"trigger": "tick",
			"conditions": {
				"player": {
					"type_specific": {
						"type": "player",
						"advancements": {
							"nether/brew_potion": true
						}
					}
				}
			}
		},
		"camouflage_piglin": {
			"trigger": "tick",
			"conditions": {
				"player": {
					"type_specific": {
						"type": "player",
						"advancements": {
							"nether/camouflage_piglin": true
						}
					}
				}
			}
		},
		"charge_respawn_anchor": {
			"trigger": "tick",
			"conditions": {
				"player": {
					"type_specific": {
						"type": "player",
						"advancements": {
							"nether/charge_respawn_anchor": true
						}
					}
				}
			}
		},
		"create_all_beacons": {
			"trigger": "tick",
			"conditions": {
				"player": {
					"type_specific": {
						"type": "player",
						"advancements": {
							"nether/create_all_beacons": true
						}
					}
				}
			}
		},
		"create_beacon": {
			"trigger": "tick",
			"conditions": {
				"player": {
					"type_specific": {
						"type": "player",
						"advancements": {
							"nether/create_beacon": true
						}
					}
				}
			}
		},
		"create_full_beacon": {
			"trigger": "tick",
			"conditions": {
				"player": {
					"type_specific": {
						"type": "player",
						"advancements": {
							"nether/create_full_beacon": true
						}
					}
				}
			}
		},
		"crimson_forest": {
			"trigger": "tick",
			"conditions": {
				"player": {
					"type_specific": {
						"type": "player",
						"advancements": {
							"nether/crimson_forest": true
						}
					}
				}
			}
		},
		"distract_piglin": {
			"trigger": "tick",
			"conditions": {
				"player": {
					"type_specific": {
						"type": "player",
						"advancements": {
							"nether/distract_piglin": true
						}
					}
				}
			}
		},
		"ender_chest": {
			"trigger": "tick",
			"conditions": {
				"player": {
					"type_specific": {
						"type": "player",
						"advancements": {
							"nether/ender_chest": true
						}
					}
				}
			}
		},
		"enter_soul_fire": {
			"trigger": "tick",
			"conditions": {
				"player": {
					"type_specific": {
						"type": "player",
						"advancements": {
							"nether/enter_soul_fire": true
						}
					}
				}
			}
		},
		"explore_nether": {
			"trigger": "tick",
			"conditions": {
				"player": {
					"type_specific": {
						"type": "player",
						"advancements": {
							"nether/explore_nether": true
						}
					}
				}
			}
		},
		"fastest_travel": {
			"trigger": "tick",
			"conditions": {
				"player": {
					"type_specific": {
						"type": "player",
						"advancements": {
							"nether/fastest_travel": true
						}
					}
				}
			}
		},
		"fast_travel": {
			"trigger": "tick",
			"conditions": {
				"player": {
					"type_specific": {
						"type": "player",
						"advancements": {
							"nether/fast_travel": true
						}
					}
				}
			}
		},
		"find_bastion": {
			"trigger": "tick",
			"conditions": {
				"player": {
					"type_specific": {
						"type": "player",
						"advancements": {
							"nether/find_bastion": true
						}
					}
				}
			}
		},
		"find_fortress": {
			"trigger": "tick",
			"conditions": {
				"player": {
					"type_specific": {
						"type": "player",
						"advancements": {
							"nether/find_fortress": true
						}
					}
				}
			}
		},
		"fire_charge": {
			"trigger": "tick",
			"conditions": {
				"player": {
					"type_specific": {
						"type": "player",
						"advancements": {
							"nether/fire_charge": true
						}
					}
				}
			}
		},
		"fortress_block": {
			"trigger": "tick",
			"conditions": {
				"player": {
					"type_specific": {
						"type": "player",
						"advancements": {
							"nether/fortress_block": true
						}
					}
				}
			}
		},
		"get_wither_skull": {
			"trigger": "tick",
			"conditions": {
				"player": {
					"type_specific": {
						"type": "player",
						"advancements": {
							"nether/get_wither_skull": true
						}
					}
				}
			}
		},
		"ghast": {
			"trigger": "tick",
			"conditions": {
				"player": {
					"type_specific": {
						"type": "player",
						"advancements": {
							"nether/ghast": true
						}
					}
				}
			}
		},
		"ghast_tear": {
			"trigger": "tick",
			"conditions": {
				"player": {
					"type_specific": {
						"type": "player",
						"advancements": {
							"nether/ghast_tear": true
						}
					}
				}
			}
		},
		"give_cookie_to_piglin": {
			"trigger": "tick",
			"conditions": {
				"player": {
					"type_specific": {
						"type": "player",
						"advancements": {
							"nether/give_cookie_to_piglin": true
						}
					}
				}
			}
		},
		"glowing": {
			"trigger": "tick",
			"conditions": {
				"player": {
					"type_specific": {
						"type": "player",
						"advancements": {
							"nether/glowing": true
						}
					}
				}
			}
		},
		"how_did_we_get_here": {
			"trigger": "tick",
			"conditions": {
				"player": {
					"type_specific": {
						"type": "player",
						"advancements": {
							"nether/how_did_we_get_here": true
						}
					}
				}
			}
		},
		"hoglin": {
			"trigger": "tick",
			"conditions": {
				"player": {
					"type_specific": {
						"type": "player",
						"advancements": {
							"nether/hoglin": true
						}
					}
				}
			}
		},
		"hunter_blaze": {
			"trigger": "tick",
			"conditions": {
				"player": {
					"type_specific": {
						"type": "player",
						"advancements": {
							"nether/hunter_blaze": true
						}
					}
				}
			}
		},
		"hunter_ghast": {
			"trigger": "tick",
			"conditions": {
				"player": {
					"type_specific": {
						"type": "player",
						"advancements": {
							"nether/hunter_ghast": true
						}
					}
				}
			}
		},
		"hunter_zombified_piglin": {
			"trigger": "tick",
			"conditions": {
				"player": {
					"type_specific": {
						"type": "player",
						"advancements": {
							"nether/hunter_zombified_piglin": true
						}
					}
				}
			}
		},
		"hurt_witch_potion": {
			"trigger": "tick",
			"conditions": {
				"player": {
					"type_specific": {
						"type": "player",
						"advancements": {
							"nether/hurt_witch_potion": true
						}
					}
				}
			}
		},
		"instant_health": {
			"trigger": "tick",
			"conditions": {
				"player": {
					"type_specific": {
						"type": "player",
						"advancements": {
							"nether/instant_health": true
						}
					}
				}
			}
		},
		"kill_overworld_mob": {
			"trigger": "tick",
			"conditions": {
				"player": {
					"type_specific": {
						"type": "player",
						"advancements": {
							"nether/kill_overworld_mob": true
						}
					}
				}
			}
		},
		"kill_piglin": {
			"trigger": "tick",
			"conditions": {
				"player": {
					"type_specific": {
						"type": "player",
						"advancements": {
							"nether/kill_piglin": true
						}
					}
				}
			}
		},
		"kill_piglin_brute": {
			"trigger": "tick",
			"conditions": {
				"player": {
					"type_specific": {
						"type": "player",
						"advancements": {
							"nether/kill_piglin_brute": true
						}
					}
				}
			}
		},
		"kill_skeleton_in_nether": {
			"trigger": "tick",
			"conditions": {
				"player": {
					"type_specific": {
						"type": "player",
						"advancements": {
							"nether/kill_skeleton_in_nether": true
						}
					}
				}
			}
		},
		"kill_wither": {
			"trigger": "tick",
			"conditions": {
				"player": {
					"type_specific": {
						"type": "player",
						"advancements": {
							"nether/kill_wither": true
						}
					}
				}
			}
		},
		"kill_zombified_piglin": {
			"trigger": "tick",
			"conditions": {
				"player": {
					"type_specific": {
						"type": "player",
						"advancements": {
							"nether/kill_zombified_piglin": true
						}
					}
				}
			}
		},
		"lingering_potion": {
			"trigger": "tick",
			"conditions": {
				"player": {
					"type_specific": {
						"type": "player",
						"advancements": {
							"nether/lingering_potion": true
						}
					}
				}
			}
		},
		"lodestone": {
			"trigger": "tick",
			"conditions": {
				"player": {
					"type_specific": {
						"type": "player",
						"advancements": {
							"nether/lodestone": true
						}
					}
				}
			}
		},
		"loot_all_bastions": {
			"trigger": "tick",
			"conditions": {
				"player": {
					"type_specific": {
						"type": "player",
						"advancements": {
							"nether/loot_all_bastions": true
						}
					}
				}
			}
		},
		"loot_bastion": {
			"trigger": "tick",
			"conditions": {
				"player": {
					"type_specific": {
						"type": "player",
						"advancements": {
							"nether/loot_bastion": true
						}
					}
				}
			}
		},
		"magma_block": {
			"trigger": "tick",
			"conditions": {
				"player": {
					"type_specific": {
						"type": "player",
						"advancements": {
							"nether/magma_block": true
						}
					}
				}
			}
		},
		"magma_cube": {
			"trigger": "tick",
			"conditions": {
				"player": {
					"type_specific": {
						"type": "player",
						"advancements": {
							"nether/magma_cube": true
						}
					}
				}
			}
		},
		"moar_nether_tools": {
			"trigger": "tick",
			"conditions": {
				"player": {
					"type_specific": {
						"type": "player",
						"advancements": {
							"nether/moar_nether_tools": true
						}
					}
				}
			}
		},
		"music_disc_pigstep": {
			"trigger": "tick",
			"conditions": {
				"player": {
					"type_specific": {
						"type": "player",
						"advancements": {
							"nether/music_disc_pigstep": true
						}
					}
				}
			}
		},
		"netherite_armor": {
			"trigger": "tick",
			"conditions": {
				"player": {
					"type_specific": {
						"type": "player",
						"advancements": {
							"nether/netherite_armor": true
						}
					}
				}
			}
		},
		"netherite_axe": {
			"trigger": "tick",
			"conditions": {
				"player": {
					"type_specific": {
						"type": "player",
						"advancements": {
							"nether/netherite_axe": true
						}
					}
				}
			}
		},
		"netherite_collector": {
			"trigger": "tick",
			"conditions": {
				"player": {
					"type_specific": {
						"type": "player",
						"advancements": {
							"nether/netherite_collector": true
						}
					}
				}
			}
		},
		"netherite_ingot": {
			"trigger": "tick",
			"conditions": {
				"player": {
					"type_specific": {
						"type": "player",
						"advancements": {
							"nether/netherite_ingot": true
						}
					}
				}
			}
		},
		"netherite_pickaxe": {
			"trigger": "tick",
			"conditions": {
				"player": {
					"type_specific": {
						"type": "player",
						"advancements": {
							"nether/netherite_pickaxe": true
						}
					}
				}
			}
		},
		"netherite_sword": {
			"trigger": "tick",
			"conditions": {
				"player": {
					"type_specific": {
						"type": "player",
						"advancements": {
							"nether/netherite_sword": true
						}
					}
				}
			}
		},
		"nether_bottom": {
			"trigger": "tick",
			"conditions": {
				"player": {
					"type_specific": {
						"type": "player",
						"advancements": {
							"nether/nether_bottom": true
						}
					}
				}
			}
		},
		"nether_log": {
			"trigger": "tick",
			"conditions": {
				"player": {
					"type_specific": {
						"type": "player",
						"advancements": {
							"nether/nether_log": true
						}
					}
				}
			}
		},
		"nether_top": {
			"trigger": "tick",
			"conditions": {
				"player": {
					"type_specific": {
						"type": "player",
						"advancements": {
							"nether/nether_top": true
						}
					}
				}
			}
		},
		"nether_upgrade_template": {
			"trigger": "tick",
			"conditions": {
				"player": {
					"type_specific": {
						"type": "player",
						"advancements": {
							"nether/nether_upgrade_template": true
						}
					}
				}
			}
		},
		"obtain_ancient_debris": {
			"trigger": "tick",
			"conditions": {
				"player": {
					"type_specific": {
						"type": "player",
						"advancements": {
							"nether/obtain_ancient_debris": true
						}
					}
				}
			}
		},
		"obtain_blaze_rod": {
			"trigger": "tick",
			"conditions": {
				"player": {
					"type_specific": {
						"type": "player",
						"advancements": {
							"nether/obtain_blaze_rod": true
						}
					}
				}
			}
		},
		"obtain_crying_obsidian": {
			"trigger": "tick",
			"conditions": {
				"player": {
					"type_specific": {
						"type": "player",
						"advancements": {
							"nether/obtain_crying_obsidian": true
						}
					}
				}
			}
		},
		"obtain_ender_eye": {
			"trigger": "tick",
			"conditions": {
				"player": {
					"type_specific": {
						"type": "player",
						"advancements": {
							"nether/obtain_ender_eye": true
						}
					}
				}
			}
		},
		"obtain_glowstone": {
			"trigger": "tick",
			"conditions": {
				"player": {
					"type_specific": {
						"type": "player",
						"advancements": {
							"nether/obtain_glowstone": true
						}
					}
				}
			}
		},
		"piglin_head": {
			"trigger": "tick",
			"conditions": {
				"player": {
					"type_specific": {
						"type": "player",
						"advancements": {
							"nether/piglin_head": true
						}
					}
				}
			}
		},
		"place_ice_in_nether": {
			"trigger": "tick",
			"conditions": {
				"player": {
					"type_specific": {
						"type": "player",
						"advancements": {
							"nether/place_ice_in_nether": true
						}
					}
				}
			}
		},
		"place_sponge_in_nether": {
			"trigger": "tick",
			"conditions": {
				"player": {
					"type_specific": {
						"type": "player",
						"advancements": {
							"nether/place_sponge_in_nether": true
						}
					}
				}
			}
		},
		"quartz": {
			"trigger": "tick",
			"conditions": {
				"player": {
					"type_specific": {
						"type": "player",
						"advancements": {
							"nether/quartz": true
						}
					}
				}
			}
		},
		"quartz_miner": {
			"trigger": "tick",
			"conditions": {
				"player": {
					"type_specific": {
						"type": "player",
						"advancements": {
							"nether/quartz_miner": true
						}
					}
				}
			}
		},
		"real_netherite_miner": {
			"trigger": "tick",
			"conditions": {
				"player": {
					"type_specific": {
						"type": "player",
						"advancements": {
							"nether/real_netherite_miner": true
						}
					}
				}
			}
		},
		"replace_mob": {
			"trigger": "tick",
			"conditions": {
				"player": {
					"type_specific": {
						"type": "player",
						"advancements": {
							"nether/replace_mob": true
						}
					}
				}
			}
		},
		"replace_mob_2": {
			"trigger": "tick",
			"conditions": {
				"player": {
					"type_specific": {
						"type": "player",
						"advancements": {
							"nether/replace_mob_2": true
						}
					}
				}
			}
		},
		"return_to_chicken": {
			"trigger": "tick",
			"conditions": {
				"player": {
					"type_specific": {
						"type": "player",
						"advancements": {
							"nether/return_to_chicken": true
						}
					}
				}
			}
		},
		"return_to_sender": {
			"trigger": "tick",
			"conditions": {
				"player": {
					"type_specific": {
						"type": "player",
						"advancements": {
							"nether/return_to_sender": true
						}
					}
				}
			}
		},
		"ride_strider": {
			"trigger": "tick",
			"conditions": {
				"player": {
					"type_specific": {
						"type": "player",
						"advancements": {
							"nether/ride_strider": true
						}
					}
				}
			}
		},
		"ride_strider_in_overworld_lava": {
			"trigger": "tick",
			"conditions": {
				"player": {
					"type_specific": {
						"type": "player",
						"advancements": {
							"nether/ride_strider_in_overworld_lava": true
						}
					}
				}
			}
		},
		"soul_sand": {
			"trigger": "tick",
			"conditions": {
				"player": {
					"type_specific": {
						"type": "player",
						"advancements": {
							"nether/soul_sand": true
						}
					}
				}
			}
		},
		"spectral_arrow": {
			"trigger": "tick",
			"conditions": {
				"player": {
					"type_specific": {
						"type": "player",
						"advancements": {
							"nether/spectral_arrow": true
						}
					}
				}
			}
		},
		"splash_potion": {
			"trigger": "tick",
			"conditions": {
				"player": {
					"type_specific": {
						"type": "player",
						"advancements": {
							"nether/splash_potion": true
						}
					}
				}
			}
		},
		"stay_in_bastion": {
			"trigger": "tick",
			"conditions": {
				"player": {
					"type_specific": {
						"type": "player",
						"advancements": {
							"nether/stay_in_bastion": true
						}
					}
				}
			}
		},
		"store_all_dimensions": {
			"trigger": "tick",
			"conditions": {
				"player": {
					"type_specific": {
						"type": "player",
						"advancements": {
							"nether/store_all_dimensions": true
						}
					}
				}
			}
		},
		"summon_wither": {
			"trigger": "tick",
			"conditions": {
				"player": {
					"type_specific": {
						"type": "player",
						"advancements": {
							"nether/summon_wither": true
						}
					}
				}
			}
		},
		"swim_in_lava": {
			"trigger": "tick",
			"conditions": {
				"player": {
					"type_specific": {
						"type": "player",
						"advancements": {
							"nether/swim_in_lava": true
						}
					}
				}
			}
		},
		"tipped_arrow": {
			"trigger": "tick",
			"conditions": {
				"player": {
					"type_specific": {
						"type": "player",
						"advancements": {
							"nether/tipped_arrow": true
						}
					}
				}
			}
		},
		"two_steps_from_hell": {
			"trigger": "tick",
			"conditions": {
				"player": {
					"type_specific": {
						"type": "player",
						"advancements": {
							"nether/two_steps_from_hell": true
						}
					}
				}
			}
		},
		"uneasy_alliance": {
			"trigger": "tick",
			"conditions": {
				"player": {
					"type_specific": {
						"type": "player",
						"advancements": {
							"nether/uneasy_alliance": true
						}
					}
				}
			}
		},
		"use_lodestone": {
			"trigger": "tick",
			"conditions": {
				"player": {
					"type_specific": {
						"type": "player",
						"advancements": {
							"nether/use_lodestone": true
						}
					}
				}
			}
		},
		"waitless": {
			"trigger": "tick",
			"conditions": {
				"player": {
					"type_specific": {
						"type": "player",
						"advancements": {
							"nether/waitless": true
						}
					}
				}
			}
		},
		"warped_forest": {
			"trigger": "tick",
			"conditions": {
				"player": {
					"type_specific": {
						"type": "player",
						"advancements": {
							"nether/warped_forest": true
						}
					}
				}
			}
		},
		"wither_rose": {
			"trigger": "tick",
			"conditions": {
				"player": {
					"type_specific": {
						"type": "player",
						"advancements": {
							"nether/wither_rose": true
						}
					}
				}
			}
		},
		"wither_skeleton": {
			"trigger": "tick",
			"conditions": {
				"player": {
					"type_specific": {
						"type": "player",
						"advancements": {
							"nether/wither_skeleton": true
						}
					}
				}
			}
		},
		"wither_spawn": {
			"trigger": "tick",
			"conditions": {
				"player": {
					"type_specific": {
						"type": "player",
						"advancements": {
							"nether/wither_spawn": true
						}
					}
				}
			}
		},
		"zoglin": {
			"trigger": "tick",
			"conditions": {
				"player": {
					"type_specific": {
						"type": "player",
						"advancements": {
							"nether/zoglin": true
						}
					}
				}
			}
		},
		"nether/root": {
			"trigger": "tick",
			"conditions": {
				"player": {
					"type_specific": {
						"type": "player",
						"advancements": {
							"nether/root": true
						}
					}
				}
			}
		}
	}
}
