{
	"display": {
		"icon": {
			"id": "diamond"
		},
		"title": {
			"translate": "adv.spyglass"
		},
		"description": {
			"translate": "adv.spyglass.desc"
		},
		"frame": "challenge"
	},
	"parent": "advcollect/redstone",
	"rewards": {
		"experience": 5000
	},
	"criteria": {
		"spyglass/root": {
			"trigger": "tick",
			"conditions": {
				"player": {
					"type_specific": {
						"type": "player",
						"advancements": {
							"spyglass/root": true
						}
					}
				}
			}
		},
		"spyglass_at_allay": {
			"trigger": "tick",
			"conditions": {
				"player": {
					"type_specific": {
						"type": "player",
						"advancements": {
							"spyglass/spyglass_at_allay": true
						}
					}
				}
			}
		},
		"spyglass_at_area_effect_cloud": {
			"trigger": "tick",
			"conditions": {
				"player": {
					"type_specific": {
						"type": "player",
						"advancements": {
							"spyglass/spyglass_at_area_effect_cloud": true
						}
					}
				}
			}
		},
		"spyglass_at_bat": {
			"trigger": "tick",
			"conditions": {
				"player": {
					"type_specific": {
						"type": "player",
						"advancements": {
							"spyglass/spyglass_at_bat": true
						}
					}
				}
			}
		},
		"spyglass_at_bee": {
			"trigger": "tick",
			"conditions": {
				"player": {
					"type_specific": {
						"type": "player",
						"advancements": {
							"spyglass/spyglass_at_bee": true
						}
					}
				}
			}
		},
		"spyglass_at_blaze": {
			"trigger": "tick",
			"conditions": {
				"player": {
					"type_specific": {
						"type": "player",
						"advancements": {
							"spyglass/spyglass_at_blaze": true
						}
					}
				}
			}
		},
		"spyglass_at_boat": {
			"trigger": "tick",
			"conditions": {
				"player": {
					"type_specific": {
						"type": "player",
						"advancements": {
							"spyglass/spyglass_at_boat": true
						}
					}
				}
			}
		},
		"spyglass_at_breeze": {
			"trigger": "tick",
			"conditions": {
				"player": {
					"type_specific": {
						"type": "player",
						"advancements": {
							"spyglass/spyglass_at_breeze": true
						}
					}
				}
			}
		},
		"spyglass_at_chicken": {
			"trigger": "tick",
			"conditions": {
				"player": {
					"type_specific": {
						"type": "player",
						"advancements": {
							"spyglass/spyglass_at_chicken": true
						}
					}
				}
			}
		},
		"spyglass_at_cow": {
			"trigger": "tick",
			"conditions": {
				"player": {
					"type_specific": {
						"type": "player",
						"advancements": {
							"spyglass/spyglass_at_cow": true
						}
					}
				}
			}
		},
		"spyglass_at_creeper": {
			"trigger": "tick",
			"conditions": {
				"player": {
					"type_specific": {
						"type": "player",
						"advancements": {
							"spyglass/spyglass_at_creeper": true
						}
					}
				}
			}
		},
		"spyglass_at_enderman": {
			"trigger": "tick",
			"conditions": {
				"player": {
					"type_specific": {
						"type": "player",
						"advancements": {
							"spyglass/spyglass_at_enderman": true
						}
					}
				}
			}
		},
		"spyglass_at_ender_pearl": {
			"trigger": "tick",
			"conditions": {
				"player": {
					"type_specific": {
						"type": "player",
						"advancements": {
							"spyglass/spyglass_at_ender_pearl": true
						}
					}
				}
			}
		},
		"spyglass_at_end_crystal": {
			"trigger": "tick",
			"conditions": {
				"player": {
					"type_specific": {
						"type": "player",
						"advancements": {
							"spyglass/spyglass_at_end_crystal": true
						}
					}
				}
			}
		},
		"spyglass_at_frog": {
			"trigger": "tick",
			"conditions": {
				"player": {
					"type_specific": {
						"type": "player",
						"advancements": {
							"spyglass/spyglass_at_frog": true
						}
					}
				}
			}
		},
		"spyglass_at_goat": {
			"trigger": "tick",
			"conditions": {
				"player": {
					"type_specific": {
						"type": "player",
						"advancements": {
							"spyglass/spyglass_at_goat": true
						}
					}
				}
			}
		},
		"spyglass_at_grass_block": {
			"trigger": "tick",
			"conditions": {
				"player": {
					"type_specific": {
						"type": "player",
						"advancements": {
							"spyglass/spyglass_at_grass_block": true
						}
					}
				}
			}
		},
		"spyglass_at_horse": {
			"trigger": "tick",
			"conditions": {
				"player": {
					"type_specific": {
						"type": "player",
						"advancements": {
							"spyglass/spyglass_at_horse": true
						}
					}
				}
			}
		},
		"spyglass_at_iron_ingot": {
			"trigger": "tick",
			"conditions": {
				"player": {
					"type_specific": {
						"type": "player",
						"advancements": {
							"spyglass/spyglass_at_iron_ingot": true
						}
					}
				}
			}
		},
		"spyglass_at_lava_bucket": {
			"trigger": "tick",
			"conditions": {
				"player": {
					"type_specific": {
						"type": "player",
						"advancements": {
							"spyglass/spyglass_at_lava_bucket": true
						}
					}
				}
			}
		},
		"spyglass_at_minecart": {
			"trigger": "tick",
			"conditions": {
				"player": {
					"type_specific": {
						"type": "player",
						"advancements": {
							"spyglass/spyglass_at_minecart": true
						}
					}
				}
			}
		},
		"spyglass_at_minecart_chest": {
			"trigger": "tick",
			"conditions": {
				"player": {
					"type_specific": {
						"type": "player",
						"advancements": {
							"spyglass/spyglass_at_minecart_chest": true
						}
					}
				}
			}
		},
		"spyglass_at_oak_log": {
			"trigger": "tick",
			"conditions": {
				"player": {
					"type_specific": {
						"type": "player",
						"advancements": {
							"spyglass/spyglass_at_oak_log": true
						}
					}
				}
			}
		},
		"spyglass_at_panda": {
			"trigger": "tick",
			"conditions": {
				"player": {
					"type_specific": {
						"type": "player",
						"advancements": {
							"spyglass/spyglass_at_panda": true
						}
					}
				}
			}
		},
		"spyglass_at_pig": {
			"trigger": "tick",
			"conditions": {
				"player": {
					"type_specific": {
						"type": "player",
						"advancements": {
							"spyglass/spyglass_at_pig": true
						}
					}
				}
			}
		},
		"spyglass_at_piglin": {
			"trigger": "tick",
			"conditions": {
				"player": {
					"type_specific": {
						"type": "player",
						"advancements": {
							"spyglass/spyglass_at_piglin": true
						}
					}
				}
			}
		},
		"spyglass_at_piglin_brute": {
			"trigger": "tick",
			"conditions": {
				"player": {
					"type_specific": {
						"type": "player",
						"advancements": {
							"spyglass/spyglass_at_piglin_brute": true
						}
					}
				}
			}
		},
		"spyglass_at_pillager": {
			"trigger": "tick",
			"conditions": {
				"player": {
					"type_specific": {
						"type": "player",
						"advancements": {
							"spyglass/spyglass_at_pillager": true
						}
					}
				}
			}
		},
		"spyglass_at_powder_snow": {
			"trigger": "tick",
			"conditions": {
				"player": {
					"type_specific": {
						"type": "player",
						"advancements": {
							"spyglass/spyglass_at_powder_snow": true
						}
					}
				}
			}
		},
		"spyglass_at_redstone": {
			"trigger": "tick",
			"conditions": {
				"player": {
					"type_specific": {
						"type": "player",
						"advancements": {
							"spyglass/spyglass_at_redstone": true
						}
					}
				}
			}
		},
		"spyglass_at_sheep": {
			"trigger": "tick",
			"conditions": {
				"player": {
					"type_specific": {
						"type": "player",
						"advancements": {
							"spyglass/spyglass_at_sheep": true
						}
					}
				}
			}
		},
		"spyglass_at_skeleton": {
			"trigger": "tick",
			"conditions": {
				"player": {
					"type_specific": {
						"type": "player",
						"advancements": {
							"spyglass/spyglass_at_skeleton": true
						}
					}
				}
			}
		},
		"spyglass_at_sniffer": {
			"trigger": "tick",
			"conditions": {
				"player": {
					"type_specific": {
						"type": "player",
						"advancements": {
							"spyglass/spyglass_at_sniffer": true
						}
					}
				}
			}
		},
		"spyglass_at_snowball": {
			"trigger": "tick",
			"conditions": {
				"player": {
					"type_specific": {
						"type": "player",
						"advancements": {
							"spyglass/spyglass_at_snowball": true
						}
					}
				}
			}
		},
		"spyglass_at_spider": {
			"trigger": "tick",
			"conditions": {
				"player": {
					"type_specific": {
						"type": "player",
						"advancements": {
							"spyglass/spyglass_at_spider": true
						}
					}
				}
			}
		},
		"spyglass_at_tnt": {
			"trigger": "tick",
			"conditions": {
				"player": {
					"type_specific": {
						"type": "player",
						"advancements": {
							"spyglass/spyglass_at_tnt": true
						}
					}
				}
			}
		},
		"spyglass_at_villager": {
			"trigger": "tick",
			"conditions": {
				"player": {
					"type_specific": {
						"type": "player",
						"advancements": {
							"spyglass/spyglass_at_villager": true
						}
					}
				}
			}
		},
		"spyglass_at_warden": {
			"trigger": "tick",
			"conditions": {
				"player": {
					"type_specific": {
						"type": "player",
						"advancements": {
							"spyglass/spyglass_at_warden": true
						}
					}
				}
			}
		},
		"spyglass_at_water_bucket": {
			"trigger": "tick",
			"conditions": {
				"player": {
					"type_specific": {
						"type": "player",
						"advancements": {
							"spyglass/spyglass_at_water_bucket": true
						}
					}
				}
			}
		},
		"spyglass_at_wither": {
			"trigger": "tick",
			"conditions": {
				"player": {
					"type_specific": {
						"type": "player",
						"advancements": {
							"spyglass/spyglass_at_wither": true
						}
					}
				}
			}
		},
		"spyglass_at_wither_skeleton": {
			"trigger": "tick",
			"conditions": {
				"player": {
					"type_specific": {
						"type": "player",
						"advancements": {
							"spyglass/spyglass_at_wither_skeleton": true
						}
					}
				}
			}
		},
		"spyglass_at_wolf": {
			"trigger": "tick",
			"conditions": {
				"player": {
					"type_specific": {
						"type": "player",
						"advancements": {
							"spyglass/spyglass_at_wolf": true
						}
					}
				}
			}
		},
		"spyglass_at_zombie": {
			"trigger": "tick",
			"conditions": {
				"player": {
					"type_specific": {
						"type": "player",
						"advancements": {
							"spyglass/spyglass_at_zombie": true
						}
					}
				}
			}
		}
	}
}
