{
	"display": {
		"icon": {
			"id": "redstone_block"
		},
		"title": {
			"translate": "adv.redstone"
		},
		"description": {
			"translate": "adv.redstone.desc"
		},
		"frame": "challenge"
	},
	"parent": "advcollect/root",
	"rewards": {
		"experience": 5000
	},
	"criteria": {
		"activator_rail": {
			"trigger": "tick",
			"conditions": {
				"player": {
					"type_specific": {
						"type": "player",
						"advancements": {
							"redstone/activator_rail": true
						}
					}
				}
			}
		},
		"all_rails": {
			"trigger": "tick",
			"conditions": {
				"player": {
					"type_specific": {
						"type": "player",
						"advancements": {
							"redstone/all_rails": true
						}
					}
				}
			}
		},
		"button": {
			"trigger": "tick",
			"conditions": {
				"player": {
					"type_specific": {
						"type": "player",
						"advancements": {
							"redstone/button": true
						}
					}
				}
			}
		},
		"calibrated_sculk_sensor": {
			"trigger": "tick",
			"conditions": {
				"player": {
					"type_specific": {
						"type": "player",
						"advancements": {
							"redstone/calibrated_sculk_sensor": true
						}
					}
				}
			}
		},
		"chest_minecart": {
			"trigger": "tick",
			"conditions": {
				"player": {
					"type_specific": {
						"type": "player",
						"advancements": {
							"redstone/chest_minecart": true
						}
					}
				}
			}
		},
		"comparator": {
			"trigger": "tick",
			"conditions": {
				"player": {
					"type_specific": {
						"type": "player",
						"advancements": {
							"redstone/comparator": true
						}
					}
				}
			}
		},
		"copper_door": {
			"trigger": "tick",
			"conditions": {
				"player": {
					"type_specific": {
						"type": "player",
						"advancements": {
							"redstone/copper_door": true
						}
					}
				}
			}
		},
		"crafter": {
			"trigger": "tick",
			"conditions": {
				"player": {
					"type_specific": {
						"type": "player",
						"advancements": {
							"redstone/crafter": true
						}
					}
				}
			}
		},
		"crafter_crafts_crafting_table": {
			"trigger": "tick",
			"conditions": {
				"player": {
					"type_specific": {
						"type": "player",
						"advancements": {
							"redstone/crafter_crafts_crafting_table": true
						}
					}
				}
			}
		},
		"detector_rail": {
			"trigger": "tick",
			"conditions": {
				"player": {
					"type_specific": {
						"type": "player",
						"advancements": {
							"redstone/detector_rail": true
						}
					}
				}
			}
		},
		"dispenser": {
			"trigger": "tick",
			"conditions": {
				"player": {
					"type_specific": {
						"type": "player",
						"advancements": {
							"redstone/dispenser": true
						}
					}
				}
			}
		},
		"door": {
			"trigger": "tick",
			"conditions": {
				"player": {
					"type_specific": {
						"type": "player",
						"advancements": {
							"redstone/door": true
						}
					}
				}
			}
		},
		"dropper": {
			"trigger": "tick",
			"conditions": {
				"player": {
					"type_specific": {
						"type": "player",
						"advancements": {
							"redstone/dropper": true
						}
					}
				}
			}
		},
		"find_mineshaft": {
			"trigger": "tick",
			"conditions": {
				"player": {
					"type_specific": {
						"type": "player",
						"advancements": {
							"redstone/find_mineshaft": true
						}
					}
				}
			}
		},
		"furnace_minecart": {
			"trigger": "tick",
			"conditions": {
				"player": {
					"type_specific": {
						"type": "player",
						"advancements": {
							"redstone/furnace_minecart": true
						}
					}
				}
			}
		},
		"heavy_plate": {
			"trigger": "tick",
			"conditions": {
				"player": {
					"type_specific": {
						"type": "player",
						"advancements": {
							"redstone/heavy_plate": true
						}
					}
				}
			}
		},
		"honey_block": {
			"trigger": "tick",
			"conditions": {
				"player": {
					"type_specific": {
						"type": "player",
						"advancements": {
							"redstone/honey_block": true
						}
					}
				}
			}
		},
		"hopper": {
			"trigger": "tick",
			"conditions": {
				"player": {
					"type_specific": {
						"type": "player",
						"advancements": {
							"redstone/hopper": true
						}
					}
				}
			}
		},
		"hopper_minecart": {
			"trigger": "tick",
			"conditions": {
				"player": {
					"type_specific": {
						"type": "player",
						"advancements": {
							"redstone/hopper_minecart": true
						}
					}
				}
			}
		},
		"industrial_revolution": {
			"trigger": "tick",
			"conditions": {
				"player": {
					"type_specific": {
						"type": "player",
						"advancements": {
							"redstone/industrial_revolution": true
						}
					}
				}
			}
		},
		"iron_door": {
			"trigger": "tick",
			"conditions": {
				"player": {
					"type_specific": {
						"type": "player",
						"advancements": {
							"redstone/iron_door": true
						}
					}
				}
			}
		},
		"kill_with_tnt": {
			"trigger": "tick",
			"conditions": {
				"player": {
					"type_specific": {
						"type": "player",
						"advancements": {
							"redstone/kill_with_tnt": true
						}
					}
				}
			}
		},
		"lamp": {
			"trigger": "tick",
			"conditions": {
				"player": {
					"type_specific": {
						"type": "player",
						"advancements": {
							"redstone/lamp": true
						}
					}
				}
			}
		},
		"lever": {
			"trigger": "tick",
			"conditions": {
				"player": {
					"type_specific": {
						"type": "player",
						"advancements": {
							"redstone/lever": true
						}
					}
				}
			}
		},
		"light_plate": {
			"trigger": "tick",
			"conditions": {
				"player": {
					"type_specific": {
						"type": "player",
						"advancements": {
							"redstone/light_plate": true
						}
					}
				}
			}
		},
		"minecart": {
			"trigger": "tick",
			"conditions": {
				"player": {
					"type_specific": {
						"type": "player",
						"advancements": {
							"redstone/minecart": true
						}
					}
				}
			}
		},
		"note_block": {
			"trigger": "tick",
			"conditions": {
				"player": {
					"type_specific": {
						"type": "player",
						"advancements": {
							"redstone/note_block": true
						}
					}
				}
			}
		},
		"observer": {
			"trigger": "tick",
			"conditions": {
				"player": {
					"type_specific": {
						"type": "player",
						"advancements": {
							"redstone/observer": true
						}
					}
				}
			}
		},
		"on_a_rail": {
			"trigger": "tick",
			"conditions": {
				"player": {
					"type_specific": {
						"type": "player",
						"advancements": {
							"redstone/on_a_rail": true
						}
					}
				}
			}
		},
		"piston": {
			"trigger": "tick",
			"conditions": {
				"player": {
					"type_specific": {
						"type": "player",
						"advancements": {
							"redstone/piston": true
						}
					}
				}
			}
		},
		"plate": {
			"trigger": "tick",
			"conditions": {
				"player": {
					"type_specific": {
						"type": "player",
						"advancements": {
							"redstone/plate": true
						}
					}
				}
			}
		},
		"powered_rail": {
			"trigger": "tick",
			"conditions": {
				"player": {
					"type_specific": {
						"type": "player",
						"advancements": {
							"redstone/powered_rail": true
						}
					}
				}
			}
		},
		"powered_tnt": {
			"trigger": "tick",
			"conditions": {
				"player": {
					"type_specific": {
						"type": "player",
						"advancements": {
							"redstone/powered_tnt": true
						}
					}
				}
			}
		},
		"rail": {
			"trigger": "tick",
			"conditions": {
				"player": {
					"type_specific": {
						"type": "player",
						"advancements": {
							"redstone/rail": true
						}
					}
				}
			}
		},
		"real_redstone_miner": {
			"trigger": "tick",
			"conditions": {
				"player": {
					"type_specific": {
						"type": "player",
						"advancements": {
							"redstone/real_redstone_miner": true
						}
					}
				}
			}
		},
		"redstone_block": {
			"trigger": "tick",
			"conditions": {
				"player": {
					"type_specific": {
						"type": "player",
						"advancements": {
							"redstone/redstone_block": true
						}
					}
				}
			}
		},
		"redstone_torch": {
			"trigger": "tick",
			"conditions": {
				"player": {
					"type_specific": {
						"type": "player",
						"advancements": {
							"redstone/redstone_torch": true
						}
					}
				}
			}
		},
		"repeater": {
			"trigger": "tick",
			"conditions": {
				"player": {
					"type_specific": {
						"type": "player",
						"advancements": {
							"redstone/repeater": true
						}
					}
				}
			}
		},
		"ride_minecart": {
			"trigger": "tick",
			"conditions": {
				"player": {
					"type_specific": {
						"type": "player",
						"advancements": {
							"redstone/ride_minecart": true
						}
					}
				}
			}
		},
		"redstone/root": {
			"trigger": "tick",
			"conditions": {
				"player": {
					"type_specific": {
						"type": "player",
						"advancements": {
							"redstone/root": true
						}
					}
				}
			}
		},
		"sculk_sensor": {
			"trigger": "tick",
			"conditions": {
				"player": {
					"type_specific": {
						"type": "player",
						"advancements": {
							"redstone/sculk_sensor": true
						}
					}
				}
			}
		},
		"slime_ball": {
			"trigger": "tick",
			"conditions": {
				"player": {
					"type_specific": {
						"type": "player",
						"advancements": {
							"redstone/slime_ball": true
						}
					}
				}
			}
		},
		"slime_ball_collector": {
			"trigger": "tick",
			"conditions": {
				"player": {
					"type_specific": {
						"type": "player",
						"advancements": {
							"redstone/slime_ball_collector": true
						}
					}
				}
			}
		},
		"slime_block": {
			"trigger": "tick",
			"conditions": {
				"player": {
					"type_specific": {
						"type": "player",
						"advancements": {
							"redstone/slime_block": true
						}
					}
				}
			}
		},
		"solar_power": {
			"trigger": "tick",
			"conditions": {
				"player": {
					"type_specific": {
						"type": "player",
						"advancements": {
							"redstone/solar_power": true
						}
					}
				}
			}
		},
		"sticky_piston": {
			"trigger": "tick",
			"conditions": {
				"player": {
					"type_specific": {
						"type": "player",
						"advancements": {
							"redstone/sticky_piston": true
						}
					}
				}
			}
		},
		"tnt": {
			"trigger": "tick",
			"conditions": {
				"player": {
					"type_specific": {
						"type": "player",
						"advancements": {
							"redstone/tnt": true
						}
					}
				}
			}
		},
		"tnt_blow": {
			"trigger": "tick",
			"conditions": {
				"player": {
					"type_specific": {
						"type": "player",
						"advancements": {
							"redstone/tnt_blow": true
						}
					}
				}
			}
		},
		"tnt_minecart": {
			"trigger": "tick",
			"conditions": {
				"player": {
					"type_specific": {
						"type": "player",
						"advancements": {
							"redstone/tnt_minecart": true
						}
					}
				}
			}
		},
		"tnt_stack": {
			"trigger": "tick",
			"conditions": {
				"player": {
					"type_specific": {
						"type": "player",
						"advancements": {
							"redstone/tnt_stack": true
						}
					}
				}
			}
		},
		"trapped_chest": {
			"trigger": "tick",
			"conditions": {
				"player": {
					"type_specific": {
						"type": "player",
						"advancements": {
							"redstone/trapped_chest": true
						}
					}
				}
			}
		},
		"trap_door": {
			"trigger": "tick",
			"conditions": {
				"player": {
					"type_specific": {
						"type": "player",
						"advancements": {
							"redstone/trap_door": true
						}
					}
				}
			}
		},
		"tripwire_hook": {
			"trigger": "tick",
			"conditions": {
				"player": {
					"type_specific": {
						"type": "player",
						"advancements": {
							"redstone/tripwire_hook": true
						}
					}
				}
			}
		}
	}
}
