{
  "display": {
    "icon": {
      "id": "bedrock"
    },
    "title": {
      "translate": "advcollect.normal"
    },
    "description": {
      "translate": "advcollect.desc"
    },
    "show_toast": false,
    "announce_to_chat": false,
    "background": "textures/block/dirt.png"
  },
  "criteria": {
    "dirt": {
      "trigger": "inventory_changed",
      "conditions": {
        "items": [
          {
            "items": [
              "crafting_table"
            ]
          }
        ]
      }
    }
  }
}
