{
	"display": {
		"icon": {
			"id": "chest"
		},
		"title": {
			"translate": "adv.stat"
		},
		"description": {
			"translate": "adv.stat.desc"
		},
		"frame": "challenge"
	},
	"parent": "advcollect/root",
	"rewards": {
		"experience": 5000
	},
	"criteria": {
		"beef": {
			"trigger": "tick",
			"conditions": {
				"player": {
					"type_specific": {
						"type": "player",
						"advancements": {
							"stat/beef": true
						}
					}
				}
			}
		},
		"beef_2": {
			"trigger": "tick",
			"conditions": {
				"player": {
					"type_specific": {
						"type": "player",
						"advancements": {
							"stat/beef_2": true
						}
					}
				}
			}
		},
		"beef_3": {
			"trigger": "tick",
			"conditions": {
				"player": {
					"type_specific": {
						"type": "player",
						"advancements": {
							"stat/beef_3": true
						}
					}
				}
			}
		},
		"beef_4": {
			"trigger": "tick",
			"conditions": {
				"player": {
					"type_specific": {
						"type": "player",
						"advancements": {
							"stat/beef_4": true
						}
					}
				}
			}
		},
		"beef_5": {
			"trigger": "tick",
			"conditions": {
				"player": {
					"type_specific": {
						"type": "player",
						"advancements": {
							"stat/beef_5": true
						}
					}
				}
			}
		},
		"death": {
			"trigger": "tick",
			"conditions": {
				"player": {
					"type_specific": {
						"type": "player",
						"advancements": {
							"stat/death": true
						}
					}
				}
			}
		},
		"death_2": {
			"trigger": "tick",
			"conditions": {
				"player": {
					"type_specific": {
						"type": "player",
						"advancements": {
							"stat/death_2": true
						}
					}
				}
			}
		},
		"death_3": {
			"trigger": "tick",
			"conditions": {
				"player": {
					"type_specific": {
						"type": "player",
						"advancements": {
							"stat/death_3": true
						}
					}
				}
			}
		},
		"death_4": {
			"trigger": "tick",
			"conditions": {
				"player": {
					"type_specific": {
						"type": "player",
						"advancements": {
							"stat/death_4": true
						}
					}
				}
			}
		},
		"death_5": {
			"trigger": "tick",
			"conditions": {
				"player": {
					"type_specific": {
						"type": "player",
						"advancements": {
							"stat/death_5": true
						}
					}
				}
			}
		},
		"level_up": {
			"trigger": "tick",
			"conditions": {
				"player": {
					"type_specific": {
						"type": "player",
						"advancements": {
							"stat/level_up": true
						}
					}
				}
			}
		},
		"level_up_2": {
			"trigger": "tick",
			"conditions": {
				"player": {
					"type_specific": {
						"type": "player",
						"advancements": {
							"stat/level_up_2": true
						}
					}
				}
			}
		},
		"level_up_3": {
			"trigger": "tick",
			"conditions": {
				"player": {
					"type_specific": {
						"type": "player",
						"advancements": {
							"stat/level_up_3": true
						}
					}
				}
			}
		},
		"level_up_4": {
			"trigger": "tick",
			"conditions": {
				"player": {
					"type_specific": {
						"type": "player",
						"advancements": {
							"stat/level_up_4": true
						}
					}
				}
			}
		},
		"level_up_5": {
			"trigger": "tick",
			"conditions": {
				"player": {
					"type_specific": {
						"type": "player",
						"advancements": {
							"stat/level_up_5": true
						}
					}
				}
			}
		},
		"many_pickaxe": {
			"trigger": "tick",
			"conditions": {
				"player": {
					"type_specific": {
						"type": "player",
						"advancements": {
							"stat/many_pickaxe": true
						}
					}
				}
			}
		},
		"many_pickaxe_2": {
			"trigger": "tick",
			"conditions": {
				"player": {
					"type_specific": {
						"type": "player",
						"advancements": {
							"stat/many_pickaxe_2": true
						}
					}
				}
			}
		},
		"many_pickaxe_3": {
			"trigger": "tick",
			"conditions": {
				"player": {
					"type_specific": {
						"type": "player",
						"advancements": {
							"stat/many_pickaxe_3": true
						}
					}
				}
			}
		},
		"many_pickaxe_4": {
			"trigger": "tick",
			"conditions": {
				"player": {
					"type_specific": {
						"type": "player",
						"advancements": {
							"stat/many_pickaxe_4": true
						}
					}
				}
			}
		},
		"many_pickaxe_5": {
			"trigger": "tick",
			"conditions": {
				"player": {
					"type_specific": {
						"type": "player",
						"advancements": {
							"stat/many_pickaxe_5": true
						}
					}
				}
			}
		},
		"mine_wood": {
			"trigger": "tick",
			"conditions": {
				"player": {
					"type_specific": {
						"type": "player",
						"advancements": {
							"stat/mine_wood": true
						}
					}
				}
			}
		},
		"mine_wood_2": {
			"trigger": "tick",
			"conditions": {
				"player": {
					"type_specific": {
						"type": "player",
						"advancements": {
							"stat/mine_wood_2": true
						}
					}
				}
			}
		},
		"mine_wood_3": {
			"trigger": "tick",
			"conditions": {
				"player": {
					"type_specific": {
						"type": "player",
						"advancements": {
							"stat/mine_wood_3": true
						}
					}
				}
			}
		},
		"mine_wood_4": {
			"trigger": "tick",
			"conditions": {
				"player": {
					"type_specific": {
						"type": "player",
						"advancements": {
							"stat/mine_wood_4": true
						}
					}
				}
			}
		},
		"mine_wood_5": {
			"trigger": "tick",
			"conditions": {
				"player": {
					"type_specific": {
						"type": "player",
						"advancements": {
							"stat/mine_wood_5": true
						}
					}
				}
			}
		},
		"mob_kill": {
			"trigger": "tick",
			"conditions": {
				"player": {
					"type_specific": {
						"type": "player",
						"advancements": {
							"stat/mob_kill": true
						}
					}
				}
			}
		},
		"mob_kill_2": {
			"trigger": "tick",
			"conditions": {
				"player": {
					"type_specific": {
						"type": "player",
						"advancements": {
							"stat/mob_kill_2": true
						}
					}
				}
			}
		},
		"mob_kill_3": {
			"trigger": "tick",
			"conditions": {
				"player": {
					"type_specific": {
						"type": "player",
						"advancements": {
							"stat/mob_kill_3": true
						}
					}
				}
			}
		},
		"mob_kill_4": {
			"trigger": "tick",
			"conditions": {
				"player": {
					"type_specific": {
						"type": "player",
						"advancements": {
							"stat/mob_kill_4": true
						}
					}
				}
			}
		},
		"mob_kill_5": {
			"trigger": "tick",
			"conditions": {
				"player": {
					"type_specific": {
						"type": "player",
						"advancements": {
							"stat/mob_kill_5": true
						}
					}
				}
			}
		},
		"play_time": {
			"trigger": "tick",
			"conditions": {
				"player": {
					"type_specific": {
						"type": "player",
						"advancements": {
							"stat/play_time": true
						}
					}
				}
			}
		},
		"play_time_2": {
			"trigger": "tick",
			"conditions": {
				"player": {
					"type_specific": {
						"type": "player",
						"advancements": {
							"stat/play_time_2": true
						}
					}
				}
			}
		},
		"play_time_3": {
			"trigger": "tick",
			"conditions": {
				"player": {
					"type_specific": {
						"type": "player",
						"advancements": {
							"stat/play_time_3": true
						}
					}
				}
			}
		},
		"play_time_4": {
			"trigger": "tick",
			"conditions": {
				"player": {
					"type_specific": {
						"type": "player",
						"advancements": {
							"stat/play_time_4": true
						}
					}
				}
			}
		},
		"play_time_5": {
			"trigger": "tick",
			"conditions": {
				"player": {
					"type_specific": {
						"type": "player",
						"advancements": {
							"stat/play_time_5": true
						}
					}
				}
			}
		},
		"raid": {
			"trigger": "tick",
			"conditions": {
				"player": {
					"type_specific": {
						"type": "player",
						"advancements": {
							"stat/raid": true
						}
					}
				}
			}
		},
		"raid_2": {
			"trigger": "tick",
			"conditions": {
				"player": {
					"type_specific": {
						"type": "player",
						"advancements": {
							"stat/raid_2": true
						}
					}
				}
			}
		},
		"raid_3": {
			"trigger": "tick",
			"conditions": {
				"player": {
					"type_specific": {
						"type": "player",
						"advancements": {
							"stat/raid_3": true
						}
					}
				}
			}
		},
		"raid_4": {
			"trigger": "tick",
			"conditions": {
				"player": {
					"type_specific": {
						"type": "player",
						"advancements": {
							"stat/raid_4": true
						}
					}
				}
			}
		},
		"raid_5": {
			"trigger": "tick",
			"conditions": {
				"player": {
					"type_specific": {
						"type": "player",
						"advancements": {
							"stat/raid_5": true
						}
					}
				}
			}
		},
		"stat/root": {
			"trigger": "tick",
			"conditions": {
				"player": {
					"type_specific": {
						"type": "player",
						"advancements": {
							"stat/root": true
						}
					}
				}
			}
		},
		"stones": {
			"trigger": "tick",
			"conditions": {
				"player": {
					"type_specific": {
						"type": "player",
						"advancements": {
							"stat/stones": true
						}
					}
				}
			}
		},
		"stones_2": {
			"trigger": "tick",
			"conditions": {
				"player": {
					"type_specific": {
						"type": "player",
						"advancements": {
							"stat/stones_2": true
						}
					}
				}
			}
		},
		"stones_3": {
			"trigger": "tick",
			"conditions": {
				"player": {
					"type_specific": {
						"type": "player",
						"advancements": {
							"stat/stones_3": true
						}
					}
				}
			}
		},
		"stones_4": {
			"trigger": "tick",
			"conditions": {
				"player": {
					"type_specific": {
						"type": "player",
						"advancements": {
							"stat/stones_4": true
						}
					}
				}
			}
		},
		"stones_5": {
			"trigger": "tick",
			"conditions": {
				"player": {
					"type_specific": {
						"type": "player",
						"advancements": {
							"stat/stones_5": true
						}
					}
				}
			}
		},
		"survivor": {
			"trigger": "tick",
			"conditions": {
				"player": {
					"type_specific": {
						"type": "player",
						"advancements": {
							"stat/survivor": true
						}
					}
				}
			}
		},
		"survivor_2": {
			"trigger": "tick",
			"conditions": {
				"player": {
					"type_specific": {
						"type": "player",
						"advancements": {
							"stat/survivor_2": true
						}
					}
				}
			}
		},
		"survivor_3": {
			"trigger": "tick",
			"conditions": {
				"player": {
					"type_specific": {
						"type": "player",
						"advancements": {
							"stat/survivor_3": true
						}
					}
				}
			}
		},
		"trade": {
			"trigger": "tick",
			"conditions": {
				"player": {
					"type_specific": {
						"type": "player",
						"advancements": {
							"stat/trade": true
						}
					}
				}
			}
		},
		"trade_2": {
			"trigger": "tick",
			"conditions": {
				"player": {
					"type_specific": {
						"type": "player",
						"advancements": {
							"stat/trade_2": true
						}
					}
				}
			}
		},
		"trade_3": {
			"trigger": "tick",
			"conditions": {
				"player": {
					"type_specific": {
						"type": "player",
						"advancements": {
							"stat/trade_3": true
						}
					}
				}
			}
		},
		"walk": {
			"trigger": "tick",
			"conditions": {
				"player": {
					"type_specific": {
						"type": "player",
						"advancements": {
							"stat/walk": true
						}
					}
				}
			}
		},
		"walk_2": {
			"trigger": "tick",
			"conditions": {
				"player": {
					"type_specific": {
						"type": "player",
						"advancements": {
							"stat/walk_2": true
						}
					}
				}
			}
		},
		"walk_3": {
			"trigger": "tick",
			"conditions": {
				"player": {
					"type_specific": {
						"type": "player",
						"advancements": {
							"stat/walk_3": true
						}
					}
				}
			}
		},
		"walk_4": {
			"trigger": "tick",
			"conditions": {
				"player": {
					"type_specific": {
						"type": "player",
						"advancements": {
							"stat/walk_4": true
						}
					}
				}
			}
		},
		"walk_5": {
			"trigger": "tick",
			"conditions": {
				"player": {
					"type_specific": {
						"type": "player",
						"advancements": {
							"stat/walk_5": true
						}
					}
				}
			}
		}
	}
}
