{
	"display": {
		"icon": {
			"id": "grass_block"
		},
		"title": {
			"translate": "advancements.story.root.title"
		},
		"description": {
			"translate": "advancements.story.root.description"
		},
		"frame": "challenge"
	},
	"parent": "advcollect/stat",
	"rewards": {
		"experience": 5000
	},
	"criteria": {
		"all_dimensions": {
			"trigger": "tick",
			"conditions": {
				"player": {
					"type_specific": {
						"type": "player",
						"advancements": {
							"story/all_dimensions": true
						}
					}
				}
			}
		},
		"back_portal": {
			"trigger": "tick",
			"conditions": {
				"player": {
					"type_specific": {
						"type": "player",
						"advancements": {
							"story/back_portal": true
						}
					}
				}
			}
		},
		"block_damage": {
			"trigger": "tick",
			"conditions": {
				"player": {
					"type_specific": {
						"type": "player",
						"advancements": {
							"story/block_damage": true
						}
					}
				}
			}
		},
		"charcoal": {
			"trigger": "tick",
			"conditions": {
				"player": {
					"type_specific": {
						"type": "player",
						"advancements": {
							"story/charcoal": true
						}
					}
				}
			}
		},
		"coal": {
			"trigger": "tick",
			"conditions": {
				"player": {
					"type_specific": {
						"type": "player",
						"advancements": {
							"story/coal": true
						}
					}
				}
			}
		},
		"cure_zombie_villager": {
			"trigger": "tick",
			"conditions": {
				"player": {
					"type_specific": {
						"type": "player",
						"advancements": {
							"story/cure_zombie_villager": true
						}
					}
				}
			}
		},
		"deflect_arrow": {
			"trigger": "tick",
			"conditions": {
				"player": {
					"type_specific": {
						"type": "player",
						"advancements": {
							"story/deflect_arrow": true
						}
					}
				}
			}
		},
		"enchant_item": {
			"trigger": "tick",
			"conditions": {
				"player": {
					"type_specific": {
						"type": "player",
						"advancements": {
							"story/enchant_item": true
						}
					}
				}
			}
		},
		"enter_the_end": {
			"trigger": "tick",
			"conditions": {
				"player": {
					"type_specific": {
						"type": "player",
						"advancements": {
							"story/enter_the_end": true
						}
					}
				}
			}
		},
		"enter_the_nether": {
			"trigger": "tick",
			"conditions": {
				"player": {
					"type_specific": {
						"type": "player",
						"advancements": {
							"story/enter_the_nether": true
						}
					}
				}
			}
		},
		"first_night": {
			"trigger": "tick",
			"conditions": {
				"player": {
					"type_specific": {
						"type": "player",
						"advancements": {
							"story/first_night": true
						}
					}
				}
			}
		},
		"follow_ender_eye": {
			"trigger": "tick",
			"conditions": {
				"player": {
					"type_specific": {
						"type": "player",
						"advancements": {
							"story/follow_ender_eye": true
						}
					}
				}
			}
		},
		"form_obsidian": {
			"trigger": "tick",
			"conditions": {
				"player": {
					"type_specific": {
						"type": "player",
						"advancements": {
							"story/form_obsidian": true
						}
					}
				}
			}
		},
		"furnace": {
			"trigger": "tick",
			"conditions": {
				"player": {
					"type_specific": {
						"type": "player",
						"advancements": {
							"story/furnace": true
						}
					}
				}
			}
		},
		"gold": {
			"trigger": "tick",
			"conditions": {
				"player": {
					"type_specific": {
						"type": "player",
						"advancements": {
							"story/gold": true
						}
					}
				}
			}
		},
		"good_start": {
			"trigger": "tick",
			"conditions": {
				"player": {
					"type_specific": {
						"type": "player",
						"advancements": {
							"story/good_start": true
						}
					}
				}
			}
		},
		"iron_age": {
			"trigger": "tick",
			"conditions": {
				"player": {
					"type_specific": {
						"type": "player",
						"advancements": {
							"story/iron_age": true
						}
					}
				}
			}
		},
		"iron_tools": {
			"trigger": "tick",
			"conditions": {
				"player": {
					"type_specific": {
						"type": "player",
						"advancements": {
							"story/iron_tools": true
						}
					}
				}
			}
		},
		"lava_bucket": {
			"trigger": "tick",
			"conditions": {
				"player": {
					"type_specific": {
						"type": "player",
						"advancements": {
							"story/lava_bucket": true
						}
					}
				}
			}
		},
		"mine_diamond": {
			"trigger": "tick",
			"conditions": {
				"player": {
					"type_specific": {
						"type": "player",
						"advancements": {
							"story/mine_diamond": true
						}
					}
				}
			}
		},
		"mine_stone": {
			"trigger": "tick",
			"conditions": {
				"player": {
					"type_specific": {
						"type": "player",
						"advancements": {
							"story/mine_stone": true
						}
					}
				}
			}
		},
		"oak_log": {
			"trigger": "tick",
			"conditions": {
				"player": {
					"type_specific": {
						"type": "player",
						"advancements": {
							"story/oak_log": true
						}
					}
				}
			}
		},
		"obsidian_stack": {
			"trigger": "tick",
			"conditions": {
				"player": {
					"type_specific": {
						"type": "player",
						"advancements": {
							"story/obsidian_stack": true
						}
					}
				}
			}
		},
		"obtain_armor": {
			"trigger": "tick",
			"conditions": {
				"player": {
					"type_specific": {
						"type": "player",
						"advancements": {
							"story/obtain_armor": true
						}
					}
				}
			}
		},
		"redstone_dust": {
			"trigger": "tick",
			"conditions": {
				"player": {
					"type_specific": {
						"type": "player",
						"advancements": {
							"story/redstone_dust": true
						}
					}
				}
			}
		},
		"shield": {
			"trigger": "tick",
			"conditions": {
				"player": {
					"type_specific": {
						"type": "player",
						"advancements": {
							"story/shield": true
						}
					}
				}
			}
		},
		"shiny_gear": {
			"trigger": "tick",
			"conditions": {
				"player": {
					"type_specific": {
						"type": "player",
						"advancements": {
							"story/shiny_gear": true
						}
					}
				}
			}
		},
		"smelt_iron": {
			"trigger": "tick",
			"conditions": {
				"player": {
					"type_specific": {
						"type": "player",
						"advancements": {
							"story/smelt_iron": true
						}
					}
				}
			}
		},
		"time_to_build": {
			"trigger": "tick",
			"conditions": {
				"player": {
					"type_specific": {
						"type": "player",
						"advancements": {
							"story/time_to_build": true
						}
					}
				}
			}
		},
		"upgrade_tools": {
			"trigger": "tick",
			"conditions": {
				"player": {
					"type_specific": {
						"type": "player",
						"advancements": {
							"story/upgrade_tools": true
						}
					}
				}
			}
		},
		"workbench": {
			"trigger": "tick",
			"conditions": {
				"player": {
					"type_specific": {
						"type": "player",
						"advancements": {
							"story/workbench": true
						}
					}
				}
			}
		},
		"story/root": {
			"trigger": "tick",
			"conditions": {
				"player": {
					"type_specific": {
						"type": "player",
						"advancements": {
							"story/root": true
						}
					}
				}
			}
		}
	}
}
