{
	"display": {
		"icon": {
			"id": "iron_pickaxe"
		},
		"title": {
			"translate": "adv.tools"
		},
		"description": {
			"translate": "adv.tools.desc"
		},
		"frame": "challenge"
	},
	"parent": "advcollect/root",
	"rewards": {
		"experience": 5000
	},
	"criteria": {
		"axe": {
			"trigger": "tick",
			"conditions": {
				"player": {
					"type_specific": {
						"type": "player",
						"advancements": {
							"tools/axe": true
						}
					}
				}
			}
		},
		"axe_tools": {
			"trigger": "tick",
			"conditions": {
				"player": {
					"type_specific": {
						"type": "player",
						"advancements": {
							"tools/axe_tools": true
						}
					}
				}
			}
		},
		"bow": {
			"trigger": "tick",
			"conditions": {
				"player": {
					"type_specific": {
						"type": "player",
						"advancements": {
							"tools/bow": true
						}
					}
				}
			}
		},
		"break_first_tool": {
			"trigger": "tick",
			"conditions": {
				"player": {
					"type_specific": {
						"type": "player",
						"advancements": {
							"tools/break_first_tool": true
						}
					}
				}
			}
		},
		"break_gold_tool": {
			"trigger": "tick",
			"conditions": {
				"player": {
					"type_specific": {
						"type": "player",
						"advancements": {
							"tools/break_gold_tool": true
						}
					}
				}
			}
		},
		"carrot_on_a_stick": {
			"trigger": "tick",
			"conditions": {
				"player": {
					"type_specific": {
						"type": "player",
						"advancements": {
							"tools/carrot_on_a_stick": true
						}
					}
				}
			}
		},
		"chainmail_armor": {
			"trigger": "tick",
			"conditions": {
				"player": {
					"type_specific": {
						"type": "player",
						"advancements": {
							"tools/chainmail_armor": true
						}
					}
				}
			}
		},
		"chainmail_armor_full": {
			"trigger": "tick",
			"conditions": {
				"player": {
					"type_specific": {
						"type": "player",
						"advancements": {
							"tools/chainmail_armor_full": true
						}
					}
				}
			}
		},
		"crossbow": {
			"trigger": "tick",
			"conditions": {
				"player": {
					"type_specific": {
						"type": "player",
						"advancements": {
							"tools/crossbow": true
						}
					}
				}
			}
		},
		"diamond_armor_full": {
			"trigger": "tick",
			"conditions": {
				"player": {
					"type_specific": {
						"type": "player",
						"advancements": {
							"tools/diamond_armor_full": true
						}
					}
				}
			}
		},
		"diamond_pickaxe": {
			"trigger": "tick",
			"conditions": {
				"player": {
					"type_specific": {
						"type": "player",
						"advancements": {
							"tools/diamond_pickaxe": true
						}
					}
				}
			}
		},
		"diamond_sword": {
			"trigger": "tick",
			"conditions": {
				"player": {
					"type_specific": {
						"type": "player",
						"advancements": {
							"tools/diamond_sword": true
						}
					}
				}
			}
		},
		"direct_block": {
			"trigger": "tick",
			"conditions": {
				"player": {
					"type_specific": {
						"type": "player",
						"advancements": {
							"tools/direct_block": true
						}
					}
				}
			}
		},
		"fishing_rod": {
			"trigger": "tick",
			"conditions": {
				"player": {
					"type_specific": {
						"type": "player",
						"advancements": {
							"tools/fishing_rod": true
						}
					}
				}
			}
		},
		"fishing_rod_junk": {
			"trigger": "tick",
			"conditions": {
				"player": {
					"type_specific": {
						"type": "player",
						"advancements": {
							"tools/fishing_rod_junk": true
						}
					}
				}
			}
		},
		"fishing_rod_treasure": {
			"trigger": "tick",
			"conditions": {
				"player": {
					"type_specific": {
						"type": "player",
						"advancements": {
							"tools/fishing_rod_treasure": true
						}
					}
				}
			}
		},
		"flint_and_steel": {
			"trigger": "tick",
			"conditions": {
				"player": {
					"type_specific": {
						"type": "player",
						"advancements": {
							"tools/flint_and_steel": true
						}
					}
				}
			}
		},
		"gaozhiyin": {
			"trigger": "tick",
			"conditions": {
				"player": {
					"type_specific": {
						"type": "player",
						"advancements": {
							"tools/gaozhiyin": true
						}
					}
				}
			}
		},
		"golden_armor_full": {
			"trigger": "tick",
			"conditions": {
				"player": {
					"type_specific": {
						"type": "player",
						"advancements": {
							"tools/golden_armor_full": true
						}
					}
				}
			}
		},
		"golden_pickaxe": {
			"trigger": "tick",
			"conditions": {
				"player": {
					"type_specific": {
						"type": "player",
						"advancements": {
							"tools/golden_pickaxe": true
						}
					}
				}
			}
		},
		"golden_tools": {
			"trigger": "tick",
			"conditions": {
				"player": {
					"type_specific": {
						"type": "player",
						"advancements": {
							"tools/golden_tools": true
						}
					}
				}
			}
		},
		"hoe": {
			"trigger": "tick",
			"conditions": {
				"player": {
					"type_specific": {
						"type": "player",
						"advancements": {
							"tools/hoe": true
						}
					}
				}
			}
		},
		"horse_armor": {
			"trigger": "tick",
			"conditions": {
				"player": {
					"type_specific": {
						"type": "player",
						"advancements": {
							"tools/horse_armor": true
						}
					}
				}
			}
		},
		"incorrect_bow": {
			"trigger": "tick",
			"conditions": {
				"player": {
					"type_specific": {
						"type": "player",
						"advancements": {
							"tools/incorrect_bow": true
						}
					}
				}
			}
		},
		"incorrect_splash": {
			"trigger": "tick",
			"conditions": {
				"player": {
					"type_specific": {
						"type": "player",
						"advancements": {
							"tools/incorrect_splash": true
						}
					}
				}
			}
		},
		"iron_armor_full": {
			"trigger": "tick",
			"conditions": {
				"player": {
					"type_specific": {
						"type": "player",
						"advancements": {
							"tools/iron_armor_full": true
						}
					}
				}
			}
		},
		"iron_helmet_craft": {
			"trigger": "tick",
			"conditions": {
				"player": {
					"type_specific": {
						"type": "player",
						"advancements": {
							"tools/iron_helmet_craft": true
						}
					}
				}
			}
		},
		"iron_sword": {
			"trigger": "tick",
			"conditions": {
				"player": {
					"type_specific": {
						"type": "player",
						"advancements": {
							"tools/iron_sword": true
						}
					}
				}
			}
		},
		"is_empty": {
			"trigger": "tick",
			"conditions": {
				"player": {
					"type_specific": {
						"type": "player",
						"advancements": {
							"tools/is_empty": true
						}
					}
				}
			}
		},
		"knowledge_is_power": {
			"trigger": "tick",
			"conditions": {
				"player": {
					"type_specific": {
						"type": "player",
						"advancements": {
							"tools/knowledge_is_power": true
						}
					}
				}
			}
		},
		"leather_armor": {
			"trigger": "tick",
			"conditions": {
				"player": {
					"type_specific": {
						"type": "player",
						"advancements": {
							"tools/leather_armor": true
						}
					}
				}
			}
		},
		"leather_armor_full": {
			"trigger": "tick",
			"conditions": {
				"player": {
					"type_specific": {
						"type": "player",
						"advancements": {
							"tools/leather_armor_full": true
						}
					}
				}
			}
		},
		"mace": {
			"trigger": "tick",
			"conditions": {
				"player": {
					"type_specific": {
						"type": "player",
						"advancements": {
							"tools/mace": true
						}
					}
				}
			}
		},
		"physical_burn": {
			"trigger": "tick",
			"conditions": {
				"player": {
					"type_specific": {
						"type": "player",
						"advancements": {
							"tools/physical_burn": true
						}
					}
				}
			}
		},
		"pickaxe": {
			"trigger": "tick",
			"conditions": {
				"player": {
					"type_specific": {
						"type": "player",
						"advancements": {
							"tools/pickaxe": true
						}
					}
				}
			}
		},
		"pickaxe_tools": {
			"trigger": "tick",
			"conditions": {
				"player": {
					"type_specific": {
						"type": "player",
						"advancements": {
							"tools/pickaxe_tools": true
						}
					}
				}
			}
		},
		"poached_eggs": {
			"trigger": "tick",
			"conditions": {
				"player": {
					"type_specific": {
						"type": "player",
						"advancements": {
							"tools/poached_eggs": true
						}
					}
				}
			}
		},
		"pvz": {
			"trigger": "tick",
			"conditions": {
				"player": {
					"type_specific": {
						"type": "player",
						"advancements": {
							"tools/pvz": true
						}
					}
				}
			}
		},
		"tools/root": {
			"trigger": "tick",
			"conditions": {
				"player": {
					"type_specific": {
						"type": "player",
						"advancements": {
							"tools/root": true
						}
					}
				}
			}
		},
		"saddle": {
			"trigger": "tick",
			"conditions": {
				"player": {
					"type_specific": {
						"type": "player",
						"advancements": {
							"tools/saddle": true
						}
					}
				}
			}
		},
		"shear_attack": {
			"trigger": "tick",
			"conditions": {
				"player": {
					"type_specific": {
						"type": "player",
						"advancements": {
							"tools/shear_attack": true
						}
					}
				}
			}
		},
		"stone_tools": {
			"trigger": "tick",
			"conditions": {
				"player": {
					"type_specific": {
						"type": "player",
						"advancements": {
							"tools/stone_tools": true
						}
					}
				}
			}
		},
		"sword": {
			"trigger": "tick",
			"conditions": {
				"player": {
					"type_specific": {
						"type": "player",
						"advancements": {
							"tools/sword": true
						}
					}
				}
			}
		},
		"trident": {
			"trigger": "tick",
			"conditions": {
				"player": {
					"type_specific": {
						"type": "player",
						"advancements": {
							"tools/trident": true
						}
					}
				}
			}
		},
		"turtle_helmet": {
			"trigger": "tick",
			"conditions": {
				"player": {
					"type_specific": {
						"type": "player",
						"advancements": {
							"tools/turtle_helmet": true
						}
					}
				}
			}
		},
		"viking": {
			"trigger": "tick",
			"conditions": {
				"player": {
					"type_specific": {
						"type": "player",
						"advancements": {
							"tools/viking": true
						}
					}
				}
			}
		},
		"warped_fungus_on_a_stick": {
			"trigger": "tick",
			"conditions": {
				"player": {
					"type_specific": {
						"type": "player",
						"advancements": {
							"tools/warped_fungus_on_a_stick": true
						}
					}
				}
			}
		},
		"wind_charge": {
			"trigger": "tick",
			"conditions": {
				"player": {
					"type_specific": {
						"type": "player",
						"advancements": {
							"tools/wind_charge": true
						}
					}
				}
			}
		},
		"wolf_armor": {
			"trigger": "tick",
			"conditions": {
				"player": {
					"type_specific": {
						"type": "player",
						"advancements": {
							"tools/wolf_armor": true
						}
					}
				}
			}
		},
		"wooden_tools": {
			"trigger": "tick",
			"conditions": {
				"player": {
					"type_specific": {
						"type": "player",
						"advancements": {
							"tools/wooden_tools": true
						}
					}
				}
			}
		}
	}
}
